project,detector,file,function,info,found_in_audit
zksolid-paper/benchmarks/aes-circom/aes_256_ctr_test,uc-inputs,aes_256_ctr.circom,AES256CTR,ctr[1..128],Yes
zksolid-paper/benchmarks/aes-circom/aes_256_ctr_test,uc-outputs,aes_emulation.circom,EmulatedAesencSubstituteBytes,out[0..16],Yes
zksolid-paper/benchmarks/aes-circom/aes_256_ctr_test,uc-subcmp-inputs,aes_256_encrypt.circom,AES256Encrypt,bits2num_1[0..208].in[0..8],Yes
zksolid-paper/benchmarks/aes-circom/aes_256_ctr_test,uc-subcmp-inputs,aes_256_encrypt.circom,AES256Encrypt,num2bits_1[0..208].in,Yes
zksolid-paper/benchmarks/aes-circom/aes_256_ctr_test,uc-subcmp-outputs,aes_256_ctr.circom,AES256CTR,aes_256_encrypt_1[0].out[1..128],Yes
zksolid-paper/benchmarks/aes-circom/aes_256_ctr_test,uc-subcmp-outputs,aes_256_encrypt.circom,AES256Encrypt,xor_1[0..128].out,Yes
zksolid-paper/benchmarks/aes-circom/aes_256_ctr_test,uc-subcmp-outputs,aes_256_encrypt.circom,AES256Encrypt,xor_3[0..1536].out,Yes
zksolid-paper/benchmarks/aes-circom/aes_256_ctr_test,wit-constr-diff,aes_256_encrypt.circom,AES256Encrypt,bits2num_1[0].out:num2bits_1[0].in,Yes
zksolid-paper/benchmarks/aes-circom/aes_256_ctr_test,wit-constr-diff,aes_256_encrypt.circom,AES256Encrypt,bits2num_1[100].out:num2bits_1[100].in,Yes
zksolid-paper/benchmarks/aes-circom/aes_256_ctr_test,wit-constr-diff,aes_256_encrypt.circom,AES256Encrypt,bits2num_1[101].out:num2bits_1[101].in,Yes
zksolid-paper/benchmarks/aes-circom/aes_256_ctr_test,wit-constr-diff,aes_256_encrypt.circom,AES256Encrypt,bits2num_1[102].out:num2bits_1[102].in,Yes
zksolid-paper/benchmarks/aes-circom/aes_256_ctr_test,wit-constr-diff,aes_256_encrypt.circom,AES256Encrypt,bits2num_1[103].out:num2bits_1[103].in,Yes
zksolid-paper/benchmarks/aes-circom/aes_256_ctr_test,wit-constr-diff,aes_256_encrypt.circom,AES256Encrypt,bits2num_1[104].out:num2bits_1[104].in,Yes
zksolid-paper/benchmarks/aes-circom/aes_256_ctr_test,wit-constr-diff,aes_256_encrypt.circom,AES256Encrypt,bits2num_1[105].out:num2bits_1[105].in,Yes
zksolid-paper/benchmarks/aes-circom/aes_256_ctr_test,wit-constr-diff,aes_256_encrypt.circom,AES256Encrypt,bits2num_1[106].out:num2bits_1[106].in,Yes
zksolid-paper/benchmarks/aes-circom/aes_256_ctr_test,wit-constr-diff,aes_256_encrypt.circom,AES256Encrypt,bits2num_1[107].out:num2bits_1[107].in,Yes
zksolid-paper/benchmarks/aes-circom/aes_256_ctr_test,wit-constr-diff,aes_256_encrypt.circom,AES256Encrypt,bits2num_1[108].out:num2bits_1[108].in,Yes
zksolid-paper/benchmarks/aes-circom/aes_256_ctr_test,wit-constr-diff,aes_256_encrypt.circom,AES256Encrypt,bits2num_1[109].out:num2bits_1[109].in,Yes
zksolid-paper/benchmarks/aes-circom/aes_256_ctr_test,wit-constr-diff,aes_256_encrypt.circom,AES256Encrypt,bits2num_1[10].out:num2bits_1[10].in,Yes
zksolid-paper/benchmarks/aes-circom/aes_256_ctr_test,wit-constr-diff,aes_256_encrypt.circom,AES256Encrypt,bits2num_1[110].out:num2bits_1[110].in,Yes
zksolid-paper/benchmarks/aes-circom/aes_256_ctr_test,wit-constr-diff,aes_256_encrypt.circom,AES256Encrypt,bits2num_1[111].out:num2bits_1[111].in,Yes
zksolid-paper/benchmarks/aes-circom/aes_256_ctr_test,wit-constr-diff,aes_256_encrypt.circom,AES256Encrypt,bits2num_1[112].out:num2bits_1[112].in,Yes
zksolid-paper/benchmarks/aes-circom/aes_256_ctr_test,wit-constr-diff,aes_256_encrypt.circom,AES256Encrypt,bits2num_1[113].out:num2bits_1[113].in,Yes
zksolid-paper/benchmarks/aes-circom/aes_256_ctr_test,wit-constr-diff,aes_256_encrypt.circom,AES256Encrypt,bits2num_1[114].out:num2bits_1[114].in,Yes
zksolid-paper/benchmarks/aes-circom/aes_256_ctr_test,wit-constr-diff,aes_256_encrypt.circom,AES256Encrypt,bits2num_1[115].out:num2bits_1[115].in,Yes
zksolid-paper/benchmarks/aes-circom/aes_256_ctr_test,wit-constr-diff,aes_256_encrypt.circom,AES256Encrypt,bits2num_1[116].out:num2bits_1[116].in,Yes
zksolid-paper/benchmarks/aes-circom/aes_256_ctr_test,wit-constr-diff,aes_256_encrypt.circom,AES256Encrypt,bits2num_1[117].out:num2bits_1[117].in,Yes
zksolid-paper/benchmarks/aes-circom/aes_256_ctr_test,wit-constr-diff,aes_256_encrypt.circom,AES256Encrypt,bits2num_1[118].out:num2bits_1[118].in,Yes
zksolid-paper/benchmarks/aes-circom/aes_256_ctr_test,wit-constr-diff,aes_256_encrypt.circom,AES256Encrypt,bits2num_1[119].out:num2bits_1[119].in,Yes
zksolid-paper/benchmarks/aes-circom/aes_256_ctr_test,wit-constr-diff,aes_256_encrypt.circom,AES256Encrypt,bits2num_1[11].out:num2bits_1[11].in,Yes
zksolid-paper/benchmarks/aes-circom/aes_256_ctr_test,wit-constr-diff,aes_256_encrypt.circom,AES256Encrypt,bits2num_1[120].out:num2bits_1[120].in,Yes
zksolid-paper/benchmarks/aes-circom/aes_256_ctr_test,wit-constr-diff,aes_256_encrypt.circom,AES256Encrypt,bits2num_1[121].out:num2bits_1[121].in,Yes
zksolid-paper/benchmarks/aes-circom/aes_256_ctr_test,wit-constr-diff,aes_256_encrypt.circom,AES256Encrypt,bits2num_1[122].out:num2bits_1[122].in,Yes
zksolid-paper/benchmarks/aes-circom/aes_256_ctr_test,wit-constr-diff,aes_256_encrypt.circom,AES256Encrypt,bits2num_1[123].out:num2bits_1[123].in,Yes
zksolid-paper/benchmarks/aes-circom/aes_256_ctr_test,wit-constr-diff,aes_256_encrypt.circom,AES256Encrypt,bits2num_1[124].out:num2bits_1[124].in,Yes
zksolid-paper/benchmarks/aes-circom/aes_256_ctr_test,wit-constr-diff,aes_256_encrypt.circom,AES256Encrypt,bits2num_1[125].out:num2bits_1[125].in,Yes
zksolid-paper/benchmarks/aes-circom/aes_256_ctr_test,wit-constr-diff,aes_256_encrypt.circom,AES256Encrypt,bits2num_1[126].out:num2bits_1[126].in,Yes
zksolid-paper/benchmarks/aes-circom/aes_256_ctr_test,wit-constr-diff,aes_256_encrypt.circom,AES256Encrypt,bits2num_1[127].out:num2bits_1[127].in,Yes
zksolid-paper/benchmarks/aes-circom/aes_256_ctr_test,wit-constr-diff,aes_256_encrypt.circom,AES256Encrypt,bits2num_1[128].out:num2bits_1[128].in,Yes
zksolid-paper/benchmarks/aes-circom/aes_256_ctr_test,wit-constr-diff,aes_256_encrypt.circom,AES256Encrypt,bits2num_1[129].out:num2bits_1[129].in,Yes
zksolid-paper/benchmarks/aes-circom/aes_256_ctr_test,wit-constr-diff,aes_256_encrypt.circom,AES256Encrypt,bits2num_1[12].out:num2bits_1[12].in,Yes
zksolid-paper/benchmarks/aes-circom/aes_256_ctr_test,wit-constr-diff,aes_256_encrypt.circom,AES256Encrypt,bits2num_1[130].out:num2bits_1[130].in,Yes
zksolid-paper/benchmarks/aes-circom/aes_256_ctr_test,wit-constr-diff,aes_256_encrypt.circom,AES256Encrypt,bits2num_1[131].out:num2bits_1[131].in,Yes
zksolid-paper/benchmarks/aes-circom/aes_256_ctr_test,wit-constr-diff,aes_256_encrypt.circom,AES256Encrypt,bits2num_1[132].out:num2bits_1[132].in,Yes
zksolid-paper/benchmarks/aes-circom/aes_256_ctr_test,wit-constr-diff,aes_256_encrypt.circom,AES256Encrypt,bits2num_1[133].out:num2bits_1[133].in,Yes
zksolid-paper/benchmarks/aes-circom/aes_256_ctr_test,wit-constr-diff,aes_256_encrypt.circom,AES256Encrypt,bits2num_1[134].out:num2bits_1[134].in,Yes
zksolid-paper/benchmarks/aes-circom/aes_256_ctr_test,wit-constr-diff,aes_256_encrypt.circom,AES256Encrypt,bits2num_1[135].out:num2bits_1[135].in,Yes
zksolid-paper/benchmarks/aes-circom/aes_256_ctr_test,wit-constr-diff,aes_256_encrypt.circom,AES256Encrypt,bits2num_1[136].out:num2bits_1[136].in,Yes
zksolid-paper/benchmarks/aes-circom/aes_256_ctr_test,wit-constr-diff,aes_256_encrypt.circom,AES256Encrypt,bits2num_1[137].out:num2bits_1[137].in,Yes
zksolid-paper/benchmarks/aes-circom/aes_256_ctr_test,wit-constr-diff,aes_256_encrypt.circom,AES256Encrypt,bits2num_1[138].out:num2bits_1[138].in,Yes
zksolid-paper/benchmarks/aes-circom/aes_256_ctr_test,wit-constr-diff,aes_256_encrypt.circom,AES256Encrypt,bits2num_1[139].out:num2bits_1[139].in,Yes
zksolid-paper/benchmarks/aes-circom/aes_256_ctr_test,wit-constr-diff,aes_256_encrypt.circom,AES256Encrypt,bits2num_1[13].out:num2bits_1[13].in,Yes
zksolid-paper/benchmarks/aes-circom/aes_256_ctr_test,wit-constr-diff,aes_256_encrypt.circom,AES256Encrypt,bits2num_1[140].out:num2bits_1[140].in,Yes
zksolid-paper/benchmarks/aes-circom/aes_256_ctr_test,wit-constr-diff,aes_256_encrypt.circom,AES256Encrypt,bits2num_1[141].out:num2bits_1[141].in,Yes
zksolid-paper/benchmarks/aes-circom/aes_256_ctr_test,wit-constr-diff,aes_256_encrypt.circom,AES256Encrypt,bits2num_1[142].out:num2bits_1[142].in,Yes
zksolid-paper/benchmarks/aes-circom/aes_256_ctr_test,wit-constr-diff,aes_256_encrypt.circom,AES256Encrypt,bits2num_1[143].out:num2bits_1[143].in,Yes
zksolid-paper/benchmarks/aes-circom/aes_256_ctr_test,wit-constr-diff,aes_256_encrypt.circom,AES256Encrypt,bits2num_1[144].out:num2bits_1[144].in,Yes
zksolid-paper/benchmarks/aes-circom/aes_256_ctr_test,wit-constr-diff,aes_256_encrypt.circom,AES256Encrypt,bits2num_1[145].out:num2bits_1[145].in,Yes
zksolid-paper/benchmarks/aes-circom/aes_256_ctr_test,wit-constr-diff,aes_256_encrypt.circom,AES256Encrypt,bits2num_1[146].out:num2bits_1[146].in,Yes
zksolid-paper/benchmarks/aes-circom/aes_256_ctr_test,wit-constr-diff,aes_256_encrypt.circom,AES256Encrypt,bits2num_1[147].out:num2bits_1[147].in,Yes
zksolid-paper/benchmarks/aes-circom/aes_256_ctr_test,wit-constr-diff,aes_256_encrypt.circom,AES256Encrypt,bits2num_1[148].out:num2bits_1[148].in,Yes
zksolid-paper/benchmarks/aes-circom/aes_256_ctr_test,wit-constr-diff,aes_256_encrypt.circom,AES256Encrypt,bits2num_1[149].out:num2bits_1[149].in,Yes
zksolid-paper/benchmarks/aes-circom/aes_256_ctr_test,wit-constr-diff,aes_256_encrypt.circom,AES256Encrypt,bits2num_1[14].out:num2bits_1[14].in,Yes
zksolid-paper/benchmarks/aes-circom/aes_256_ctr_test,wit-constr-diff,aes_256_encrypt.circom,AES256Encrypt,bits2num_1[150].out:num2bits_1[150].in,Yes
zksolid-paper/benchmarks/aes-circom/aes_256_ctr_test,wit-constr-diff,aes_256_encrypt.circom,AES256Encrypt,bits2num_1[151].out:num2bits_1[151].in,Yes
zksolid-paper/benchmarks/aes-circom/aes_256_ctr_test,wit-constr-diff,aes_256_encrypt.circom,AES256Encrypt,bits2num_1[152].out:num2bits_1[152].in,Yes
zksolid-paper/benchmarks/aes-circom/aes_256_ctr_test,wit-constr-diff,aes_256_encrypt.circom,AES256Encrypt,bits2num_1[153].out:num2bits_1[153].in,Yes
zksolid-paper/benchmarks/aes-circom/aes_256_ctr_test,wit-constr-diff,aes_256_encrypt.circom,AES256Encrypt,bits2num_1[154].out:num2bits_1[154].in,Yes
zksolid-paper/benchmarks/aes-circom/aes_256_ctr_test,wit-constr-diff,aes_256_encrypt.circom,AES256Encrypt,bits2num_1[155].out:num2bits_1[155].in,Yes
zksolid-paper/benchmarks/aes-circom/aes_256_ctr_test,wit-constr-diff,aes_256_encrypt.circom,AES256Encrypt,bits2num_1[156].out:num2bits_1[156].in,Yes
zksolid-paper/benchmarks/aes-circom/aes_256_ctr_test,wit-constr-diff,aes_256_encrypt.circom,AES256Encrypt,bits2num_1[157].out:num2bits_1[157].in,Yes
zksolid-paper/benchmarks/aes-circom/aes_256_ctr_test,wit-constr-diff,aes_256_encrypt.circom,AES256Encrypt,bits2num_1[158].out:num2bits_1[158].in,Yes
zksolid-paper/benchmarks/aes-circom/aes_256_ctr_test,wit-constr-diff,aes_256_encrypt.circom,AES256Encrypt,bits2num_1[159].out:num2bits_1[159].in,Yes
zksolid-paper/benchmarks/aes-circom/aes_256_ctr_test,wit-constr-diff,aes_256_encrypt.circom,AES256Encrypt,bits2num_1[15].out:num2bits_1[15].in,Yes
zksolid-paper/benchmarks/aes-circom/aes_256_ctr_test,wit-constr-diff,aes_256_encrypt.circom,AES256Encrypt,bits2num_1[160].out:num2bits_1[160].in,Yes
zksolid-paper/benchmarks/aes-circom/aes_256_ctr_test,wit-constr-diff,aes_256_encrypt.circom,AES256Encrypt,bits2num_1[161].out:num2bits_1[161].in,Yes
zksolid-paper/benchmarks/aes-circom/aes_256_ctr_test,wit-constr-diff,aes_256_encrypt.circom,AES256Encrypt,bits2num_1[162].out:num2bits_1[162].in,Yes
zksolid-paper/benchmarks/aes-circom/aes_256_ctr_test,wit-constr-diff,aes_256_encrypt.circom,AES256Encrypt,bits2num_1[163].out:num2bits_1[163].in,Yes
zksolid-paper/benchmarks/aes-circom/aes_256_ctr_test,wit-constr-diff,aes_256_encrypt.circom,AES256Encrypt,bits2num_1[164].out:num2bits_1[164].in,Yes
zksolid-paper/benchmarks/aes-circom/aes_256_ctr_test,wit-constr-diff,aes_256_encrypt.circom,AES256Encrypt,bits2num_1[165].out:num2bits_1[165].in,Yes
zksolid-paper/benchmarks/aes-circom/aes_256_ctr_test,wit-constr-diff,aes_256_encrypt.circom,AES256Encrypt,bits2num_1[166].out:num2bits_1[166].in,Yes
zksolid-paper/benchmarks/aes-circom/aes_256_ctr_test,wit-constr-diff,aes_256_encrypt.circom,AES256Encrypt,bits2num_1[167].out:num2bits_1[167].in,Yes
zksolid-paper/benchmarks/aes-circom/aes_256_ctr_test,wit-constr-diff,aes_256_encrypt.circom,AES256Encrypt,bits2num_1[168].out:num2bits_1[168].in,Yes
zksolid-paper/benchmarks/aes-circom/aes_256_ctr_test,wit-constr-diff,aes_256_encrypt.circom,AES256Encrypt,bits2num_1[169].out:num2bits_1[169].in,Yes
zksolid-paper/benchmarks/aes-circom/aes_256_ctr_test,wit-constr-diff,aes_256_encrypt.circom,AES256Encrypt,bits2num_1[16].out:num2bits_1[16].in,Yes
zksolid-paper/benchmarks/aes-circom/aes_256_ctr_test,wit-constr-diff,aes_256_encrypt.circom,AES256Encrypt,bits2num_1[170].out:num2bits_1[170].in,Yes
zksolid-paper/benchmarks/aes-circom/aes_256_ctr_test,wit-constr-diff,aes_256_encrypt.circom,AES256Encrypt,bits2num_1[171].out:num2bits_1[171].in,Yes
zksolid-paper/benchmarks/aes-circom/aes_256_ctr_test,wit-constr-diff,aes_256_encrypt.circom,AES256Encrypt,bits2num_1[172].out:num2bits_1[172].in,Yes
zksolid-paper/benchmarks/aes-circom/aes_256_ctr_test,wit-constr-diff,aes_256_encrypt.circom,AES256Encrypt,bits2num_1[173].out:num2bits_1[173].in,Yes
zksolid-paper/benchmarks/aes-circom/aes_256_ctr_test,wit-constr-diff,aes_256_encrypt.circom,AES256Encrypt,bits2num_1[174].out:num2bits_1[174].in,Yes
zksolid-paper/benchmarks/aes-circom/aes_256_ctr_test,wit-constr-diff,aes_256_encrypt.circom,AES256Encrypt,bits2num_1[175].out:num2bits_1[175].in,Yes
zksolid-paper/benchmarks/aes-circom/aes_256_ctr_test,wit-constr-diff,aes_256_encrypt.circom,AES256Encrypt,bits2num_1[176].out:num2bits_1[176].in,Yes
zksolid-paper/benchmarks/aes-circom/aes_256_ctr_test,wit-constr-diff,aes_256_encrypt.circom,AES256Encrypt,bits2num_1[177].out:num2bits_1[177].in,Yes
zksolid-paper/benchmarks/aes-circom/aes_256_ctr_test,wit-constr-diff,aes_256_encrypt.circom,AES256Encrypt,bits2num_1[178].out:num2bits_1[178].in,Yes
zksolid-paper/benchmarks/aes-circom/aes_256_ctr_test,wit-constr-diff,aes_256_encrypt.circom,AES256Encrypt,bits2num_1[179].out:num2bits_1[179].in,Yes
zksolid-paper/benchmarks/aes-circom/aes_256_ctr_test,wit-constr-diff,aes_256_encrypt.circom,AES256Encrypt,bits2num_1[17].out:num2bits_1[17].in,Yes
zksolid-paper/benchmarks/aes-circom/aes_256_ctr_test,wit-constr-diff,aes_256_encrypt.circom,AES256Encrypt,bits2num_1[180].out:num2bits_1[180].in,Yes
zksolid-paper/benchmarks/aes-circom/aes_256_ctr_test,wit-constr-diff,aes_256_encrypt.circom,AES256Encrypt,bits2num_1[181].out:num2bits_1[181].in,Yes
zksolid-paper/benchmarks/aes-circom/aes_256_ctr_test,wit-constr-diff,aes_256_encrypt.circom,AES256Encrypt,bits2num_1[182].out:num2bits_1[182].in,Yes
zksolid-paper/benchmarks/aes-circom/aes_256_ctr_test,wit-constr-diff,aes_256_encrypt.circom,AES256Encrypt,bits2num_1[183].out:num2bits_1[183].in,Yes
zksolid-paper/benchmarks/aes-circom/aes_256_ctr_test,wit-constr-diff,aes_256_encrypt.circom,AES256Encrypt,bits2num_1[184].out:num2bits_1[184].in,Yes
zksolid-paper/benchmarks/aes-circom/aes_256_ctr_test,wit-constr-diff,aes_256_encrypt.circom,AES256Encrypt,bits2num_1[185].out:num2bits_1[185].in,Yes
zksolid-paper/benchmarks/aes-circom/aes_256_ctr_test,wit-constr-diff,aes_256_encrypt.circom,AES256Encrypt,bits2num_1[186].out:num2bits_1[186].in,Yes
zksolid-paper/benchmarks/aes-circom/aes_256_ctr_test,wit-constr-diff,aes_256_encrypt.circom,AES256Encrypt,bits2num_1[187].out:num2bits_1[187].in,Yes
zksolid-paper/benchmarks/aes-circom/aes_256_ctr_test,wit-constr-diff,aes_256_encrypt.circom,AES256Encrypt,bits2num_1[188].out:num2bits_1[188].in,Yes
zksolid-paper/benchmarks/aes-circom/aes_256_ctr_test,wit-constr-diff,aes_256_encrypt.circom,AES256Encrypt,bits2num_1[189].out:num2bits_1[189].in,Yes
zksolid-paper/benchmarks/aes-circom/aes_256_ctr_test,wit-constr-diff,aes_256_encrypt.circom,AES256Encrypt,bits2num_1[18].out:num2bits_1[18].in,Yes
zksolid-paper/benchmarks/aes-circom/aes_256_ctr_test,wit-constr-diff,aes_256_encrypt.circom,AES256Encrypt,bits2num_1[190].out:num2bits_1[190].in,Yes
zksolid-paper/benchmarks/aes-circom/aes_256_ctr_test,wit-constr-diff,aes_256_encrypt.circom,AES256Encrypt,bits2num_1[191].out:num2bits_1[191].in,Yes
zksolid-paper/benchmarks/aes-circom/aes_256_ctr_test,wit-constr-diff,aes_256_encrypt.circom,AES256Encrypt,bits2num_1[192].out:num2bits_1[192].in,Yes
zksolid-paper/benchmarks/aes-circom/aes_256_ctr_test,wit-constr-diff,aes_256_encrypt.circom,AES256Encrypt,bits2num_1[193].out:num2bits_1[193].in,Yes
zksolid-paper/benchmarks/aes-circom/aes_256_ctr_test,wit-constr-diff,aes_256_encrypt.circom,AES256Encrypt,bits2num_1[194].out:num2bits_1[194].in,Yes
zksolid-paper/benchmarks/aes-circom/aes_256_ctr_test,wit-constr-diff,aes_256_encrypt.circom,AES256Encrypt,bits2num_1[195].out:num2bits_1[195].in,Yes
zksolid-paper/benchmarks/aes-circom/aes_256_ctr_test,wit-constr-diff,aes_256_encrypt.circom,AES256Encrypt,bits2num_1[196].out:num2bits_1[196].in,Yes
zksolid-paper/benchmarks/aes-circom/aes_256_ctr_test,wit-constr-diff,aes_256_encrypt.circom,AES256Encrypt,bits2num_1[197].out:num2bits_1[197].in,Yes
zksolid-paper/benchmarks/aes-circom/aes_256_ctr_test,wit-constr-diff,aes_256_encrypt.circom,AES256Encrypt,bits2num_1[198].out:num2bits_1[198].in,Yes
zksolid-paper/benchmarks/aes-circom/aes_256_ctr_test,wit-constr-diff,aes_256_encrypt.circom,AES256Encrypt,bits2num_1[199].out:num2bits_1[199].in,Yes
zksolid-paper/benchmarks/aes-circom/aes_256_ctr_test,wit-constr-diff,aes_256_encrypt.circom,AES256Encrypt,bits2num_1[19].out:num2bits_1[19].in,Yes
zksolid-paper/benchmarks/aes-circom/aes_256_ctr_test,wit-constr-diff,aes_256_encrypt.circom,AES256Encrypt,bits2num_1[1].out:num2bits_1[1].in,Yes
zksolid-paper/benchmarks/aes-circom/aes_256_ctr_test,wit-constr-diff,aes_256_encrypt.circom,AES256Encrypt,bits2num_1[200].out:num2bits_1[200].in,Yes
zksolid-paper/benchmarks/aes-circom/aes_256_ctr_test,wit-constr-diff,aes_256_encrypt.circom,AES256Encrypt,bits2num_1[201].out:num2bits_1[201].in,Yes
zksolid-paper/benchmarks/aes-circom/aes_256_ctr_test,wit-constr-diff,aes_256_encrypt.circom,AES256Encrypt,bits2num_1[202].out:num2bits_1[202].in,Yes
zksolid-paper/benchmarks/aes-circom/aes_256_ctr_test,wit-constr-diff,aes_256_encrypt.circom,AES256Encrypt,bits2num_1[203].out:num2bits_1[203].in,Yes
zksolid-paper/benchmarks/aes-circom/aes_256_ctr_test,wit-constr-diff,aes_256_encrypt.circom,AES256Encrypt,bits2num_1[204].out:num2bits_1[204].in,Yes
zksolid-paper/benchmarks/aes-circom/aes_256_ctr_test,wit-constr-diff,aes_256_encrypt.circom,AES256Encrypt,bits2num_1[205].out:num2bits_1[205].in,Yes
zksolid-paper/benchmarks/aes-circom/aes_256_ctr_test,wit-constr-diff,aes_256_encrypt.circom,AES256Encrypt,bits2num_1[206].out:num2bits_1[206].in,Yes
zksolid-paper/benchmarks/aes-circom/aes_256_ctr_test,wit-constr-diff,aes_256_encrypt.circom,AES256Encrypt,bits2num_1[207].out:num2bits_1[207].in,Yes
zksolid-paper/benchmarks/aes-circom/aes_256_ctr_test,wit-constr-diff,aes_256_encrypt.circom,AES256Encrypt,bits2num_1[20].out:num2bits_1[20].in,Yes
zksolid-paper/benchmarks/aes-circom/aes_256_ctr_test,wit-constr-diff,aes_256_encrypt.circom,AES256Encrypt,bits2num_1[21].out:num2bits_1[21].in,Yes
zksolid-paper/benchmarks/aes-circom/aes_256_ctr_test,wit-constr-diff,aes_256_encrypt.circom,AES256Encrypt,bits2num_1[22].out:num2bits_1[22].in,Yes
zksolid-paper/benchmarks/aes-circom/aes_256_ctr_test,wit-constr-diff,aes_256_encrypt.circom,AES256Encrypt,bits2num_1[23].out:num2bits_1[23].in,Yes
zksolid-paper/benchmarks/aes-circom/aes_256_ctr_test,wit-constr-diff,aes_256_encrypt.circom,AES256Encrypt,bits2num_1[24].out:num2bits_1[24].in,Yes
zksolid-paper/benchmarks/aes-circom/aes_256_ctr_test,wit-constr-diff,aes_256_encrypt.circom,AES256Encrypt,bits2num_1[25].out:num2bits_1[25].in,Yes
zksolid-paper/benchmarks/aes-circom/aes_256_ctr_test,wit-constr-diff,aes_256_encrypt.circom,AES256Encrypt,bits2num_1[26].out:num2bits_1[26].in,Yes
zksolid-paper/benchmarks/aes-circom/aes_256_ctr_test,wit-constr-diff,aes_256_encrypt.circom,AES256Encrypt,bits2num_1[27].out:num2bits_1[27].in,Yes
zksolid-paper/benchmarks/aes-circom/aes_256_ctr_test,wit-constr-diff,aes_256_encrypt.circom,AES256Encrypt,bits2num_1[28].out:num2bits_1[28].in,Yes
zksolid-paper/benchmarks/aes-circom/aes_256_ctr_test,wit-constr-diff,aes_256_encrypt.circom,AES256Encrypt,bits2num_1[29].out:num2bits_1[29].in,Yes
zksolid-paper/benchmarks/aes-circom/aes_256_ctr_test,wit-constr-diff,aes_256_encrypt.circom,AES256Encrypt,bits2num_1[2].out:num2bits_1[2].in,Yes
zksolid-paper/benchmarks/aes-circom/aes_256_ctr_test,wit-constr-diff,aes_256_encrypt.circom,AES256Encrypt,bits2num_1[30].out:num2bits_1[30].in,Yes
zksolid-paper/benchmarks/aes-circom/aes_256_ctr_test,wit-constr-diff,aes_256_encrypt.circom,AES256Encrypt,bits2num_1[31].out:num2bits_1[31].in,Yes
zksolid-paper/benchmarks/aes-circom/aes_256_ctr_test,wit-constr-diff,aes_256_encrypt.circom,AES256Encrypt,bits2num_1[32].out:num2bits_1[32].in,Yes
zksolid-paper/benchmarks/aes-circom/aes_256_ctr_test,wit-constr-diff,aes_256_encrypt.circom,AES256Encrypt,bits2num_1[33].out:num2bits_1[33].in,Yes
zksolid-paper/benchmarks/aes-circom/aes_256_ctr_test,wit-constr-diff,aes_256_encrypt.circom,AES256Encrypt,bits2num_1[34].out:num2bits_1[34].in,Yes
zksolid-paper/benchmarks/aes-circom/aes_256_ctr_test,wit-constr-diff,aes_256_encrypt.circom,AES256Encrypt,bits2num_1[35].out:num2bits_1[35].in,Yes
zksolid-paper/benchmarks/aes-circom/aes_256_ctr_test,wit-constr-diff,aes_256_encrypt.circom,AES256Encrypt,bits2num_1[36].out:num2bits_1[36].in,Yes
zksolid-paper/benchmarks/aes-circom/aes_256_ctr_test,wit-constr-diff,aes_256_encrypt.circom,AES256Encrypt,bits2num_1[37].out:num2bits_1[37].in,Yes
zksolid-paper/benchmarks/aes-circom/aes_256_ctr_test,wit-constr-diff,aes_256_encrypt.circom,AES256Encrypt,bits2num_1[38].out:num2bits_1[38].in,Yes
zksolid-paper/benchmarks/aes-circom/aes_256_ctr_test,wit-constr-diff,aes_256_encrypt.circom,AES256Encrypt,bits2num_1[39].out:num2bits_1[39].in,Yes
zksolid-paper/benchmarks/aes-circom/aes_256_ctr_test,wit-constr-diff,aes_256_encrypt.circom,AES256Encrypt,bits2num_1[3].out:num2bits_1[3].in,Yes
zksolid-paper/benchmarks/aes-circom/aes_256_ctr_test,wit-constr-diff,aes_256_encrypt.circom,AES256Encrypt,bits2num_1[40].out:num2bits_1[40].in,Yes
zksolid-paper/benchmarks/aes-circom/aes_256_ctr_test,wit-constr-diff,aes_256_encrypt.circom,AES256Encrypt,bits2num_1[41].out:num2bits_1[41].in,Yes
zksolid-paper/benchmarks/aes-circom/aes_256_ctr_test,wit-constr-diff,aes_256_encrypt.circom,AES256Encrypt,bits2num_1[42].out:num2bits_1[42].in,Yes
zksolid-paper/benchmarks/aes-circom/aes_256_ctr_test,wit-constr-diff,aes_256_encrypt.circom,AES256Encrypt,bits2num_1[43].out:num2bits_1[43].in,Yes
zksolid-paper/benchmarks/aes-circom/aes_256_ctr_test,wit-constr-diff,aes_256_encrypt.circom,AES256Encrypt,bits2num_1[44].out:num2bits_1[44].in,Yes
zksolid-paper/benchmarks/aes-circom/aes_256_ctr_test,wit-constr-diff,aes_256_encrypt.circom,AES256Encrypt,bits2num_1[45].out:num2bits_1[45].in,Yes
zksolid-paper/benchmarks/aes-circom/aes_256_ctr_test,wit-constr-diff,aes_256_encrypt.circom,AES256Encrypt,bits2num_1[46].out:num2bits_1[46].in,Yes
zksolid-paper/benchmarks/aes-circom/aes_256_ctr_test,wit-constr-diff,aes_256_encrypt.circom,AES256Encrypt,bits2num_1[47].out:num2bits_1[47].in,Yes
zksolid-paper/benchmarks/aes-circom/aes_256_ctr_test,wit-constr-diff,aes_256_encrypt.circom,AES256Encrypt,bits2num_1[48].out:num2bits_1[48].in,Yes
zksolid-paper/benchmarks/aes-circom/aes_256_ctr_test,wit-constr-diff,aes_256_encrypt.circom,AES256Encrypt,bits2num_1[49].out:num2bits_1[49].in,Yes
zksolid-paper/benchmarks/aes-circom/aes_256_ctr_test,wit-constr-diff,aes_256_encrypt.circom,AES256Encrypt,bits2num_1[4].out:num2bits_1[4].in,Yes
zksolid-paper/benchmarks/aes-circom/aes_256_ctr_test,wit-constr-diff,aes_256_encrypt.circom,AES256Encrypt,bits2num_1[50].out:num2bits_1[50].in,Yes
zksolid-paper/benchmarks/aes-circom/aes_256_ctr_test,wit-constr-diff,aes_256_encrypt.circom,AES256Encrypt,bits2num_1[51].out:num2bits_1[51].in,Yes
zksolid-paper/benchmarks/aes-circom/aes_256_ctr_test,wit-constr-diff,aes_256_encrypt.circom,AES256Encrypt,bits2num_1[52].out:num2bits_1[52].in,Yes
zksolid-paper/benchmarks/aes-circom/aes_256_ctr_test,wit-constr-diff,aes_256_encrypt.circom,AES256Encrypt,bits2num_1[53].out:num2bits_1[53].in,Yes
zksolid-paper/benchmarks/aes-circom/aes_256_ctr_test,wit-constr-diff,aes_256_encrypt.circom,AES256Encrypt,bits2num_1[54].out:num2bits_1[54].in,Yes
zksolid-paper/benchmarks/aes-circom/aes_256_ctr_test,wit-constr-diff,aes_256_encrypt.circom,AES256Encrypt,bits2num_1[55].out:num2bits_1[55].in,Yes
zksolid-paper/benchmarks/aes-circom/aes_256_ctr_test,wit-constr-diff,aes_256_encrypt.circom,AES256Encrypt,bits2num_1[56].out:num2bits_1[56].in,Yes
zksolid-paper/benchmarks/aes-circom/aes_256_ctr_test,wit-constr-diff,aes_256_encrypt.circom,AES256Encrypt,bits2num_1[57].out:num2bits_1[57].in,Yes
zksolid-paper/benchmarks/aes-circom/aes_256_ctr_test,wit-constr-diff,aes_256_encrypt.circom,AES256Encrypt,bits2num_1[58].out:num2bits_1[58].in,Yes
zksolid-paper/benchmarks/aes-circom/aes_256_ctr_test,wit-constr-diff,aes_256_encrypt.circom,AES256Encrypt,bits2num_1[59].out:num2bits_1[59].in,Yes
zksolid-paper/benchmarks/aes-circom/aes_256_ctr_test,wit-constr-diff,aes_256_encrypt.circom,AES256Encrypt,bits2num_1[5].out:num2bits_1[5].in,Yes
zksolid-paper/benchmarks/aes-circom/aes_256_ctr_test,wit-constr-diff,aes_256_encrypt.circom,AES256Encrypt,bits2num_1[60].out:num2bits_1[60].in,Yes
zksolid-paper/benchmarks/aes-circom/aes_256_ctr_test,wit-constr-diff,aes_256_encrypt.circom,AES256Encrypt,bits2num_1[61].out:num2bits_1[61].in,Yes
zksolid-paper/benchmarks/aes-circom/aes_256_ctr_test,wit-constr-diff,aes_256_encrypt.circom,AES256Encrypt,bits2num_1[62].out:num2bits_1[62].in,Yes
zksolid-paper/benchmarks/aes-circom/aes_256_ctr_test,wit-constr-diff,aes_256_encrypt.circom,AES256Encrypt,bits2num_1[63].out:num2bits_1[63].in,Yes
zksolid-paper/benchmarks/aes-circom/aes_256_ctr_test,wit-constr-diff,aes_256_encrypt.circom,AES256Encrypt,bits2num_1[64].out:num2bits_1[64].in,Yes
zksolid-paper/benchmarks/aes-circom/aes_256_ctr_test,wit-constr-diff,aes_256_encrypt.circom,AES256Encrypt,bits2num_1[65].out:num2bits_1[65].in,Yes
zksolid-paper/benchmarks/aes-circom/aes_256_ctr_test,wit-constr-diff,aes_256_encrypt.circom,AES256Encrypt,bits2num_1[66].out:num2bits_1[66].in,Yes
zksolid-paper/benchmarks/aes-circom/aes_256_ctr_test,wit-constr-diff,aes_256_encrypt.circom,AES256Encrypt,bits2num_1[67].out:num2bits_1[67].in,Yes
zksolid-paper/benchmarks/aes-circom/aes_256_ctr_test,wit-constr-diff,aes_256_encrypt.circom,AES256Encrypt,bits2num_1[68].out:num2bits_1[68].in,Yes
zksolid-paper/benchmarks/aes-circom/aes_256_ctr_test,wit-constr-diff,aes_256_encrypt.circom,AES256Encrypt,bits2num_1[69].out:num2bits_1[69].in,Yes
zksolid-paper/benchmarks/aes-circom/aes_256_ctr_test,wit-constr-diff,aes_256_encrypt.circom,AES256Encrypt,bits2num_1[6].out:num2bits_1[6].in,Yes
zksolid-paper/benchmarks/aes-circom/aes_256_ctr_test,wit-constr-diff,aes_256_encrypt.circom,AES256Encrypt,bits2num_1[70].out:num2bits_1[70].in,Yes
zksolid-paper/benchmarks/aes-circom/aes_256_ctr_test,wit-constr-diff,aes_256_encrypt.circom,AES256Encrypt,bits2num_1[71].out:num2bits_1[71].in,Yes
zksolid-paper/benchmarks/aes-circom/aes_256_ctr_test,wit-constr-diff,aes_256_encrypt.circom,AES256Encrypt,bits2num_1[72].out:num2bits_1[72].in,Yes
zksolid-paper/benchmarks/aes-circom/aes_256_ctr_test,wit-constr-diff,aes_256_encrypt.circom,AES256Encrypt,bits2num_1[73].out:num2bits_1[73].in,Yes
zksolid-paper/benchmarks/aes-circom/aes_256_ctr_test,wit-constr-diff,aes_256_encrypt.circom,AES256Encrypt,bits2num_1[74].out:num2bits_1[74].in,Yes
zksolid-paper/benchmarks/aes-circom/aes_256_ctr_test,wit-constr-diff,aes_256_encrypt.circom,AES256Encrypt,bits2num_1[75].out:num2bits_1[75].in,Yes
zksolid-paper/benchmarks/aes-circom/aes_256_ctr_test,wit-constr-diff,aes_256_encrypt.circom,AES256Encrypt,bits2num_1[76].out:num2bits_1[76].in,Yes
zksolid-paper/benchmarks/aes-circom/aes_256_ctr_test,wit-constr-diff,aes_256_encrypt.circom,AES256Encrypt,bits2num_1[77].out:num2bits_1[77].in,Yes
zksolid-paper/benchmarks/aes-circom/aes_256_ctr_test,wit-constr-diff,aes_256_encrypt.circom,AES256Encrypt,bits2num_1[78].out:num2bits_1[78].in,Yes
zksolid-paper/benchmarks/aes-circom/aes_256_ctr_test,wit-constr-diff,aes_256_encrypt.circom,AES256Encrypt,bits2num_1[79].out:num2bits_1[79].in,Yes
zksolid-paper/benchmarks/aes-circom/aes_256_ctr_test,wit-constr-diff,aes_256_encrypt.circom,AES256Encrypt,bits2num_1[7].out:num2bits_1[7].in,Yes
zksolid-paper/benchmarks/aes-circom/aes_256_ctr_test,wit-constr-diff,aes_256_encrypt.circom,AES256Encrypt,bits2num_1[80].out:num2bits_1[80].in,Yes
zksolid-paper/benchmarks/aes-circom/aes_256_ctr_test,wit-constr-diff,aes_256_encrypt.circom,AES256Encrypt,bits2num_1[81].out:num2bits_1[81].in,Yes
zksolid-paper/benchmarks/aes-circom/aes_256_ctr_test,wit-constr-diff,aes_256_encrypt.circom,AES256Encrypt,bits2num_1[82].out:num2bits_1[82].in,Yes
zksolid-paper/benchmarks/aes-circom/aes_256_ctr_test,wit-constr-diff,aes_256_encrypt.circom,AES256Encrypt,bits2num_1[83].out:num2bits_1[83].in,Yes
zksolid-paper/benchmarks/aes-circom/aes_256_ctr_test,wit-constr-diff,aes_256_encrypt.circom,AES256Encrypt,bits2num_1[84].out:num2bits_1[84].in,Yes
zksolid-paper/benchmarks/aes-circom/aes_256_ctr_test,wit-constr-diff,aes_256_encrypt.circom,AES256Encrypt,bits2num_1[85].out:num2bits_1[85].in,Yes
zksolid-paper/benchmarks/aes-circom/aes_256_ctr_test,wit-constr-diff,aes_256_encrypt.circom,AES256Encrypt,bits2num_1[86].out:num2bits_1[86].in,Yes
zksolid-paper/benchmarks/aes-circom/aes_256_ctr_test,wit-constr-diff,aes_256_encrypt.circom,AES256Encrypt,bits2num_1[87].out:num2bits_1[87].in,Yes
zksolid-paper/benchmarks/aes-circom/aes_256_ctr_test,wit-constr-diff,aes_256_encrypt.circom,AES256Encrypt,bits2num_1[88].out:num2bits_1[88].in,Yes
zksolid-paper/benchmarks/aes-circom/aes_256_ctr_test,wit-constr-diff,aes_256_encrypt.circom,AES256Encrypt,bits2num_1[89].out:num2bits_1[89].in,Yes
zksolid-paper/benchmarks/aes-circom/aes_256_ctr_test,wit-constr-diff,aes_256_encrypt.circom,AES256Encrypt,bits2num_1[8].out:num2bits_1[8].in,Yes
zksolid-paper/benchmarks/aes-circom/aes_256_ctr_test,wit-constr-diff,aes_256_encrypt.circom,AES256Encrypt,bits2num_1[90].out:num2bits_1[90].in,Yes
zksolid-paper/benchmarks/aes-circom/aes_256_ctr_test,wit-constr-diff,aes_256_encrypt.circom,AES256Encrypt,bits2num_1[91].out:num2bits_1[91].in,Yes
zksolid-paper/benchmarks/aes-circom/aes_256_ctr_test,wit-constr-diff,aes_256_encrypt.circom,AES256Encrypt,bits2num_1[92].out:num2bits_1[92].in,Yes
zksolid-paper/benchmarks/aes-circom/aes_256_ctr_test,wit-constr-diff,aes_256_encrypt.circom,AES256Encrypt,bits2num_1[93].out:num2bits_1[93].in,Yes
zksolid-paper/benchmarks/aes-circom/aes_256_ctr_test,wit-constr-diff,aes_256_encrypt.circom,AES256Encrypt,bits2num_1[94].out:num2bits_1[94].in,Yes
zksolid-paper/benchmarks/aes-circom/aes_256_ctr_test,wit-constr-diff,aes_256_encrypt.circom,AES256Encrypt,bits2num_1[95].out:num2bits_1[95].in,Yes
zksolid-paper/benchmarks/aes-circom/aes_256_ctr_test,wit-constr-diff,aes_256_encrypt.circom,AES256Encrypt,bits2num_1[96].out:num2bits_1[96].in,Yes
zksolid-paper/benchmarks/aes-circom/aes_256_ctr_test,wit-constr-diff,aes_256_encrypt.circom,AES256Encrypt,bits2num_1[97].out:num2bits_1[97].in,Yes
zksolid-paper/benchmarks/aes-circom/aes_256_ctr_test,wit-constr-diff,aes_256_encrypt.circom,AES256Encrypt,bits2num_1[98].out:num2bits_1[98].in,Yes
zksolid-paper/benchmarks/aes-circom/aes_256_ctr_test,wit-constr-diff,aes_256_encrypt.circom,AES256Encrypt,bits2num_1[99].out:num2bits_1[99].in,Yes
zksolid-paper/benchmarks/aes-circom/aes_256_ctr_test,wit-constr-diff,aes_256_encrypt.circom,AES256Encrypt,bits2num_1[9].out:num2bits_1[9].in,Yes
zksolid-paper/benchmarks/aes-circom/aes_256_ctr_test,wit-constr-diff,aes_emulation.circom,EmulatedAesencSubstituteBytes,in[0]:out[0],Yes
zksolid-paper/benchmarks/aes-circom/aes_256_ctr_test,wit-constr-diff,aes_emulation.circom,EmulatedAesencSubstituteBytes,in[10]:out[10],Yes
zksolid-paper/benchmarks/aes-circom/aes_256_ctr_test,wit-constr-diff,aes_emulation.circom,EmulatedAesencSubstituteBytes,in[11]:out[11],Yes
zksolid-paper/benchmarks/aes-circom/aes_256_ctr_test,wit-constr-diff,aes_emulation.circom,EmulatedAesencSubstituteBytes,in[12]:out[12],Yes
zksolid-paper/benchmarks/aes-circom/aes_256_ctr_test,wit-constr-diff,aes_emulation.circom,EmulatedAesencSubstituteBytes,in[13]:out[13],Yes
zksolid-paper/benchmarks/aes-circom/aes_256_ctr_test,wit-constr-diff,aes_emulation.circom,EmulatedAesencSubstituteBytes,in[14]:out[14],Yes
zksolid-paper/benchmarks/aes-circom/aes_256_ctr_test,wit-constr-diff,aes_emulation.circom,EmulatedAesencSubstituteBytes,in[15]:out[15],Yes
zksolid-paper/benchmarks/aes-circom/aes_256_ctr_test,wit-constr-diff,aes_emulation.circom,EmulatedAesencSubstituteBytes,in[1]:out[1],Yes
zksolid-paper/benchmarks/aes-circom/aes_256_ctr_test,wit-constr-diff,aes_emulation.circom,EmulatedAesencSubstituteBytes,in[2]:out[2],Yes
zksolid-paper/benchmarks/aes-circom/aes_256_ctr_test,wit-constr-diff,aes_emulation.circom,EmulatedAesencSubstituteBytes,in[3]:out[3],Yes
zksolid-paper/benchmarks/aes-circom/aes_256_ctr_test,wit-constr-diff,aes_emulation.circom,EmulatedAesencSubstituteBytes,in[4]:out[4],Yes
zksolid-paper/benchmarks/aes-circom/aes_256_ctr_test,wit-constr-diff,aes_emulation.circom,EmulatedAesencSubstituteBytes,in[5]:out[5],Yes
zksolid-paper/benchmarks/aes-circom/aes_256_ctr_test,wit-constr-diff,aes_emulation.circom,EmulatedAesencSubstituteBytes,in[6]:out[6],Yes
zksolid-paper/benchmarks/aes-circom/aes_256_ctr_test,wit-constr-diff,aes_emulation.circom,EmulatedAesencSubstituteBytes,in[7]:out[7],Yes
zksolid-paper/benchmarks/aes-circom/aes_256_ctr_test,wit-constr-diff,aes_emulation.circom,EmulatedAesencSubstituteBytes,in[8]:out[8],Yes
zksolid-paper/benchmarks/aes-circom/aes_256_ctr_test,wit-constr-diff,aes_emulation.circom,EmulatedAesencSubstituteBytes,in[9]:out[9],Yes
zksolid-paper/benchmarks/aes-circom/aes_256_encrypt_test,uc-outputs,aes_emulation.circom,EmulatedAesencSubstituteBytes,out[0..16],Yes
zksolid-paper/benchmarks/aes-circom/aes_256_encrypt_test,uc-subcmp-inputs,aes_256_encrypt.circom,AES256Encrypt,bits2num_1[0..208].in[0..8],Yes
zksolid-paper/benchmarks/aes-circom/aes_256_encrypt_test,uc-subcmp-inputs,aes_256_encrypt.circom,AES256Encrypt,num2bits_1[0..208].in,Yes
zksolid-paper/benchmarks/aes-circom/aes_256_encrypt_test,uc-subcmp-outputs,aes_256_encrypt.circom,AES256Encrypt,xor_1[0..128].out,Yes
zksolid-paper/benchmarks/aes-circom/aes_256_encrypt_test,uc-subcmp-outputs,aes_256_encrypt.circom,AES256Encrypt,xor_3[0..1536].out,Yes
zksolid-paper/benchmarks/aes-circom/aes_256_encrypt_test,wit-constr-diff,aes_256_encrypt.circom,AES256Encrypt,bits2num_1[0].out:num2bits_1[0].in,Yes
zksolid-paper/benchmarks/aes-circom/aes_256_encrypt_test,wit-constr-diff,aes_256_encrypt.circom,AES256Encrypt,bits2num_1[100].out:num2bits_1[100].in,Yes
zksolid-paper/benchmarks/aes-circom/aes_256_encrypt_test,wit-constr-diff,aes_256_encrypt.circom,AES256Encrypt,bits2num_1[101].out:num2bits_1[101].in,Yes
zksolid-paper/benchmarks/aes-circom/aes_256_encrypt_test,wit-constr-diff,aes_256_encrypt.circom,AES256Encrypt,bits2num_1[102].out:num2bits_1[102].in,Yes
zksolid-paper/benchmarks/aes-circom/aes_256_encrypt_test,wit-constr-diff,aes_256_encrypt.circom,AES256Encrypt,bits2num_1[103].out:num2bits_1[103].in,Yes
zksolid-paper/benchmarks/aes-circom/aes_256_encrypt_test,wit-constr-diff,aes_256_encrypt.circom,AES256Encrypt,bits2num_1[104].out:num2bits_1[104].in,Yes
zksolid-paper/benchmarks/aes-circom/aes_256_encrypt_test,wit-constr-diff,aes_256_encrypt.circom,AES256Encrypt,bits2num_1[105].out:num2bits_1[105].in,Yes
zksolid-paper/benchmarks/aes-circom/aes_256_encrypt_test,wit-constr-diff,aes_256_encrypt.circom,AES256Encrypt,bits2num_1[106].out:num2bits_1[106].in,Yes
zksolid-paper/benchmarks/aes-circom/aes_256_encrypt_test,wit-constr-diff,aes_256_encrypt.circom,AES256Encrypt,bits2num_1[107].out:num2bits_1[107].in,Yes
zksolid-paper/benchmarks/aes-circom/aes_256_encrypt_test,wit-constr-diff,aes_256_encrypt.circom,AES256Encrypt,bits2num_1[108].out:num2bits_1[108].in,Yes
zksolid-paper/benchmarks/aes-circom/aes_256_encrypt_test,wit-constr-diff,aes_256_encrypt.circom,AES256Encrypt,bits2num_1[109].out:num2bits_1[109].in,Yes
zksolid-paper/benchmarks/aes-circom/aes_256_encrypt_test,wit-constr-diff,aes_256_encrypt.circom,AES256Encrypt,bits2num_1[10].out:num2bits_1[10].in,Yes
zksolid-paper/benchmarks/aes-circom/aes_256_encrypt_test,wit-constr-diff,aes_256_encrypt.circom,AES256Encrypt,bits2num_1[110].out:num2bits_1[110].in,Yes
zksolid-paper/benchmarks/aes-circom/aes_256_encrypt_test,wit-constr-diff,aes_256_encrypt.circom,AES256Encrypt,bits2num_1[111].out:num2bits_1[111].in,Yes
zksolid-paper/benchmarks/aes-circom/aes_256_encrypt_test,wit-constr-diff,aes_256_encrypt.circom,AES256Encrypt,bits2num_1[112].out:num2bits_1[112].in,Yes
zksolid-paper/benchmarks/aes-circom/aes_256_encrypt_test,wit-constr-diff,aes_256_encrypt.circom,AES256Encrypt,bits2num_1[113].out:num2bits_1[113].in,Yes
zksolid-paper/benchmarks/aes-circom/aes_256_encrypt_test,wit-constr-diff,aes_256_encrypt.circom,AES256Encrypt,bits2num_1[114].out:num2bits_1[114].in,Yes
zksolid-paper/benchmarks/aes-circom/aes_256_encrypt_test,wit-constr-diff,aes_256_encrypt.circom,AES256Encrypt,bits2num_1[115].out:num2bits_1[115].in,Yes
zksolid-paper/benchmarks/aes-circom/aes_256_encrypt_test,wit-constr-diff,aes_256_encrypt.circom,AES256Encrypt,bits2num_1[116].out:num2bits_1[116].in,Yes
zksolid-paper/benchmarks/aes-circom/aes_256_encrypt_test,wit-constr-diff,aes_256_encrypt.circom,AES256Encrypt,bits2num_1[117].out:num2bits_1[117].in,Yes
zksolid-paper/benchmarks/aes-circom/aes_256_encrypt_test,wit-constr-diff,aes_256_encrypt.circom,AES256Encrypt,bits2num_1[118].out:num2bits_1[118].in,Yes
zksolid-paper/benchmarks/aes-circom/aes_256_encrypt_test,wit-constr-diff,aes_256_encrypt.circom,AES256Encrypt,bits2num_1[119].out:num2bits_1[119].in,Yes
zksolid-paper/benchmarks/aes-circom/aes_256_encrypt_test,wit-constr-diff,aes_256_encrypt.circom,AES256Encrypt,bits2num_1[11].out:num2bits_1[11].in,Yes
zksolid-paper/benchmarks/aes-circom/aes_256_encrypt_test,wit-constr-diff,aes_256_encrypt.circom,AES256Encrypt,bits2num_1[120].out:num2bits_1[120].in,Yes
zksolid-paper/benchmarks/aes-circom/aes_256_encrypt_test,wit-constr-diff,aes_256_encrypt.circom,AES256Encrypt,bits2num_1[121].out:num2bits_1[121].in,Yes
zksolid-paper/benchmarks/aes-circom/aes_256_encrypt_test,wit-constr-diff,aes_256_encrypt.circom,AES256Encrypt,bits2num_1[122].out:num2bits_1[122].in,Yes
zksolid-paper/benchmarks/aes-circom/aes_256_encrypt_test,wit-constr-diff,aes_256_encrypt.circom,AES256Encrypt,bits2num_1[123].out:num2bits_1[123].in,Yes
zksolid-paper/benchmarks/aes-circom/aes_256_encrypt_test,wit-constr-diff,aes_256_encrypt.circom,AES256Encrypt,bits2num_1[124].out:num2bits_1[124].in,Yes
zksolid-paper/benchmarks/aes-circom/aes_256_encrypt_test,wit-constr-diff,aes_256_encrypt.circom,AES256Encrypt,bits2num_1[125].out:num2bits_1[125].in,Yes
zksolid-paper/benchmarks/aes-circom/aes_256_encrypt_test,wit-constr-diff,aes_256_encrypt.circom,AES256Encrypt,bits2num_1[126].out:num2bits_1[126].in,Yes
zksolid-paper/benchmarks/aes-circom/aes_256_encrypt_test,wit-constr-diff,aes_256_encrypt.circom,AES256Encrypt,bits2num_1[127].out:num2bits_1[127].in,Yes
zksolid-paper/benchmarks/aes-circom/aes_256_encrypt_test,wit-constr-diff,aes_256_encrypt.circom,AES256Encrypt,bits2num_1[128].out:num2bits_1[128].in,Yes
zksolid-paper/benchmarks/aes-circom/aes_256_encrypt_test,wit-constr-diff,aes_256_encrypt.circom,AES256Encrypt,bits2num_1[129].out:num2bits_1[129].in,Yes
zksolid-paper/benchmarks/aes-circom/aes_256_encrypt_test,wit-constr-diff,aes_256_encrypt.circom,AES256Encrypt,bits2num_1[12].out:num2bits_1[12].in,Yes
zksolid-paper/benchmarks/aes-circom/aes_256_encrypt_test,wit-constr-diff,aes_256_encrypt.circom,AES256Encrypt,bits2num_1[130].out:num2bits_1[130].in,Yes
zksolid-paper/benchmarks/aes-circom/aes_256_encrypt_test,wit-constr-diff,aes_256_encrypt.circom,AES256Encrypt,bits2num_1[131].out:num2bits_1[131].in,Yes
zksolid-paper/benchmarks/aes-circom/aes_256_encrypt_test,wit-constr-diff,aes_256_encrypt.circom,AES256Encrypt,bits2num_1[132].out:num2bits_1[132].in,Yes
zksolid-paper/benchmarks/aes-circom/aes_256_encrypt_test,wit-constr-diff,aes_256_encrypt.circom,AES256Encrypt,bits2num_1[133].out:num2bits_1[133].in,Yes
zksolid-paper/benchmarks/aes-circom/aes_256_encrypt_test,wit-constr-diff,aes_256_encrypt.circom,AES256Encrypt,bits2num_1[134].out:num2bits_1[134].in,Yes
zksolid-paper/benchmarks/aes-circom/aes_256_encrypt_test,wit-constr-diff,aes_256_encrypt.circom,AES256Encrypt,bits2num_1[135].out:num2bits_1[135].in,Yes
zksolid-paper/benchmarks/aes-circom/aes_256_encrypt_test,wit-constr-diff,aes_256_encrypt.circom,AES256Encrypt,bits2num_1[136].out:num2bits_1[136].in,Yes
zksolid-paper/benchmarks/aes-circom/aes_256_encrypt_test,wit-constr-diff,aes_256_encrypt.circom,AES256Encrypt,bits2num_1[137].out:num2bits_1[137].in,Yes
zksolid-paper/benchmarks/aes-circom/aes_256_encrypt_test,wit-constr-diff,aes_256_encrypt.circom,AES256Encrypt,bits2num_1[138].out:num2bits_1[138].in,Yes
zksolid-paper/benchmarks/aes-circom/aes_256_encrypt_test,wit-constr-diff,aes_256_encrypt.circom,AES256Encrypt,bits2num_1[139].out:num2bits_1[139].in,Yes
zksolid-paper/benchmarks/aes-circom/aes_256_encrypt_test,wit-constr-diff,aes_256_encrypt.circom,AES256Encrypt,bits2num_1[13].out:num2bits_1[13].in,Yes
zksolid-paper/benchmarks/aes-circom/aes_256_encrypt_test,wit-constr-diff,aes_256_encrypt.circom,AES256Encrypt,bits2num_1[140].out:num2bits_1[140].in,Yes
zksolid-paper/benchmarks/aes-circom/aes_256_encrypt_test,wit-constr-diff,aes_256_encrypt.circom,AES256Encrypt,bits2num_1[141].out:num2bits_1[141].in,Yes
zksolid-paper/benchmarks/aes-circom/aes_256_encrypt_test,wit-constr-diff,aes_256_encrypt.circom,AES256Encrypt,bits2num_1[142].out:num2bits_1[142].in,Yes
zksolid-paper/benchmarks/aes-circom/aes_256_encrypt_test,wit-constr-diff,aes_256_encrypt.circom,AES256Encrypt,bits2num_1[143].out:num2bits_1[143].in,Yes
zksolid-paper/benchmarks/aes-circom/aes_256_encrypt_test,wit-constr-diff,aes_256_encrypt.circom,AES256Encrypt,bits2num_1[144].out:num2bits_1[144].in,Yes
zksolid-paper/benchmarks/aes-circom/aes_256_encrypt_test,wit-constr-diff,aes_256_encrypt.circom,AES256Encrypt,bits2num_1[145].out:num2bits_1[145].in,Yes
zksolid-paper/benchmarks/aes-circom/aes_256_encrypt_test,wit-constr-diff,aes_256_encrypt.circom,AES256Encrypt,bits2num_1[146].out:num2bits_1[146].in,Yes
zksolid-paper/benchmarks/aes-circom/aes_256_encrypt_test,wit-constr-diff,aes_256_encrypt.circom,AES256Encrypt,bits2num_1[147].out:num2bits_1[147].in,Yes
zksolid-paper/benchmarks/aes-circom/aes_256_encrypt_test,wit-constr-diff,aes_256_encrypt.circom,AES256Encrypt,bits2num_1[148].out:num2bits_1[148].in,Yes
zksolid-paper/benchmarks/aes-circom/aes_256_encrypt_test,wit-constr-diff,aes_256_encrypt.circom,AES256Encrypt,bits2num_1[149].out:num2bits_1[149].in,Yes
zksolid-paper/benchmarks/aes-circom/aes_256_encrypt_test,wit-constr-diff,aes_256_encrypt.circom,AES256Encrypt,bits2num_1[14].out:num2bits_1[14].in,Yes
zksolid-paper/benchmarks/aes-circom/aes_256_encrypt_test,wit-constr-diff,aes_256_encrypt.circom,AES256Encrypt,bits2num_1[150].out:num2bits_1[150].in,Yes
zksolid-paper/benchmarks/aes-circom/aes_256_encrypt_test,wit-constr-diff,aes_256_encrypt.circom,AES256Encrypt,bits2num_1[151].out:num2bits_1[151].in,Yes
zksolid-paper/benchmarks/aes-circom/aes_256_encrypt_test,wit-constr-diff,aes_256_encrypt.circom,AES256Encrypt,bits2num_1[152].out:num2bits_1[152].in,Yes
zksolid-paper/benchmarks/aes-circom/aes_256_encrypt_test,wit-constr-diff,aes_256_encrypt.circom,AES256Encrypt,bits2num_1[153].out:num2bits_1[153].in,Yes
zksolid-paper/benchmarks/aes-circom/aes_256_encrypt_test,wit-constr-diff,aes_256_encrypt.circom,AES256Encrypt,bits2num_1[154].out:num2bits_1[154].in,Yes
zksolid-paper/benchmarks/aes-circom/aes_256_encrypt_test,wit-constr-diff,aes_256_encrypt.circom,AES256Encrypt,bits2num_1[155].out:num2bits_1[155].in,Yes
zksolid-paper/benchmarks/aes-circom/aes_256_encrypt_test,wit-constr-diff,aes_256_encrypt.circom,AES256Encrypt,bits2num_1[156].out:num2bits_1[156].in,Yes
zksolid-paper/benchmarks/aes-circom/aes_256_encrypt_test,wit-constr-diff,aes_256_encrypt.circom,AES256Encrypt,bits2num_1[157].out:num2bits_1[157].in,Yes
zksolid-paper/benchmarks/aes-circom/aes_256_encrypt_test,wit-constr-diff,aes_256_encrypt.circom,AES256Encrypt,bits2num_1[158].out:num2bits_1[158].in,Yes
zksolid-paper/benchmarks/aes-circom/aes_256_encrypt_test,wit-constr-diff,aes_256_encrypt.circom,AES256Encrypt,bits2num_1[159].out:num2bits_1[159].in,Yes
zksolid-paper/benchmarks/aes-circom/aes_256_encrypt_test,wit-constr-diff,aes_256_encrypt.circom,AES256Encrypt,bits2num_1[15].out:num2bits_1[15].in,Yes
zksolid-paper/benchmarks/aes-circom/aes_256_encrypt_test,wit-constr-diff,aes_256_encrypt.circom,AES256Encrypt,bits2num_1[160].out:num2bits_1[160].in,Yes
zksolid-paper/benchmarks/aes-circom/aes_256_encrypt_test,wit-constr-diff,aes_256_encrypt.circom,AES256Encrypt,bits2num_1[161].out:num2bits_1[161].in,Yes
zksolid-paper/benchmarks/aes-circom/aes_256_encrypt_test,wit-constr-diff,aes_256_encrypt.circom,AES256Encrypt,bits2num_1[162].out:num2bits_1[162].in,Yes
zksolid-paper/benchmarks/aes-circom/aes_256_encrypt_test,wit-constr-diff,aes_256_encrypt.circom,AES256Encrypt,bits2num_1[163].out:num2bits_1[163].in,Yes
zksolid-paper/benchmarks/aes-circom/aes_256_encrypt_test,wit-constr-diff,aes_256_encrypt.circom,AES256Encrypt,bits2num_1[164].out:num2bits_1[164].in,Yes
zksolid-paper/benchmarks/aes-circom/aes_256_encrypt_test,wit-constr-diff,aes_256_encrypt.circom,AES256Encrypt,bits2num_1[165].out:num2bits_1[165].in,Yes
zksolid-paper/benchmarks/aes-circom/aes_256_encrypt_test,wit-constr-diff,aes_256_encrypt.circom,AES256Encrypt,bits2num_1[166].out:num2bits_1[166].in,Yes
zksolid-paper/benchmarks/aes-circom/aes_256_encrypt_test,wit-constr-diff,aes_256_encrypt.circom,AES256Encrypt,bits2num_1[167].out:num2bits_1[167].in,Yes
zksolid-paper/benchmarks/aes-circom/aes_256_encrypt_test,wit-constr-diff,aes_256_encrypt.circom,AES256Encrypt,bits2num_1[168].out:num2bits_1[168].in,Yes
zksolid-paper/benchmarks/aes-circom/aes_256_encrypt_test,wit-constr-diff,aes_256_encrypt.circom,AES256Encrypt,bits2num_1[169].out:num2bits_1[169].in,Yes
zksolid-paper/benchmarks/aes-circom/aes_256_encrypt_test,wit-constr-diff,aes_256_encrypt.circom,AES256Encrypt,bits2num_1[16].out:num2bits_1[16].in,Yes
zksolid-paper/benchmarks/aes-circom/aes_256_encrypt_test,wit-constr-diff,aes_256_encrypt.circom,AES256Encrypt,bits2num_1[170].out:num2bits_1[170].in,Yes
zksolid-paper/benchmarks/aes-circom/aes_256_encrypt_test,wit-constr-diff,aes_256_encrypt.circom,AES256Encrypt,bits2num_1[171].out:num2bits_1[171].in,Yes
zksolid-paper/benchmarks/aes-circom/aes_256_encrypt_test,wit-constr-diff,aes_256_encrypt.circom,AES256Encrypt,bits2num_1[172].out:num2bits_1[172].in,Yes
zksolid-paper/benchmarks/aes-circom/aes_256_encrypt_test,wit-constr-diff,aes_256_encrypt.circom,AES256Encrypt,bits2num_1[173].out:num2bits_1[173].in,Yes
zksolid-paper/benchmarks/aes-circom/aes_256_encrypt_test,wit-constr-diff,aes_256_encrypt.circom,AES256Encrypt,bits2num_1[174].out:num2bits_1[174].in,Yes
zksolid-paper/benchmarks/aes-circom/aes_256_encrypt_test,wit-constr-diff,aes_256_encrypt.circom,AES256Encrypt,bits2num_1[175].out:num2bits_1[175].in,Yes
zksolid-paper/benchmarks/aes-circom/aes_256_encrypt_test,wit-constr-diff,aes_256_encrypt.circom,AES256Encrypt,bits2num_1[176].out:num2bits_1[176].in,Yes
zksolid-paper/benchmarks/aes-circom/aes_256_encrypt_test,wit-constr-diff,aes_256_encrypt.circom,AES256Encrypt,bits2num_1[177].out:num2bits_1[177].in,Yes
zksolid-paper/benchmarks/aes-circom/aes_256_encrypt_test,wit-constr-diff,aes_256_encrypt.circom,AES256Encrypt,bits2num_1[178].out:num2bits_1[178].in,Yes
zksolid-paper/benchmarks/aes-circom/aes_256_encrypt_test,wit-constr-diff,aes_256_encrypt.circom,AES256Encrypt,bits2num_1[179].out:num2bits_1[179].in,Yes
zksolid-paper/benchmarks/aes-circom/aes_256_encrypt_test,wit-constr-diff,aes_256_encrypt.circom,AES256Encrypt,bits2num_1[17].out:num2bits_1[17].in,Yes
zksolid-paper/benchmarks/aes-circom/aes_256_encrypt_test,wit-constr-diff,aes_256_encrypt.circom,AES256Encrypt,bits2num_1[180].out:num2bits_1[180].in,Yes
zksolid-paper/benchmarks/aes-circom/aes_256_encrypt_test,wit-constr-diff,aes_256_encrypt.circom,AES256Encrypt,bits2num_1[181].out:num2bits_1[181].in,Yes
zksolid-paper/benchmarks/aes-circom/aes_256_encrypt_test,wit-constr-diff,aes_256_encrypt.circom,AES256Encrypt,bits2num_1[182].out:num2bits_1[182].in,Yes
zksolid-paper/benchmarks/aes-circom/aes_256_encrypt_test,wit-constr-diff,aes_256_encrypt.circom,AES256Encrypt,bits2num_1[183].out:num2bits_1[183].in,Yes
zksolid-paper/benchmarks/aes-circom/aes_256_encrypt_test,wit-constr-diff,aes_256_encrypt.circom,AES256Encrypt,bits2num_1[184].out:num2bits_1[184].in,Yes
zksolid-paper/benchmarks/aes-circom/aes_256_encrypt_test,wit-constr-diff,aes_256_encrypt.circom,AES256Encrypt,bits2num_1[185].out:num2bits_1[185].in,Yes
zksolid-paper/benchmarks/aes-circom/aes_256_encrypt_test,wit-constr-diff,aes_256_encrypt.circom,AES256Encrypt,bits2num_1[186].out:num2bits_1[186].in,Yes
zksolid-paper/benchmarks/aes-circom/aes_256_encrypt_test,wit-constr-diff,aes_256_encrypt.circom,AES256Encrypt,bits2num_1[187].out:num2bits_1[187].in,Yes
zksolid-paper/benchmarks/aes-circom/aes_256_encrypt_test,wit-constr-diff,aes_256_encrypt.circom,AES256Encrypt,bits2num_1[188].out:num2bits_1[188].in,Yes
zksolid-paper/benchmarks/aes-circom/aes_256_encrypt_test,wit-constr-diff,aes_256_encrypt.circom,AES256Encrypt,bits2num_1[189].out:num2bits_1[189].in,Yes
zksolid-paper/benchmarks/aes-circom/aes_256_encrypt_test,wit-constr-diff,aes_256_encrypt.circom,AES256Encrypt,bits2num_1[18].out:num2bits_1[18].in,Yes
zksolid-paper/benchmarks/aes-circom/aes_256_encrypt_test,wit-constr-diff,aes_256_encrypt.circom,AES256Encrypt,bits2num_1[190].out:num2bits_1[190].in,Yes
zksolid-paper/benchmarks/aes-circom/aes_256_encrypt_test,wit-constr-diff,aes_256_encrypt.circom,AES256Encrypt,bits2num_1[191].out:num2bits_1[191].in,Yes
zksolid-paper/benchmarks/aes-circom/aes_256_encrypt_test,wit-constr-diff,aes_256_encrypt.circom,AES256Encrypt,bits2num_1[192].out:num2bits_1[192].in,Yes
zksolid-paper/benchmarks/aes-circom/aes_256_encrypt_test,wit-constr-diff,aes_256_encrypt.circom,AES256Encrypt,bits2num_1[193].out:num2bits_1[193].in,Yes
zksolid-paper/benchmarks/aes-circom/aes_256_encrypt_test,wit-constr-diff,aes_256_encrypt.circom,AES256Encrypt,bits2num_1[194].out:num2bits_1[194].in,Yes
zksolid-paper/benchmarks/aes-circom/aes_256_encrypt_test,wit-constr-diff,aes_256_encrypt.circom,AES256Encrypt,bits2num_1[195].out:num2bits_1[195].in,Yes
zksolid-paper/benchmarks/aes-circom/aes_256_encrypt_test,wit-constr-diff,aes_256_encrypt.circom,AES256Encrypt,bits2num_1[196].out:num2bits_1[196].in,Yes
zksolid-paper/benchmarks/aes-circom/aes_256_encrypt_test,wit-constr-diff,aes_256_encrypt.circom,AES256Encrypt,bits2num_1[197].out:num2bits_1[197].in,Yes
zksolid-paper/benchmarks/aes-circom/aes_256_encrypt_test,wit-constr-diff,aes_256_encrypt.circom,AES256Encrypt,bits2num_1[198].out:num2bits_1[198].in,Yes
zksolid-paper/benchmarks/aes-circom/aes_256_encrypt_test,wit-constr-diff,aes_256_encrypt.circom,AES256Encrypt,bits2num_1[199].out:num2bits_1[199].in,Yes
zksolid-paper/benchmarks/aes-circom/aes_256_encrypt_test,wit-constr-diff,aes_256_encrypt.circom,AES256Encrypt,bits2num_1[19].out:num2bits_1[19].in,Yes
zksolid-paper/benchmarks/aes-circom/aes_256_encrypt_test,wit-constr-diff,aes_256_encrypt.circom,AES256Encrypt,bits2num_1[1].out:num2bits_1[1].in,Yes
zksolid-paper/benchmarks/aes-circom/aes_256_encrypt_test,wit-constr-diff,aes_256_encrypt.circom,AES256Encrypt,bits2num_1[200].out:num2bits_1[200].in,Yes
zksolid-paper/benchmarks/aes-circom/aes_256_encrypt_test,wit-constr-diff,aes_256_encrypt.circom,AES256Encrypt,bits2num_1[201].out:num2bits_1[201].in,Yes
zksolid-paper/benchmarks/aes-circom/aes_256_encrypt_test,wit-constr-diff,aes_256_encrypt.circom,AES256Encrypt,bits2num_1[202].out:num2bits_1[202].in,Yes
zksolid-paper/benchmarks/aes-circom/aes_256_encrypt_test,wit-constr-diff,aes_256_encrypt.circom,AES256Encrypt,bits2num_1[203].out:num2bits_1[203].in,Yes
zksolid-paper/benchmarks/aes-circom/aes_256_encrypt_test,wit-constr-diff,aes_256_encrypt.circom,AES256Encrypt,bits2num_1[204].out:num2bits_1[204].in,Yes
zksolid-paper/benchmarks/aes-circom/aes_256_encrypt_test,wit-constr-diff,aes_256_encrypt.circom,AES256Encrypt,bits2num_1[205].out:num2bits_1[205].in,Yes
zksolid-paper/benchmarks/aes-circom/aes_256_encrypt_test,wit-constr-diff,aes_256_encrypt.circom,AES256Encrypt,bits2num_1[206].out:num2bits_1[206].in,Yes
zksolid-paper/benchmarks/aes-circom/aes_256_encrypt_test,wit-constr-diff,aes_256_encrypt.circom,AES256Encrypt,bits2num_1[207].out:num2bits_1[207].in,Yes
zksolid-paper/benchmarks/aes-circom/aes_256_encrypt_test,wit-constr-diff,aes_256_encrypt.circom,AES256Encrypt,bits2num_1[20].out:num2bits_1[20].in,Yes
zksolid-paper/benchmarks/aes-circom/aes_256_encrypt_test,wit-constr-diff,aes_256_encrypt.circom,AES256Encrypt,bits2num_1[21].out:num2bits_1[21].in,Yes
zksolid-paper/benchmarks/aes-circom/aes_256_encrypt_test,wit-constr-diff,aes_256_encrypt.circom,AES256Encrypt,bits2num_1[22].out:num2bits_1[22].in,Yes
zksolid-paper/benchmarks/aes-circom/aes_256_encrypt_test,wit-constr-diff,aes_256_encrypt.circom,AES256Encrypt,bits2num_1[23].out:num2bits_1[23].in,Yes
zksolid-paper/benchmarks/aes-circom/aes_256_encrypt_test,wit-constr-diff,aes_256_encrypt.circom,AES256Encrypt,bits2num_1[24].out:num2bits_1[24].in,Yes
zksolid-paper/benchmarks/aes-circom/aes_256_encrypt_test,wit-constr-diff,aes_256_encrypt.circom,AES256Encrypt,bits2num_1[25].out:num2bits_1[25].in,Yes
zksolid-paper/benchmarks/aes-circom/aes_256_encrypt_test,wit-constr-diff,aes_256_encrypt.circom,AES256Encrypt,bits2num_1[26].out:num2bits_1[26].in,Yes
zksolid-paper/benchmarks/aes-circom/aes_256_encrypt_test,wit-constr-diff,aes_256_encrypt.circom,AES256Encrypt,bits2num_1[27].out:num2bits_1[27].in,Yes
zksolid-paper/benchmarks/aes-circom/aes_256_encrypt_test,wit-constr-diff,aes_256_encrypt.circom,AES256Encrypt,bits2num_1[28].out:num2bits_1[28].in,Yes
zksolid-paper/benchmarks/aes-circom/aes_256_encrypt_test,wit-constr-diff,aes_256_encrypt.circom,AES256Encrypt,bits2num_1[29].out:num2bits_1[29].in,Yes
zksolid-paper/benchmarks/aes-circom/aes_256_encrypt_test,wit-constr-diff,aes_256_encrypt.circom,AES256Encrypt,bits2num_1[2].out:num2bits_1[2].in,Yes
zksolid-paper/benchmarks/aes-circom/aes_256_encrypt_test,wit-constr-diff,aes_256_encrypt.circom,AES256Encrypt,bits2num_1[30].out:num2bits_1[30].in,Yes
zksolid-paper/benchmarks/aes-circom/aes_256_encrypt_test,wit-constr-diff,aes_256_encrypt.circom,AES256Encrypt,bits2num_1[31].out:num2bits_1[31].in,Yes
zksolid-paper/benchmarks/aes-circom/aes_256_encrypt_test,wit-constr-diff,aes_256_encrypt.circom,AES256Encrypt,bits2num_1[32].out:num2bits_1[32].in,Yes
zksolid-paper/benchmarks/aes-circom/aes_256_encrypt_test,wit-constr-diff,aes_256_encrypt.circom,AES256Encrypt,bits2num_1[33].out:num2bits_1[33].in,Yes
zksolid-paper/benchmarks/aes-circom/aes_256_encrypt_test,wit-constr-diff,aes_256_encrypt.circom,AES256Encrypt,bits2num_1[34].out:num2bits_1[34].in,Yes
zksolid-paper/benchmarks/aes-circom/aes_256_encrypt_test,wit-constr-diff,aes_256_encrypt.circom,AES256Encrypt,bits2num_1[35].out:num2bits_1[35].in,Yes
zksolid-paper/benchmarks/aes-circom/aes_256_encrypt_test,wit-constr-diff,aes_256_encrypt.circom,AES256Encrypt,bits2num_1[36].out:num2bits_1[36].in,Yes
zksolid-paper/benchmarks/aes-circom/aes_256_encrypt_test,wit-constr-diff,aes_256_encrypt.circom,AES256Encrypt,bits2num_1[37].out:num2bits_1[37].in,Yes
zksolid-paper/benchmarks/aes-circom/aes_256_encrypt_test,wit-constr-diff,aes_256_encrypt.circom,AES256Encrypt,bits2num_1[38].out:num2bits_1[38].in,Yes
zksolid-paper/benchmarks/aes-circom/aes_256_encrypt_test,wit-constr-diff,aes_256_encrypt.circom,AES256Encrypt,bits2num_1[39].out:num2bits_1[39].in,Yes
zksolid-paper/benchmarks/aes-circom/aes_256_encrypt_test,wit-constr-diff,aes_256_encrypt.circom,AES256Encrypt,bits2num_1[3].out:num2bits_1[3].in,Yes
zksolid-paper/benchmarks/aes-circom/aes_256_encrypt_test,wit-constr-diff,aes_256_encrypt.circom,AES256Encrypt,bits2num_1[40].out:num2bits_1[40].in,Yes
zksolid-paper/benchmarks/aes-circom/aes_256_encrypt_test,wit-constr-diff,aes_256_encrypt.circom,AES256Encrypt,bits2num_1[41].out:num2bits_1[41].in,Yes
zksolid-paper/benchmarks/aes-circom/aes_256_encrypt_test,wit-constr-diff,aes_256_encrypt.circom,AES256Encrypt,bits2num_1[42].out:num2bits_1[42].in,Yes
zksolid-paper/benchmarks/aes-circom/aes_256_encrypt_test,wit-constr-diff,aes_256_encrypt.circom,AES256Encrypt,bits2num_1[43].out:num2bits_1[43].in,Yes
zksolid-paper/benchmarks/aes-circom/aes_256_encrypt_test,wit-constr-diff,aes_256_encrypt.circom,AES256Encrypt,bits2num_1[44].out:num2bits_1[44].in,Yes
zksolid-paper/benchmarks/aes-circom/aes_256_encrypt_test,wit-constr-diff,aes_256_encrypt.circom,AES256Encrypt,bits2num_1[45].out:num2bits_1[45].in,Yes
zksolid-paper/benchmarks/aes-circom/aes_256_encrypt_test,wit-constr-diff,aes_256_encrypt.circom,AES256Encrypt,bits2num_1[46].out:num2bits_1[46].in,Yes
zksolid-paper/benchmarks/aes-circom/aes_256_encrypt_test,wit-constr-diff,aes_256_encrypt.circom,AES256Encrypt,bits2num_1[47].out:num2bits_1[47].in,Yes
zksolid-paper/benchmarks/aes-circom/aes_256_encrypt_test,wit-constr-diff,aes_256_encrypt.circom,AES256Encrypt,bits2num_1[48].out:num2bits_1[48].in,Yes
zksolid-paper/benchmarks/aes-circom/aes_256_encrypt_test,wit-constr-diff,aes_256_encrypt.circom,AES256Encrypt,bits2num_1[49].out:num2bits_1[49].in,Yes
zksolid-paper/benchmarks/aes-circom/aes_256_encrypt_test,wit-constr-diff,aes_256_encrypt.circom,AES256Encrypt,bits2num_1[4].out:num2bits_1[4].in,Yes
zksolid-paper/benchmarks/aes-circom/aes_256_encrypt_test,wit-constr-diff,aes_256_encrypt.circom,AES256Encrypt,bits2num_1[50].out:num2bits_1[50].in,Yes
zksolid-paper/benchmarks/aes-circom/aes_256_encrypt_test,wit-constr-diff,aes_256_encrypt.circom,AES256Encrypt,bits2num_1[51].out:num2bits_1[51].in,Yes
zksolid-paper/benchmarks/aes-circom/aes_256_encrypt_test,wit-constr-diff,aes_256_encrypt.circom,AES256Encrypt,bits2num_1[52].out:num2bits_1[52].in,Yes
zksolid-paper/benchmarks/aes-circom/aes_256_encrypt_test,wit-constr-diff,aes_256_encrypt.circom,AES256Encrypt,bits2num_1[53].out:num2bits_1[53].in,Yes
zksolid-paper/benchmarks/aes-circom/aes_256_encrypt_test,wit-constr-diff,aes_256_encrypt.circom,AES256Encrypt,bits2num_1[54].out:num2bits_1[54].in,Yes
zksolid-paper/benchmarks/aes-circom/aes_256_encrypt_test,wit-constr-diff,aes_256_encrypt.circom,AES256Encrypt,bits2num_1[55].out:num2bits_1[55].in,Yes
zksolid-paper/benchmarks/aes-circom/aes_256_encrypt_test,wit-constr-diff,aes_256_encrypt.circom,AES256Encrypt,bits2num_1[56].out:num2bits_1[56].in,Yes
zksolid-paper/benchmarks/aes-circom/aes_256_encrypt_test,wit-constr-diff,aes_256_encrypt.circom,AES256Encrypt,bits2num_1[57].out:num2bits_1[57].in,Yes
zksolid-paper/benchmarks/aes-circom/aes_256_encrypt_test,wit-constr-diff,aes_256_encrypt.circom,AES256Encrypt,bits2num_1[58].out:num2bits_1[58].in,Yes
zksolid-paper/benchmarks/aes-circom/aes_256_encrypt_test,wit-constr-diff,aes_256_encrypt.circom,AES256Encrypt,bits2num_1[59].out:num2bits_1[59].in,Yes
zksolid-paper/benchmarks/aes-circom/aes_256_encrypt_test,wit-constr-diff,aes_256_encrypt.circom,AES256Encrypt,bits2num_1[5].out:num2bits_1[5].in,Yes
zksolid-paper/benchmarks/aes-circom/aes_256_encrypt_test,wit-constr-diff,aes_256_encrypt.circom,AES256Encrypt,bits2num_1[60].out:num2bits_1[60].in,Yes
zksolid-paper/benchmarks/aes-circom/aes_256_encrypt_test,wit-constr-diff,aes_256_encrypt.circom,AES256Encrypt,bits2num_1[61].out:num2bits_1[61].in,Yes
zksolid-paper/benchmarks/aes-circom/aes_256_encrypt_test,wit-constr-diff,aes_256_encrypt.circom,AES256Encrypt,bits2num_1[62].out:num2bits_1[62].in,Yes
zksolid-paper/benchmarks/aes-circom/aes_256_encrypt_test,wit-constr-diff,aes_256_encrypt.circom,AES256Encrypt,bits2num_1[63].out:num2bits_1[63].in,Yes
zksolid-paper/benchmarks/aes-circom/aes_256_encrypt_test,wit-constr-diff,aes_256_encrypt.circom,AES256Encrypt,bits2num_1[64].out:num2bits_1[64].in,Yes
zksolid-paper/benchmarks/aes-circom/aes_256_encrypt_test,wit-constr-diff,aes_256_encrypt.circom,AES256Encrypt,bits2num_1[65].out:num2bits_1[65].in,Yes
zksolid-paper/benchmarks/aes-circom/aes_256_encrypt_test,wit-constr-diff,aes_256_encrypt.circom,AES256Encrypt,bits2num_1[66].out:num2bits_1[66].in,Yes
zksolid-paper/benchmarks/aes-circom/aes_256_encrypt_test,wit-constr-diff,aes_256_encrypt.circom,AES256Encrypt,bits2num_1[67].out:num2bits_1[67].in,Yes
zksolid-paper/benchmarks/aes-circom/aes_256_encrypt_test,wit-constr-diff,aes_256_encrypt.circom,AES256Encrypt,bits2num_1[68].out:num2bits_1[68].in,Yes
zksolid-paper/benchmarks/aes-circom/aes_256_encrypt_test,wit-constr-diff,aes_256_encrypt.circom,AES256Encrypt,bits2num_1[69].out:num2bits_1[69].in,Yes
zksolid-paper/benchmarks/aes-circom/aes_256_encrypt_test,wit-constr-diff,aes_256_encrypt.circom,AES256Encrypt,bits2num_1[6].out:num2bits_1[6].in,Yes
zksolid-paper/benchmarks/aes-circom/aes_256_encrypt_test,wit-constr-diff,aes_256_encrypt.circom,AES256Encrypt,bits2num_1[70].out:num2bits_1[70].in,Yes
zksolid-paper/benchmarks/aes-circom/aes_256_encrypt_test,wit-constr-diff,aes_256_encrypt.circom,AES256Encrypt,bits2num_1[71].out:num2bits_1[71].in,Yes
zksolid-paper/benchmarks/aes-circom/aes_256_encrypt_test,wit-constr-diff,aes_256_encrypt.circom,AES256Encrypt,bits2num_1[72].out:num2bits_1[72].in,Yes
zksolid-paper/benchmarks/aes-circom/aes_256_encrypt_test,wit-constr-diff,aes_256_encrypt.circom,AES256Encrypt,bits2num_1[73].out:num2bits_1[73].in,Yes
zksolid-paper/benchmarks/aes-circom/aes_256_encrypt_test,wit-constr-diff,aes_256_encrypt.circom,AES256Encrypt,bits2num_1[74].out:num2bits_1[74].in,Yes
zksolid-paper/benchmarks/aes-circom/aes_256_encrypt_test,wit-constr-diff,aes_256_encrypt.circom,AES256Encrypt,bits2num_1[75].out:num2bits_1[75].in,Yes
zksolid-paper/benchmarks/aes-circom/aes_256_encrypt_test,wit-constr-diff,aes_256_encrypt.circom,AES256Encrypt,bits2num_1[76].out:num2bits_1[76].in,Yes
zksolid-paper/benchmarks/aes-circom/aes_256_encrypt_test,wit-constr-diff,aes_256_encrypt.circom,AES256Encrypt,bits2num_1[77].out:num2bits_1[77].in,Yes
zksolid-paper/benchmarks/aes-circom/aes_256_encrypt_test,wit-constr-diff,aes_256_encrypt.circom,AES256Encrypt,bits2num_1[78].out:num2bits_1[78].in,Yes
zksolid-paper/benchmarks/aes-circom/aes_256_encrypt_test,wit-constr-diff,aes_256_encrypt.circom,AES256Encrypt,bits2num_1[79].out:num2bits_1[79].in,Yes
zksolid-paper/benchmarks/aes-circom/aes_256_encrypt_test,wit-constr-diff,aes_256_encrypt.circom,AES256Encrypt,bits2num_1[7].out:num2bits_1[7].in,Yes
zksolid-paper/benchmarks/aes-circom/aes_256_encrypt_test,wit-constr-diff,aes_256_encrypt.circom,AES256Encrypt,bits2num_1[80].out:num2bits_1[80].in,Yes
zksolid-paper/benchmarks/aes-circom/aes_256_encrypt_test,wit-constr-diff,aes_256_encrypt.circom,AES256Encrypt,bits2num_1[81].out:num2bits_1[81].in,Yes
zksolid-paper/benchmarks/aes-circom/aes_256_encrypt_test,wit-constr-diff,aes_256_encrypt.circom,AES256Encrypt,bits2num_1[82].out:num2bits_1[82].in,Yes
zksolid-paper/benchmarks/aes-circom/aes_256_encrypt_test,wit-constr-diff,aes_256_encrypt.circom,AES256Encrypt,bits2num_1[83].out:num2bits_1[83].in,Yes
zksolid-paper/benchmarks/aes-circom/aes_256_encrypt_test,wit-constr-diff,aes_256_encrypt.circom,AES256Encrypt,bits2num_1[84].out:num2bits_1[84].in,Yes
zksolid-paper/benchmarks/aes-circom/aes_256_encrypt_test,wit-constr-diff,aes_256_encrypt.circom,AES256Encrypt,bits2num_1[85].out:num2bits_1[85].in,Yes
zksolid-paper/benchmarks/aes-circom/aes_256_encrypt_test,wit-constr-diff,aes_256_encrypt.circom,AES256Encrypt,bits2num_1[86].out:num2bits_1[86].in,Yes
zksolid-paper/benchmarks/aes-circom/aes_256_encrypt_test,wit-constr-diff,aes_256_encrypt.circom,AES256Encrypt,bits2num_1[87].out:num2bits_1[87].in,Yes
zksolid-paper/benchmarks/aes-circom/aes_256_encrypt_test,wit-constr-diff,aes_256_encrypt.circom,AES256Encrypt,bits2num_1[88].out:num2bits_1[88].in,Yes
zksolid-paper/benchmarks/aes-circom/aes_256_encrypt_test,wit-constr-diff,aes_256_encrypt.circom,AES256Encrypt,bits2num_1[89].out:num2bits_1[89].in,Yes
zksolid-paper/benchmarks/aes-circom/aes_256_encrypt_test,wit-constr-diff,aes_256_encrypt.circom,AES256Encrypt,bits2num_1[8].out:num2bits_1[8].in,Yes
zksolid-paper/benchmarks/aes-circom/aes_256_encrypt_test,wit-constr-diff,aes_256_encrypt.circom,AES256Encrypt,bits2num_1[90].out:num2bits_1[90].in,Yes
zksolid-paper/benchmarks/aes-circom/aes_256_encrypt_test,wit-constr-diff,aes_256_encrypt.circom,AES256Encrypt,bits2num_1[91].out:num2bits_1[91].in,Yes
zksolid-paper/benchmarks/aes-circom/aes_256_encrypt_test,wit-constr-diff,aes_256_encrypt.circom,AES256Encrypt,bits2num_1[92].out:num2bits_1[92].in,Yes
zksolid-paper/benchmarks/aes-circom/aes_256_encrypt_test,wit-constr-diff,aes_256_encrypt.circom,AES256Encrypt,bits2num_1[93].out:num2bits_1[93].in,Yes
zksolid-paper/benchmarks/aes-circom/aes_256_encrypt_test,wit-constr-diff,aes_256_encrypt.circom,AES256Encrypt,bits2num_1[94].out:num2bits_1[94].in,Yes
zksolid-paper/benchmarks/aes-circom/aes_256_encrypt_test,wit-constr-diff,aes_256_encrypt.circom,AES256Encrypt,bits2num_1[95].out:num2bits_1[95].in,Yes
zksolid-paper/benchmarks/aes-circom/aes_256_encrypt_test,wit-constr-diff,aes_256_encrypt.circom,AES256Encrypt,bits2num_1[96].out:num2bits_1[96].in,Yes
zksolid-paper/benchmarks/aes-circom/aes_256_encrypt_test,wit-constr-diff,aes_256_encrypt.circom,AES256Encrypt,bits2num_1[97].out:num2bits_1[97].in,Yes
zksolid-paper/benchmarks/aes-circom/aes_256_encrypt_test,wit-constr-diff,aes_256_encrypt.circom,AES256Encrypt,bits2num_1[98].out:num2bits_1[98].in,Yes
zksolid-paper/benchmarks/aes-circom/aes_256_encrypt_test,wit-constr-diff,aes_256_encrypt.circom,AES256Encrypt,bits2num_1[99].out:num2bits_1[99].in,Yes
zksolid-paper/benchmarks/aes-circom/aes_256_encrypt_test,wit-constr-diff,aes_256_encrypt.circom,AES256Encrypt,bits2num_1[9].out:num2bits_1[9].in,Yes
zksolid-paper/benchmarks/aes-circom/aes_256_encrypt_test,wit-constr-diff,aes_emulation.circom,EmulatedAesencSubstituteBytes,in[0]:out[0],Yes
zksolid-paper/benchmarks/aes-circom/aes_256_encrypt_test,wit-constr-diff,aes_emulation.circom,EmulatedAesencSubstituteBytes,in[10]:out[10],Yes
zksolid-paper/benchmarks/aes-circom/aes_256_encrypt_test,wit-constr-diff,aes_emulation.circom,EmulatedAesencSubstituteBytes,in[11]:out[11],Yes
zksolid-paper/benchmarks/aes-circom/aes_256_encrypt_test,wit-constr-diff,aes_emulation.circom,EmulatedAesencSubstituteBytes,in[12]:out[12],Yes
zksolid-paper/benchmarks/aes-circom/aes_256_encrypt_test,wit-constr-diff,aes_emulation.circom,EmulatedAesencSubstituteBytes,in[13]:out[13],Yes
zksolid-paper/benchmarks/aes-circom/aes_256_encrypt_test,wit-constr-diff,aes_emulation.circom,EmulatedAesencSubstituteBytes,in[14]:out[14],Yes
zksolid-paper/benchmarks/aes-circom/aes_256_encrypt_test,wit-constr-diff,aes_emulation.circom,EmulatedAesencSubstituteBytes,in[15]:out[15],Yes
zksolid-paper/benchmarks/aes-circom/aes_256_encrypt_test,wit-constr-diff,aes_emulation.circom,EmulatedAesencSubstituteBytes,in[1]:out[1],Yes
zksolid-paper/benchmarks/aes-circom/aes_256_encrypt_test,wit-constr-diff,aes_emulation.circom,EmulatedAesencSubstituteBytes,in[2]:out[2],Yes
zksolid-paper/benchmarks/aes-circom/aes_256_encrypt_test,wit-constr-diff,aes_emulation.circom,EmulatedAesencSubstituteBytes,in[3]:out[3],Yes
zksolid-paper/benchmarks/aes-circom/aes_256_encrypt_test,wit-constr-diff,aes_emulation.circom,EmulatedAesencSubstituteBytes,in[4]:out[4],Yes
zksolid-paper/benchmarks/aes-circom/aes_256_encrypt_test,wit-constr-diff,aes_emulation.circom,EmulatedAesencSubstituteBytes,in[5]:out[5],Yes
zksolid-paper/benchmarks/aes-circom/aes_256_encrypt_test,wit-constr-diff,aes_emulation.circom,EmulatedAesencSubstituteBytes,in[6]:out[6],Yes
zksolid-paper/benchmarks/aes-circom/aes_256_encrypt_test,wit-constr-diff,aes_emulation.circom,EmulatedAesencSubstituteBytes,in[7]:out[7],Yes
zksolid-paper/benchmarks/aes-circom/aes_256_encrypt_test,wit-constr-diff,aes_emulation.circom,EmulatedAesencSubstituteBytes,in[8]:out[8],Yes
zksolid-paper/benchmarks/aes-circom/aes_256_encrypt_test,wit-constr-diff,aes_emulation.circom,EmulatedAesencSubstituteBytes,in[9]:out[9],Yes
zksolid-paper/benchmarks/aes-circom/aes_256_key_expansion_test,uc-subcmp-inputs,aes_256_key_expansion.circom,AES256KeyExpansion,bits2num_1[32..36].in[0..8],Yes
zksolid-paper/benchmarks/aes-circom/aes_256_key_expansion_test,uc-subcmp-inputs,aes_256_key_expansion.circom,AES256KeyExpansion,num2bits_1[100..104].in,Yes
zksolid-paper/benchmarks/aes-circom/aes_256_key_expansion_test,uc-subcmp-inputs,aes_256_key_expansion.circom,AES256KeyExpansion,num2bits_1[120..124].in,Yes
zksolid-paper/benchmarks/aes-circom/aes_256_key_expansion_test,uc-subcmp-inputs,aes_256_key_expansion.circom,AES256KeyExpansion,num2bits_1[140..144].in,Yes
zksolid-paper/benchmarks/aes-circom/aes_256_key_expansion_test,uc-subcmp-inputs,aes_256_key_expansion.circom,AES256KeyExpansion,num2bits_1[160..164].in,Yes
zksolid-paper/benchmarks/aes-circom/aes_256_key_expansion_test,uc-subcmp-inputs,aes_256_key_expansion.circom,AES256KeyExpansion,num2bits_1[180..184].in,Yes
zksolid-paper/benchmarks/aes-circom/aes_256_key_expansion_test,uc-subcmp-inputs,aes_256_key_expansion.circom,AES256KeyExpansion,num2bits_1[200..204].in,Yes
zksolid-paper/benchmarks/aes-circom/aes_256_key_expansion_test,uc-subcmp-inputs,aes_256_key_expansion.circom,AES256KeyExpansion,num2bits_1[220..224].in,Yes
zksolid-paper/benchmarks/aes-circom/aes_256_key_expansion_test,uc-subcmp-inputs,aes_256_key_expansion.circom,AES256KeyExpansion,num2bits_1[240..244].in,Yes
zksolid-paper/benchmarks/aes-circom/aes_256_key_expansion_test,uc-subcmp-inputs,aes_256_key_expansion.circom,AES256KeyExpansion,num2bits_1[260..264].in,Yes
zksolid-paper/benchmarks/aes-circom/aes_256_key_expansion_test,uc-subcmp-inputs,aes_256_key_expansion.circom,AES256KeyExpansion,num2bits_1[280..284].in,Yes
zksolid-paper/benchmarks/aes-circom/aes_256_key_expansion_test,uc-subcmp-inputs,aes_256_key_expansion.circom,AES256KeyExpansion,num2bits_1[40..44].in,Yes
zksolid-paper/benchmarks/aes-circom/aes_256_key_expansion_test,uc-subcmp-inputs,aes_256_key_expansion.circom,AES256KeyExpansion,num2bits_1[60..64].in,Yes
zksolid-paper/benchmarks/aes-circom/aes_256_key_expansion_test,uc-subcmp-inputs,aes_256_key_expansion.circom,AES256KeyExpansion,num2bits_1[80..84].in,Yes
zksolid-paper/benchmarks/aes-circom/aes_256_key_expansion_test,wit-constr-diff,aes_256_key_expansion.circom,AES256KeyExpansion,bits2num_1[112].out:num2bits_1[140].in,Yes
zksolid-paper/benchmarks/aes-circom/aes_256_key_expansion_test,wit-constr-diff,aes_256_key_expansion.circom,AES256KeyExpansion,bits2num_1[113].out:num2bits_1[141].in,Yes
zksolid-paper/benchmarks/aes-circom/aes_256_key_expansion_test,wit-constr-diff,aes_256_key_expansion.circom,AES256KeyExpansion,bits2num_1[114].out:num2bits_1[142].in,Yes
zksolid-paper/benchmarks/aes-circom/aes_256_key_expansion_test,wit-constr-diff,aes_256_key_expansion.circom,AES256KeyExpansion,bits2num_1[115].out:num2bits_1[143].in,Yes
zksolid-paper/benchmarks/aes-circom/aes_256_key_expansion_test,wit-constr-diff,aes_256_key_expansion.circom,AES256KeyExpansion,bits2num_1[128].out:num2bits_1[160].in,Yes
zksolid-paper/benchmarks/aes-circom/aes_256_key_expansion_test,wit-constr-diff,aes_256_key_expansion.circom,AES256KeyExpansion,bits2num_1[129].out:num2bits_1[161].in,Yes
zksolid-paper/benchmarks/aes-circom/aes_256_key_expansion_test,wit-constr-diff,aes_256_key_expansion.circom,AES256KeyExpansion,bits2num_1[130].out:num2bits_1[162].in,Yes
zksolid-paper/benchmarks/aes-circom/aes_256_key_expansion_test,wit-constr-diff,aes_256_key_expansion.circom,AES256KeyExpansion,bits2num_1[131].out:num2bits_1[163].in,Yes
zksolid-paper/benchmarks/aes-circom/aes_256_key_expansion_test,wit-constr-diff,aes_256_key_expansion.circom,AES256KeyExpansion,bits2num_1[144].out:num2bits_1[180].in,Yes
zksolid-paper/benchmarks/aes-circom/aes_256_key_expansion_test,wit-constr-diff,aes_256_key_expansion.circom,AES256KeyExpansion,bits2num_1[145].out:num2bits_1[181].in,Yes
zksolid-paper/benchmarks/aes-circom/aes_256_key_expansion_test,wit-constr-diff,aes_256_key_expansion.circom,AES256KeyExpansion,bits2num_1[146].out:num2bits_1[182].in,Yes
zksolid-paper/benchmarks/aes-circom/aes_256_key_expansion_test,wit-constr-diff,aes_256_key_expansion.circom,AES256KeyExpansion,bits2num_1[147].out:num2bits_1[183].in,Yes
zksolid-paper/benchmarks/aes-circom/aes_256_key_expansion_test,wit-constr-diff,aes_256_key_expansion.circom,AES256KeyExpansion,bits2num_1[160].out:num2bits_1[200].in,Yes
zksolid-paper/benchmarks/aes-circom/aes_256_key_expansion_test,wit-constr-diff,aes_256_key_expansion.circom,AES256KeyExpansion,bits2num_1[161].out:num2bits_1[201].in,Yes
zksolid-paper/benchmarks/aes-circom/aes_256_key_expansion_test,wit-constr-diff,aes_256_key_expansion.circom,AES256KeyExpansion,bits2num_1[162].out:num2bits_1[202].in,Yes
zksolid-paper/benchmarks/aes-circom/aes_256_key_expansion_test,wit-constr-diff,aes_256_key_expansion.circom,AES256KeyExpansion,bits2num_1[163].out:num2bits_1[203].in,Yes
zksolid-paper/benchmarks/aes-circom/aes_256_key_expansion_test,wit-constr-diff,aes_256_key_expansion.circom,AES256KeyExpansion,bits2num_1[176].out:num2bits_1[220].in,Yes
zksolid-paper/benchmarks/aes-circom/aes_256_key_expansion_test,wit-constr-diff,aes_256_key_expansion.circom,AES256KeyExpansion,bits2num_1[177].out:num2bits_1[221].in,Yes
zksolid-paper/benchmarks/aes-circom/aes_256_key_expansion_test,wit-constr-diff,aes_256_key_expansion.circom,AES256KeyExpansion,bits2num_1[178].out:num2bits_1[222].in,Yes
zksolid-paper/benchmarks/aes-circom/aes_256_key_expansion_test,wit-constr-diff,aes_256_key_expansion.circom,AES256KeyExpansion,bits2num_1[179].out:num2bits_1[223].in,Yes
zksolid-paper/benchmarks/aes-circom/aes_256_key_expansion_test,wit-constr-diff,aes_256_key_expansion.circom,AES256KeyExpansion,bits2num_1[192].out:num2bits_1[240].in,Yes
zksolid-paper/benchmarks/aes-circom/aes_256_key_expansion_test,wit-constr-diff,aes_256_key_expansion.circom,AES256KeyExpansion,bits2num_1[193].out:num2bits_1[241].in,Yes
zksolid-paper/benchmarks/aes-circom/aes_256_key_expansion_test,wit-constr-diff,aes_256_key_expansion.circom,AES256KeyExpansion,bits2num_1[194].out:num2bits_1[242].in,Yes
zksolid-paper/benchmarks/aes-circom/aes_256_key_expansion_test,wit-constr-diff,aes_256_key_expansion.circom,AES256KeyExpansion,bits2num_1[195].out:num2bits_1[243].in,Yes
zksolid-paper/benchmarks/aes-circom/aes_256_key_expansion_test,wit-constr-diff,aes_256_key_expansion.circom,AES256KeyExpansion,bits2num_1[208].out:num2bits_1[260].in,Yes
zksolid-paper/benchmarks/aes-circom/aes_256_key_expansion_test,wit-constr-diff,aes_256_key_expansion.circom,AES256KeyExpansion,bits2num_1[209].out:num2bits_1[261].in,Yes
zksolid-paper/benchmarks/aes-circom/aes_256_key_expansion_test,wit-constr-diff,aes_256_key_expansion.circom,AES256KeyExpansion,bits2num_1[210].out:num2bits_1[262].in,Yes
zksolid-paper/benchmarks/aes-circom/aes_256_key_expansion_test,wit-constr-diff,aes_256_key_expansion.circom,AES256KeyExpansion,bits2num_1[211].out:num2bits_1[263].in,Yes
zksolid-paper/benchmarks/aes-circom/aes_256_key_expansion_test,wit-constr-diff,aes_256_key_expansion.circom,AES256KeyExpansion,bits2num_1[224].out:num2bits_1[280].in,Yes
zksolid-paper/benchmarks/aes-circom/aes_256_key_expansion_test,wit-constr-diff,aes_256_key_expansion.circom,AES256KeyExpansion,bits2num_1[225].out:num2bits_1[281].in,Yes
zksolid-paper/benchmarks/aes-circom/aes_256_key_expansion_test,wit-constr-diff,aes_256_key_expansion.circom,AES256KeyExpansion,bits2num_1[226].out:num2bits_1[282].in,Yes
zksolid-paper/benchmarks/aes-circom/aes_256_key_expansion_test,wit-constr-diff,aes_256_key_expansion.circom,AES256KeyExpansion,bits2num_1[227].out:num2bits_1[283].in,Yes
zksolid-paper/benchmarks/aes-circom/aes_256_key_expansion_test,wit-constr-diff,aes_256_key_expansion.circom,AES256KeyExpansion,bits2num_1[32].out:num2bits_1[40].in,Yes
zksolid-paper/benchmarks/aes-circom/aes_256_key_expansion_test,wit-constr-diff,aes_256_key_expansion.circom,AES256KeyExpansion,bits2num_1[33].out:num2bits_1[41].in,Yes
zksolid-paper/benchmarks/aes-circom/aes_256_key_expansion_test,wit-constr-diff,aes_256_key_expansion.circom,AES256KeyExpansion,bits2num_1[34].out:num2bits_1[42].in,Yes
zksolid-paper/benchmarks/aes-circom/aes_256_key_expansion_test,wit-constr-diff,aes_256_key_expansion.circom,AES256KeyExpansion,bits2num_1[35].out:num2bits_1[43].in,Yes
zksolid-paper/benchmarks/aes-circom/aes_256_key_expansion_test,wit-constr-diff,aes_256_key_expansion.circom,AES256KeyExpansion,bits2num_1[48].out:num2bits_1[60].in,Yes
zksolid-paper/benchmarks/aes-circom/aes_256_key_expansion_test,wit-constr-diff,aes_256_key_expansion.circom,AES256KeyExpansion,bits2num_1[49].out:num2bits_1[61].in,Yes
zksolid-paper/benchmarks/aes-circom/aes_256_key_expansion_test,wit-constr-diff,aes_256_key_expansion.circom,AES256KeyExpansion,bits2num_1[50].out:num2bits_1[62].in,Yes
zksolid-paper/benchmarks/aes-circom/aes_256_key_expansion_test,wit-constr-diff,aes_256_key_expansion.circom,AES256KeyExpansion,bits2num_1[51].out:num2bits_1[63].in,Yes
zksolid-paper/benchmarks/aes-circom/aes_256_key_expansion_test,wit-constr-diff,aes_256_key_expansion.circom,AES256KeyExpansion,bits2num_1[64].out:num2bits_1[80].in,Yes
zksolid-paper/benchmarks/aes-circom/aes_256_key_expansion_test,wit-constr-diff,aes_256_key_expansion.circom,AES256KeyExpansion,bits2num_1[65].out:num2bits_1[81].in,Yes
zksolid-paper/benchmarks/aes-circom/aes_256_key_expansion_test,wit-constr-diff,aes_256_key_expansion.circom,AES256KeyExpansion,bits2num_1[66].out:num2bits_1[82].in,Yes
zksolid-paper/benchmarks/aes-circom/aes_256_key_expansion_test,wit-constr-diff,aes_256_key_expansion.circom,AES256KeyExpansion,bits2num_1[67].out:num2bits_1[83].in,Yes
zksolid-paper/benchmarks/aes-circom/aes_256_key_expansion_test,wit-constr-diff,aes_256_key_expansion.circom,AES256KeyExpansion,bits2num_1[80].out:num2bits_1[100].in,Yes
zksolid-paper/benchmarks/aes-circom/aes_256_key_expansion_test,wit-constr-diff,aes_256_key_expansion.circom,AES256KeyExpansion,bits2num_1[81].out:num2bits_1[101].in,Yes
zksolid-paper/benchmarks/aes-circom/aes_256_key_expansion_test,wit-constr-diff,aes_256_key_expansion.circom,AES256KeyExpansion,bits2num_1[82].out:num2bits_1[102].in,Yes
zksolid-paper/benchmarks/aes-circom/aes_256_key_expansion_test,wit-constr-diff,aes_256_key_expansion.circom,AES256KeyExpansion,bits2num_1[83].out:num2bits_1[103].in,Yes
zksolid-paper/benchmarks/aes-circom/aes_256_key_expansion_test,wit-constr-diff,aes_256_key_expansion.circom,AES256KeyExpansion,bits2num_1[96].out:num2bits_1[120].in,Yes
zksolid-paper/benchmarks/aes-circom/aes_256_key_expansion_test,wit-constr-diff,aes_256_key_expansion.circom,AES256KeyExpansion,bits2num_1[97].out:num2bits_1[121].in,Yes
zksolid-paper/benchmarks/aes-circom/aes_256_key_expansion_test,wit-constr-diff,aes_256_key_expansion.circom,AES256KeyExpansion,bits2num_1[98].out:num2bits_1[122].in,Yes
zksolid-paper/benchmarks/aes-circom/aes_256_key_expansion_test,wit-constr-diff,aes_256_key_expansion.circom,AES256KeyExpansion,bits2num_1[99].out:num2bits_1[123].in,Yes
zksolid-paper/benchmarks/aes-circom/gcm_siv_dec_2_keys_test,uc-inputs,aes_256_ctr.circom,AES256CTR,ctr[1..128],Yes
zksolid-paper/benchmarks/aes-circom/gcm_siv_dec_2_keys_test,uc-inputs,gcm_siv_dec_2_keys.circom,GCM_SIV_DEC_2_Keys,polyval_1.H[0..128],Yes
zksolid-paper/benchmarks/aes-circom/gcm_siv_dec_2_keys_test,uc-inputs,gcm_siv_dec_2_keys.circom,GCM_SIV_DEC_2_Keys,polyval_1.T[0..128],Yes
zksolid-paper/benchmarks/aes-circom/gcm_siv_dec_2_keys_test,uc-inputs,polyval.circom,POLYVAL,H[0..128],Yes
zksolid-paper/benchmarks/aes-circom/gcm_siv_dec_2_keys_test,uc-inputs,polyval.circom,POLYVAL,T[0..128],Yes
zksolid-paper/benchmarks/aes-circom/gcm_siv_dec_2_keys_test,uc-inputs,polyval.circom,POLYVAL,result[0..128],Yes
zksolid-paper/benchmarks/aes-circom/gcm_siv_dec_2_keys_test,uc-inputs,vclmul_emulator.circom,VCLMULEmulator,src1[0..64],Yes
zksolid-paper/benchmarks/aes-circom/gcm_siv_dec_2_keys_test,uc-inputs,vclmul_emulator.circom,VCLMULEmulator,src1[64..128],Yes
zksolid-paper/benchmarks/aes-circom/gcm_siv_dec_2_keys_test,uc-inputs,vclmul_emulator.circom,VCLMULEmulator,src2[0..64],Yes
zksolid-paper/benchmarks/aes-circom/gcm_siv_dec_2_keys_test,uc-inputs,vclmul_emulator.circom,VCLMULEmulator,src2[64..128],Yes
zksolid-paper/benchmarks/aes-circom/gcm_siv_dec_2_keys_test,uc-outputs,aes_emulation.circom,EmulatedAesencSubstituteBytes,out[0..16],Yes
zksolid-paper/benchmarks/aes-circom/gcm_siv_dec_2_keys_test,uc-outputs,polyval.circom,POLYVAL,result[0..128],Yes
zksolid-paper/benchmarks/aes-circom/gcm_siv_dec_2_keys_test,uc-subcmp-inputs,aes_256_encrypt.circom,AES256Encrypt,bits2num_1[0..208].in[0..8],Yes
zksolid-paper/benchmarks/aes-circom/gcm_siv_dec_2_keys_test,uc-subcmp-inputs,aes_256_encrypt.circom,AES256Encrypt,num2bits_1[0..208].in,Yes
zksolid-paper/benchmarks/aes-circom/gcm_siv_dec_2_keys_test,uc-subcmp-inputs,aes_256_key_expansion.circom,AES256KeyExpansion,bits2num_1[32..36].in[0..8],Yes
zksolid-paper/benchmarks/aes-circom/gcm_siv_dec_2_keys_test,uc-subcmp-inputs,aes_256_key_expansion.circom,AES256KeyExpansion,num2bits_1[100..104].in,Yes
zksolid-paper/benchmarks/aes-circom/gcm_siv_dec_2_keys_test,uc-subcmp-inputs,aes_256_key_expansion.circom,AES256KeyExpansion,num2bits_1[120..124].in,Yes
zksolid-paper/benchmarks/aes-circom/gcm_siv_dec_2_keys_test,uc-subcmp-inputs,aes_256_key_expansion.circom,AES256KeyExpansion,num2bits_1[140..144].in,Yes
zksolid-paper/benchmarks/aes-circom/gcm_siv_dec_2_keys_test,uc-subcmp-inputs,aes_256_key_expansion.circom,AES256KeyExpansion,num2bits_1[160..164].in,Yes
zksolid-paper/benchmarks/aes-circom/gcm_siv_dec_2_keys_test,uc-subcmp-inputs,aes_256_key_expansion.circom,AES256KeyExpansion,num2bits_1[180..184].in,Yes
zksolid-paper/benchmarks/aes-circom/gcm_siv_dec_2_keys_test,uc-subcmp-inputs,aes_256_key_expansion.circom,AES256KeyExpansion,num2bits_1[200..204].in,Yes
zksolid-paper/benchmarks/aes-circom/gcm_siv_dec_2_keys_test,uc-subcmp-inputs,aes_256_key_expansion.circom,AES256KeyExpansion,num2bits_1[220..224].in,Yes
zksolid-paper/benchmarks/aes-circom/gcm_siv_dec_2_keys_test,uc-subcmp-inputs,aes_256_key_expansion.circom,AES256KeyExpansion,num2bits_1[240..244].in,Yes
zksolid-paper/benchmarks/aes-circom/gcm_siv_dec_2_keys_test,uc-subcmp-inputs,aes_256_key_expansion.circom,AES256KeyExpansion,num2bits_1[260..264].in,Yes
zksolid-paper/benchmarks/aes-circom/gcm_siv_dec_2_keys_test,uc-subcmp-inputs,aes_256_key_expansion.circom,AES256KeyExpansion,num2bits_1[280..284].in,Yes
zksolid-paper/benchmarks/aes-circom/gcm_siv_dec_2_keys_test,uc-subcmp-inputs,aes_256_key_expansion.circom,AES256KeyExpansion,num2bits_1[40..44].in,Yes
zksolid-paper/benchmarks/aes-circom/gcm_siv_dec_2_keys_test,uc-subcmp-inputs,aes_256_key_expansion.circom,AES256KeyExpansion,num2bits_1[60..64].in,Yes
zksolid-paper/benchmarks/aes-circom/gcm_siv_dec_2_keys_test,uc-subcmp-inputs,aes_256_key_expansion.circom,AES256KeyExpansion,num2bits_1[80..84].in,Yes
zksolid-paper/benchmarks/aes-circom/gcm_siv_dec_2_keys_test,uc-subcmp-inputs,gcm_siv_dec_2_keys.circom,GCM_SIV_DEC_2_Keys,polyval_1.H[0..128],Yes
zksolid-paper/benchmarks/aes-circom/gcm_siv_dec_2_keys_test,uc-subcmp-inputs,gcm_siv_dec_2_keys.circom,GCM_SIV_DEC_2_Keys,polyval_1.T[0..128],Yes
zksolid-paper/benchmarks/aes-circom/gcm_siv_dec_2_keys_test,uc-subcmp-outputs,aes_256_ctr.circom,AES256CTR,aes_256_encrypt_1[0].out[1..128],Yes
zksolid-paper/benchmarks/aes-circom/gcm_siv_dec_2_keys_test,uc-subcmp-outputs,aes_256_encrypt.circom,AES256Encrypt,xor_1[0..128].out,Yes
zksolid-paper/benchmarks/aes-circom/gcm_siv_dec_2_keys_test,uc-subcmp-outputs,aes_256_encrypt.circom,AES256Encrypt,xor_3[0..1536].out,Yes
zksolid-paper/benchmarks/aes-circom/gcm_siv_dec_2_keys_test,uc-subcmp-outputs,gcm_siv_dec_2_keys.circom,GCM_SIV_DEC_2_Keys,aes_256_ctr.out[1..128],Yes
zksolid-paper/benchmarks/aes-circom/gcm_siv_dec_2_keys_test,uc-subcmp-outputs,gcm_siv_dec_2_keys.circom,GCM_SIV_DEC_2_Keys,aes_256_encrypt_1[0..5].out[0..128],Yes
zksolid-paper/benchmarks/aes-circom/gcm_siv_dec_2_keys_test,uc-subcmp-outputs,gcm_siv_dec_2_keys.circom,GCM_SIV_DEC_2_Keys,aes_256_encrypt_1[5].out[1..128],Yes
zksolid-paper/benchmarks/aes-circom/gcm_siv_dec_2_keys_test,uc-subcmp-outputs,gcm_siv_dec_2_keys.circom,GCM_SIV_DEC_2_Keys,aes_256_encrypt_2.out[0..128],Yes
zksolid-paper/benchmarks/aes-circom/gcm_siv_dec_2_keys_test,uc-subcmp-outputs,gcm_siv_dec_2_keys.circom,GCM_SIV_DEC_2_Keys,key_expansion_1.w[1..1920],Yes
zksolid-paper/benchmarks/aes-circom/gcm_siv_dec_2_keys_test,uc-subcmp-outputs,gcm_siv_dec_2_keys.circom,GCM_SIV_DEC_2_Keys,key_expansion_2.w[1..1920],Yes
zksolid-paper/benchmarks/aes-circom/gcm_siv_dec_2_keys_test,uc-subcmp-outputs,gcm_siv_dec_2_keys.circom,GCM_SIV_DEC_2_Keys,polyval_1.result[0..128],Yes
zksolid-paper/benchmarks/aes-circom/gcm_siv_dec_2_keys_test,uc-subcmp-outputs,gcm_siv_dec_2_keys.circom,GCM_SIV_DEC_2_Keys,polyval_2.result[0..128],Yes
zksolid-paper/benchmarks/aes-circom/gcm_siv_dec_2_keys_test,uc-subcmp-outputs,gcm_siv_dec_2_keys.circom,GCM_SIV_DEC_2_Keys,polyval_3.result[0..128],Yes
zksolid-paper/benchmarks/aes-circom/gcm_siv_dec_2_keys_test,uc-subcmp-outputs,gcm_siv_dec_2_keys.circom,GCM_SIV_DEC_2_Keys,xor_1[120].out,Yes
zksolid-paper/benchmarks/aes-circom/gcm_siv_dec_2_keys_test,uc-subcmp-outputs,gfmul_int.circom,GFMULInt,vclmul_emulator_1[0..3].destination[0..128],Yes
zksolid-paper/benchmarks/aes-circom/gcm_siv_dec_2_keys_test,uc-subcmp-outputs,gfmul_int.circom,GFMULInt,vclmul_emulator_1[3].destination[1..128],Yes
zksolid-paper/benchmarks/aes-circom/gcm_siv_dec_2_keys_test,uc-subcmp-outputs,gfmul_int.circom,GFMULInt,vclmul_emulator_2.destination[0..128],Yes
zksolid-paper/benchmarks/aes-circom/gcm_siv_dec_2_keys_test,uc-subcmp-outputs,gfmul_int.circom,GFMULInt,vclmul_emulator_3.destination[0..128],Yes
zksolid-paper/benchmarks/aes-circom/gcm_siv_dec_2_keys_test,uc-subcmp-outputs,polyval.circom,POLYVAL,gfmul_int_1[0].res[0..128],Yes
zksolid-paper/benchmarks/aes-circom/gcm_siv_dec_2_keys_test,wit-constr-diff,aes_256_encrypt.circom,AES256Encrypt,bits2num_1[0].out:num2bits_1[0].in,Yes
zksolid-paper/benchmarks/aes-circom/gcm_siv_dec_2_keys_test,wit-constr-diff,aes_256_encrypt.circom,AES256Encrypt,bits2num_1[100].out:num2bits_1[100].in,Yes
zksolid-paper/benchmarks/aes-circom/gcm_siv_dec_2_keys_test,wit-constr-diff,aes_256_encrypt.circom,AES256Encrypt,bits2num_1[101].out:num2bits_1[101].in,Yes
zksolid-paper/benchmarks/aes-circom/gcm_siv_dec_2_keys_test,wit-constr-diff,aes_256_encrypt.circom,AES256Encrypt,bits2num_1[102].out:num2bits_1[102].in,Yes
zksolid-paper/benchmarks/aes-circom/gcm_siv_dec_2_keys_test,wit-constr-diff,aes_256_encrypt.circom,AES256Encrypt,bits2num_1[103].out:num2bits_1[103].in,Yes
zksolid-paper/benchmarks/aes-circom/gcm_siv_dec_2_keys_test,wit-constr-diff,aes_256_encrypt.circom,AES256Encrypt,bits2num_1[104].out:num2bits_1[104].in,Yes
zksolid-paper/benchmarks/aes-circom/gcm_siv_dec_2_keys_test,wit-constr-diff,aes_256_encrypt.circom,AES256Encrypt,bits2num_1[105].out:num2bits_1[105].in,Yes
zksolid-paper/benchmarks/aes-circom/gcm_siv_dec_2_keys_test,wit-constr-diff,aes_256_encrypt.circom,AES256Encrypt,bits2num_1[106].out:num2bits_1[106].in,Yes
zksolid-paper/benchmarks/aes-circom/gcm_siv_dec_2_keys_test,wit-constr-diff,aes_256_encrypt.circom,AES256Encrypt,bits2num_1[107].out:num2bits_1[107].in,Yes
zksolid-paper/benchmarks/aes-circom/gcm_siv_dec_2_keys_test,wit-constr-diff,aes_256_encrypt.circom,AES256Encrypt,bits2num_1[108].out:num2bits_1[108].in,Yes
zksolid-paper/benchmarks/aes-circom/gcm_siv_dec_2_keys_test,wit-constr-diff,aes_256_encrypt.circom,AES256Encrypt,bits2num_1[109].out:num2bits_1[109].in,Yes
zksolid-paper/benchmarks/aes-circom/gcm_siv_dec_2_keys_test,wit-constr-diff,aes_256_encrypt.circom,AES256Encrypt,bits2num_1[10].out:num2bits_1[10].in,Yes
zksolid-paper/benchmarks/aes-circom/gcm_siv_dec_2_keys_test,wit-constr-diff,aes_256_encrypt.circom,AES256Encrypt,bits2num_1[110].out:num2bits_1[110].in,Yes
zksolid-paper/benchmarks/aes-circom/gcm_siv_dec_2_keys_test,wit-constr-diff,aes_256_encrypt.circom,AES256Encrypt,bits2num_1[111].out:num2bits_1[111].in,Yes
zksolid-paper/benchmarks/aes-circom/gcm_siv_dec_2_keys_test,wit-constr-diff,aes_256_encrypt.circom,AES256Encrypt,bits2num_1[112].out:num2bits_1[112].in,Yes
zksolid-paper/benchmarks/aes-circom/gcm_siv_dec_2_keys_test,wit-constr-diff,aes_256_encrypt.circom,AES256Encrypt,bits2num_1[113].out:num2bits_1[113].in,Yes
zksolid-paper/benchmarks/aes-circom/gcm_siv_dec_2_keys_test,wit-constr-diff,aes_256_encrypt.circom,AES256Encrypt,bits2num_1[114].out:num2bits_1[114].in,Yes
zksolid-paper/benchmarks/aes-circom/gcm_siv_dec_2_keys_test,wit-constr-diff,aes_256_encrypt.circom,AES256Encrypt,bits2num_1[115].out:num2bits_1[115].in,Yes
zksolid-paper/benchmarks/aes-circom/gcm_siv_dec_2_keys_test,wit-constr-diff,aes_256_encrypt.circom,AES256Encrypt,bits2num_1[116].out:num2bits_1[116].in,Yes
zksolid-paper/benchmarks/aes-circom/gcm_siv_dec_2_keys_test,wit-constr-diff,aes_256_encrypt.circom,AES256Encrypt,bits2num_1[117].out:num2bits_1[117].in,Yes
zksolid-paper/benchmarks/aes-circom/gcm_siv_dec_2_keys_test,wit-constr-diff,aes_256_encrypt.circom,AES256Encrypt,bits2num_1[118].out:num2bits_1[118].in,Yes
zksolid-paper/benchmarks/aes-circom/gcm_siv_dec_2_keys_test,wit-constr-diff,aes_256_encrypt.circom,AES256Encrypt,bits2num_1[119].out:num2bits_1[119].in,Yes
zksolid-paper/benchmarks/aes-circom/gcm_siv_dec_2_keys_test,wit-constr-diff,aes_256_encrypt.circom,AES256Encrypt,bits2num_1[11].out:num2bits_1[11].in,Yes
zksolid-paper/benchmarks/aes-circom/gcm_siv_dec_2_keys_test,wit-constr-diff,aes_256_encrypt.circom,AES256Encrypt,bits2num_1[120].out:num2bits_1[120].in,Yes
zksolid-paper/benchmarks/aes-circom/gcm_siv_dec_2_keys_test,wit-constr-diff,aes_256_encrypt.circom,AES256Encrypt,bits2num_1[121].out:num2bits_1[121].in,Yes
zksolid-paper/benchmarks/aes-circom/gcm_siv_dec_2_keys_test,wit-constr-diff,aes_256_encrypt.circom,AES256Encrypt,bits2num_1[122].out:num2bits_1[122].in,Yes
zksolid-paper/benchmarks/aes-circom/gcm_siv_dec_2_keys_test,wit-constr-diff,aes_256_encrypt.circom,AES256Encrypt,bits2num_1[123].out:num2bits_1[123].in,Yes
zksolid-paper/benchmarks/aes-circom/gcm_siv_dec_2_keys_test,wit-constr-diff,aes_256_encrypt.circom,AES256Encrypt,bits2num_1[124].out:num2bits_1[124].in,Yes
zksolid-paper/benchmarks/aes-circom/gcm_siv_dec_2_keys_test,wit-constr-diff,aes_256_encrypt.circom,AES256Encrypt,bits2num_1[125].out:num2bits_1[125].in,Yes
zksolid-paper/benchmarks/aes-circom/gcm_siv_dec_2_keys_test,wit-constr-diff,aes_256_encrypt.circom,AES256Encrypt,bits2num_1[126].out:num2bits_1[126].in,Yes
zksolid-paper/benchmarks/aes-circom/gcm_siv_dec_2_keys_test,wit-constr-diff,aes_256_encrypt.circom,AES256Encrypt,bits2num_1[127].out:num2bits_1[127].in,Yes
zksolid-paper/benchmarks/aes-circom/gcm_siv_dec_2_keys_test,wit-constr-diff,aes_256_encrypt.circom,AES256Encrypt,bits2num_1[128].out:num2bits_1[128].in,Yes
zksolid-paper/benchmarks/aes-circom/gcm_siv_dec_2_keys_test,wit-constr-diff,aes_256_encrypt.circom,AES256Encrypt,bits2num_1[129].out:num2bits_1[129].in,Yes
zksolid-paper/benchmarks/aes-circom/gcm_siv_dec_2_keys_test,wit-constr-diff,aes_256_encrypt.circom,AES256Encrypt,bits2num_1[12].out:num2bits_1[12].in,Yes
zksolid-paper/benchmarks/aes-circom/gcm_siv_dec_2_keys_test,wit-constr-diff,aes_256_encrypt.circom,AES256Encrypt,bits2num_1[130].out:num2bits_1[130].in,Yes
zksolid-paper/benchmarks/aes-circom/gcm_siv_dec_2_keys_test,wit-constr-diff,aes_256_encrypt.circom,AES256Encrypt,bits2num_1[131].out:num2bits_1[131].in,Yes
zksolid-paper/benchmarks/aes-circom/gcm_siv_dec_2_keys_test,wit-constr-diff,aes_256_encrypt.circom,AES256Encrypt,bits2num_1[132].out:num2bits_1[132].in,Yes
zksolid-paper/benchmarks/aes-circom/gcm_siv_dec_2_keys_test,wit-constr-diff,aes_256_encrypt.circom,AES256Encrypt,bits2num_1[133].out:num2bits_1[133].in,Yes
zksolid-paper/benchmarks/aes-circom/gcm_siv_dec_2_keys_test,wit-constr-diff,aes_256_encrypt.circom,AES256Encrypt,bits2num_1[134].out:num2bits_1[134].in,Yes
zksolid-paper/benchmarks/aes-circom/gcm_siv_dec_2_keys_test,wit-constr-diff,aes_256_encrypt.circom,AES256Encrypt,bits2num_1[135].out:num2bits_1[135].in,Yes
zksolid-paper/benchmarks/aes-circom/gcm_siv_dec_2_keys_test,wit-constr-diff,aes_256_encrypt.circom,AES256Encrypt,bits2num_1[136].out:num2bits_1[136].in,Yes
zksolid-paper/benchmarks/aes-circom/gcm_siv_dec_2_keys_test,wit-constr-diff,aes_256_encrypt.circom,AES256Encrypt,bits2num_1[137].out:num2bits_1[137].in,Yes
zksolid-paper/benchmarks/aes-circom/gcm_siv_dec_2_keys_test,wit-constr-diff,aes_256_encrypt.circom,AES256Encrypt,bits2num_1[138].out:num2bits_1[138].in,Yes
zksolid-paper/benchmarks/aes-circom/gcm_siv_dec_2_keys_test,wit-constr-diff,aes_256_encrypt.circom,AES256Encrypt,bits2num_1[139].out:num2bits_1[139].in,Yes
zksolid-paper/benchmarks/aes-circom/gcm_siv_dec_2_keys_test,wit-constr-diff,aes_256_encrypt.circom,AES256Encrypt,bits2num_1[13].out:num2bits_1[13].in,Yes
zksolid-paper/benchmarks/aes-circom/gcm_siv_dec_2_keys_test,wit-constr-diff,aes_256_encrypt.circom,AES256Encrypt,bits2num_1[140].out:num2bits_1[140].in,Yes
zksolid-paper/benchmarks/aes-circom/gcm_siv_dec_2_keys_test,wit-constr-diff,aes_256_encrypt.circom,AES256Encrypt,bits2num_1[141].out:num2bits_1[141].in,Yes
zksolid-paper/benchmarks/aes-circom/gcm_siv_dec_2_keys_test,wit-constr-diff,aes_256_encrypt.circom,AES256Encrypt,bits2num_1[142].out:num2bits_1[142].in,Yes
zksolid-paper/benchmarks/aes-circom/gcm_siv_dec_2_keys_test,wit-constr-diff,aes_256_encrypt.circom,AES256Encrypt,bits2num_1[143].out:num2bits_1[143].in,Yes
zksolid-paper/benchmarks/aes-circom/gcm_siv_dec_2_keys_test,wit-constr-diff,aes_256_encrypt.circom,AES256Encrypt,bits2num_1[144].out:num2bits_1[144].in,Yes
zksolid-paper/benchmarks/aes-circom/gcm_siv_dec_2_keys_test,wit-constr-diff,aes_256_encrypt.circom,AES256Encrypt,bits2num_1[145].out:num2bits_1[145].in,Yes
zksolid-paper/benchmarks/aes-circom/gcm_siv_dec_2_keys_test,wit-constr-diff,aes_256_encrypt.circom,AES256Encrypt,bits2num_1[146].out:num2bits_1[146].in,Yes
zksolid-paper/benchmarks/aes-circom/gcm_siv_dec_2_keys_test,wit-constr-diff,aes_256_encrypt.circom,AES256Encrypt,bits2num_1[147].out:num2bits_1[147].in,Yes
zksolid-paper/benchmarks/aes-circom/gcm_siv_dec_2_keys_test,wit-constr-diff,aes_256_encrypt.circom,AES256Encrypt,bits2num_1[148].out:num2bits_1[148].in,Yes
zksolid-paper/benchmarks/aes-circom/gcm_siv_dec_2_keys_test,wit-constr-diff,aes_256_encrypt.circom,AES256Encrypt,bits2num_1[149].out:num2bits_1[149].in,Yes
zksolid-paper/benchmarks/aes-circom/gcm_siv_dec_2_keys_test,wit-constr-diff,aes_256_encrypt.circom,AES256Encrypt,bits2num_1[14].out:num2bits_1[14].in,Yes
zksolid-paper/benchmarks/aes-circom/gcm_siv_dec_2_keys_test,wit-constr-diff,aes_256_encrypt.circom,AES256Encrypt,bits2num_1[150].out:num2bits_1[150].in,Yes
zksolid-paper/benchmarks/aes-circom/gcm_siv_dec_2_keys_test,wit-constr-diff,aes_256_encrypt.circom,AES256Encrypt,bits2num_1[151].out:num2bits_1[151].in,Yes
zksolid-paper/benchmarks/aes-circom/gcm_siv_dec_2_keys_test,wit-constr-diff,aes_256_encrypt.circom,AES256Encrypt,bits2num_1[152].out:num2bits_1[152].in,Yes
zksolid-paper/benchmarks/aes-circom/gcm_siv_dec_2_keys_test,wit-constr-diff,aes_256_encrypt.circom,AES256Encrypt,bits2num_1[153].out:num2bits_1[153].in,Yes
zksolid-paper/benchmarks/aes-circom/gcm_siv_dec_2_keys_test,wit-constr-diff,aes_256_encrypt.circom,AES256Encrypt,bits2num_1[154].out:num2bits_1[154].in,Yes
zksolid-paper/benchmarks/aes-circom/gcm_siv_dec_2_keys_test,wit-constr-diff,aes_256_encrypt.circom,AES256Encrypt,bits2num_1[155].out:num2bits_1[155].in,Yes
zksolid-paper/benchmarks/aes-circom/gcm_siv_dec_2_keys_test,wit-constr-diff,aes_256_encrypt.circom,AES256Encrypt,bits2num_1[156].out:num2bits_1[156].in,Yes
zksolid-paper/benchmarks/aes-circom/gcm_siv_dec_2_keys_test,wit-constr-diff,aes_256_encrypt.circom,AES256Encrypt,bits2num_1[157].out:num2bits_1[157].in,Yes
zksolid-paper/benchmarks/aes-circom/gcm_siv_dec_2_keys_test,wit-constr-diff,aes_256_encrypt.circom,AES256Encrypt,bits2num_1[158].out:num2bits_1[158].in,Yes
zksolid-paper/benchmarks/aes-circom/gcm_siv_dec_2_keys_test,wit-constr-diff,aes_256_encrypt.circom,AES256Encrypt,bits2num_1[159].out:num2bits_1[159].in,Yes
zksolid-paper/benchmarks/aes-circom/gcm_siv_dec_2_keys_test,wit-constr-diff,aes_256_encrypt.circom,AES256Encrypt,bits2num_1[15].out:num2bits_1[15].in,Yes
zksolid-paper/benchmarks/aes-circom/gcm_siv_dec_2_keys_test,wit-constr-diff,aes_256_encrypt.circom,AES256Encrypt,bits2num_1[160].out:num2bits_1[160].in,Yes
zksolid-paper/benchmarks/aes-circom/gcm_siv_dec_2_keys_test,wit-constr-diff,aes_256_encrypt.circom,AES256Encrypt,bits2num_1[161].out:num2bits_1[161].in,Yes
zksolid-paper/benchmarks/aes-circom/gcm_siv_dec_2_keys_test,wit-constr-diff,aes_256_encrypt.circom,AES256Encrypt,bits2num_1[162].out:num2bits_1[162].in,Yes
zksolid-paper/benchmarks/aes-circom/gcm_siv_dec_2_keys_test,wit-constr-diff,aes_256_encrypt.circom,AES256Encrypt,bits2num_1[163].out:num2bits_1[163].in,Yes
zksolid-paper/benchmarks/aes-circom/gcm_siv_dec_2_keys_test,wit-constr-diff,aes_256_encrypt.circom,AES256Encrypt,bits2num_1[164].out:num2bits_1[164].in,Yes
zksolid-paper/benchmarks/aes-circom/gcm_siv_dec_2_keys_test,wit-constr-diff,aes_256_encrypt.circom,AES256Encrypt,bits2num_1[165].out:num2bits_1[165].in,Yes
zksolid-paper/benchmarks/aes-circom/gcm_siv_dec_2_keys_test,wit-constr-diff,aes_256_encrypt.circom,AES256Encrypt,bits2num_1[166].out:num2bits_1[166].in,Yes
zksolid-paper/benchmarks/aes-circom/gcm_siv_dec_2_keys_test,wit-constr-diff,aes_256_encrypt.circom,AES256Encrypt,bits2num_1[167].out:num2bits_1[167].in,Yes
zksolid-paper/benchmarks/aes-circom/gcm_siv_dec_2_keys_test,wit-constr-diff,aes_256_encrypt.circom,AES256Encrypt,bits2num_1[168].out:num2bits_1[168].in,Yes
zksolid-paper/benchmarks/aes-circom/gcm_siv_dec_2_keys_test,wit-constr-diff,aes_256_encrypt.circom,AES256Encrypt,bits2num_1[169].out:num2bits_1[169].in,Yes
zksolid-paper/benchmarks/aes-circom/gcm_siv_dec_2_keys_test,wit-constr-diff,aes_256_encrypt.circom,AES256Encrypt,bits2num_1[16].out:num2bits_1[16].in,Yes
zksolid-paper/benchmarks/aes-circom/gcm_siv_dec_2_keys_test,wit-constr-diff,aes_256_encrypt.circom,AES256Encrypt,bits2num_1[170].out:num2bits_1[170].in,Yes
zksolid-paper/benchmarks/aes-circom/gcm_siv_dec_2_keys_test,wit-constr-diff,aes_256_encrypt.circom,AES256Encrypt,bits2num_1[171].out:num2bits_1[171].in,Yes
zksolid-paper/benchmarks/aes-circom/gcm_siv_dec_2_keys_test,wit-constr-diff,aes_256_encrypt.circom,AES256Encrypt,bits2num_1[172].out:num2bits_1[172].in,Yes
zksolid-paper/benchmarks/aes-circom/gcm_siv_dec_2_keys_test,wit-constr-diff,aes_256_encrypt.circom,AES256Encrypt,bits2num_1[173].out:num2bits_1[173].in,Yes
zksolid-paper/benchmarks/aes-circom/gcm_siv_dec_2_keys_test,wit-constr-diff,aes_256_encrypt.circom,AES256Encrypt,bits2num_1[174].out:num2bits_1[174].in,Yes
zksolid-paper/benchmarks/aes-circom/gcm_siv_dec_2_keys_test,wit-constr-diff,aes_256_encrypt.circom,AES256Encrypt,bits2num_1[175].out:num2bits_1[175].in,Yes
zksolid-paper/benchmarks/aes-circom/gcm_siv_dec_2_keys_test,wit-constr-diff,aes_256_encrypt.circom,AES256Encrypt,bits2num_1[176].out:num2bits_1[176].in,Yes
zksolid-paper/benchmarks/aes-circom/gcm_siv_dec_2_keys_test,wit-constr-diff,aes_256_encrypt.circom,AES256Encrypt,bits2num_1[177].out:num2bits_1[177].in,Yes
zksolid-paper/benchmarks/aes-circom/gcm_siv_dec_2_keys_test,wit-constr-diff,aes_256_encrypt.circom,AES256Encrypt,bits2num_1[178].out:num2bits_1[178].in,Yes
zksolid-paper/benchmarks/aes-circom/gcm_siv_dec_2_keys_test,wit-constr-diff,aes_256_encrypt.circom,AES256Encrypt,bits2num_1[179].out:num2bits_1[179].in,Yes
zksolid-paper/benchmarks/aes-circom/gcm_siv_dec_2_keys_test,wit-constr-diff,aes_256_encrypt.circom,AES256Encrypt,bits2num_1[17].out:num2bits_1[17].in,Yes
zksolid-paper/benchmarks/aes-circom/gcm_siv_dec_2_keys_test,wit-constr-diff,aes_256_encrypt.circom,AES256Encrypt,bits2num_1[180].out:num2bits_1[180].in,Yes
zksolid-paper/benchmarks/aes-circom/gcm_siv_dec_2_keys_test,wit-constr-diff,aes_256_encrypt.circom,AES256Encrypt,bits2num_1[181].out:num2bits_1[181].in,Yes
zksolid-paper/benchmarks/aes-circom/gcm_siv_dec_2_keys_test,wit-constr-diff,aes_256_encrypt.circom,AES256Encrypt,bits2num_1[182].out:num2bits_1[182].in,Yes
zksolid-paper/benchmarks/aes-circom/gcm_siv_dec_2_keys_test,wit-constr-diff,aes_256_encrypt.circom,AES256Encrypt,bits2num_1[183].out:num2bits_1[183].in,Yes
zksolid-paper/benchmarks/aes-circom/gcm_siv_dec_2_keys_test,wit-constr-diff,aes_256_encrypt.circom,AES256Encrypt,bits2num_1[184].out:num2bits_1[184].in,Yes
zksolid-paper/benchmarks/aes-circom/gcm_siv_dec_2_keys_test,wit-constr-diff,aes_256_encrypt.circom,AES256Encrypt,bits2num_1[185].out:num2bits_1[185].in,Yes
zksolid-paper/benchmarks/aes-circom/gcm_siv_dec_2_keys_test,wit-constr-diff,aes_256_encrypt.circom,AES256Encrypt,bits2num_1[186].out:num2bits_1[186].in,Yes
zksolid-paper/benchmarks/aes-circom/gcm_siv_dec_2_keys_test,wit-constr-diff,aes_256_encrypt.circom,AES256Encrypt,bits2num_1[187].out:num2bits_1[187].in,Yes
zksolid-paper/benchmarks/aes-circom/gcm_siv_dec_2_keys_test,wit-constr-diff,aes_256_encrypt.circom,AES256Encrypt,bits2num_1[188].out:num2bits_1[188].in,Yes
zksolid-paper/benchmarks/aes-circom/gcm_siv_dec_2_keys_test,wit-constr-diff,aes_256_encrypt.circom,AES256Encrypt,bits2num_1[189].out:num2bits_1[189].in,Yes
zksolid-paper/benchmarks/aes-circom/gcm_siv_dec_2_keys_test,wit-constr-diff,aes_256_encrypt.circom,AES256Encrypt,bits2num_1[18].out:num2bits_1[18].in,Yes
zksolid-paper/benchmarks/aes-circom/gcm_siv_dec_2_keys_test,wit-constr-diff,aes_256_encrypt.circom,AES256Encrypt,bits2num_1[190].out:num2bits_1[190].in,Yes
zksolid-paper/benchmarks/aes-circom/gcm_siv_dec_2_keys_test,wit-constr-diff,aes_256_encrypt.circom,AES256Encrypt,bits2num_1[191].out:num2bits_1[191].in,Yes
zksolid-paper/benchmarks/aes-circom/gcm_siv_dec_2_keys_test,wit-constr-diff,aes_256_encrypt.circom,AES256Encrypt,bits2num_1[192].out:num2bits_1[192].in,Yes
zksolid-paper/benchmarks/aes-circom/gcm_siv_dec_2_keys_test,wit-constr-diff,aes_256_encrypt.circom,AES256Encrypt,bits2num_1[193].out:num2bits_1[193].in,Yes
zksolid-paper/benchmarks/aes-circom/gcm_siv_dec_2_keys_test,wit-constr-diff,aes_256_encrypt.circom,AES256Encrypt,bits2num_1[194].out:num2bits_1[194].in,Yes
zksolid-paper/benchmarks/aes-circom/gcm_siv_dec_2_keys_test,wit-constr-diff,aes_256_encrypt.circom,AES256Encrypt,bits2num_1[195].out:num2bits_1[195].in,Yes
zksolid-paper/benchmarks/aes-circom/gcm_siv_dec_2_keys_test,wit-constr-diff,aes_256_encrypt.circom,AES256Encrypt,bits2num_1[196].out:num2bits_1[196].in,Yes
zksolid-paper/benchmarks/aes-circom/gcm_siv_dec_2_keys_test,wit-constr-diff,aes_256_encrypt.circom,AES256Encrypt,bits2num_1[197].out:num2bits_1[197].in,Yes
zksolid-paper/benchmarks/aes-circom/gcm_siv_dec_2_keys_test,wit-constr-diff,aes_256_encrypt.circom,AES256Encrypt,bits2num_1[198].out:num2bits_1[198].in,Yes
zksolid-paper/benchmarks/aes-circom/gcm_siv_dec_2_keys_test,wit-constr-diff,aes_256_encrypt.circom,AES256Encrypt,bits2num_1[199].out:num2bits_1[199].in,Yes
zksolid-paper/benchmarks/aes-circom/gcm_siv_dec_2_keys_test,wit-constr-diff,aes_256_encrypt.circom,AES256Encrypt,bits2num_1[19].out:num2bits_1[19].in,Yes
zksolid-paper/benchmarks/aes-circom/gcm_siv_dec_2_keys_test,wit-constr-diff,aes_256_encrypt.circom,AES256Encrypt,bits2num_1[1].out:num2bits_1[1].in,Yes
zksolid-paper/benchmarks/aes-circom/gcm_siv_dec_2_keys_test,wit-constr-diff,aes_256_encrypt.circom,AES256Encrypt,bits2num_1[200].out:num2bits_1[200].in,Yes
zksolid-paper/benchmarks/aes-circom/gcm_siv_dec_2_keys_test,wit-constr-diff,aes_256_encrypt.circom,AES256Encrypt,bits2num_1[201].out:num2bits_1[201].in,Yes
zksolid-paper/benchmarks/aes-circom/gcm_siv_dec_2_keys_test,wit-constr-diff,aes_256_encrypt.circom,AES256Encrypt,bits2num_1[202].out:num2bits_1[202].in,Yes
zksolid-paper/benchmarks/aes-circom/gcm_siv_dec_2_keys_test,wit-constr-diff,aes_256_encrypt.circom,AES256Encrypt,bits2num_1[203].out:num2bits_1[203].in,Yes
zksolid-paper/benchmarks/aes-circom/gcm_siv_dec_2_keys_test,wit-constr-diff,aes_256_encrypt.circom,AES256Encrypt,bits2num_1[204].out:num2bits_1[204].in,Yes
zksolid-paper/benchmarks/aes-circom/gcm_siv_dec_2_keys_test,wit-constr-diff,aes_256_encrypt.circom,AES256Encrypt,bits2num_1[205].out:num2bits_1[205].in,Yes
zksolid-paper/benchmarks/aes-circom/gcm_siv_dec_2_keys_test,wit-constr-diff,aes_256_encrypt.circom,AES256Encrypt,bits2num_1[206].out:num2bits_1[206].in,Yes
zksolid-paper/benchmarks/aes-circom/gcm_siv_dec_2_keys_test,wit-constr-diff,aes_256_encrypt.circom,AES256Encrypt,bits2num_1[207].out:num2bits_1[207].in,Yes
zksolid-paper/benchmarks/aes-circom/gcm_siv_dec_2_keys_test,wit-constr-diff,aes_256_encrypt.circom,AES256Encrypt,bits2num_1[20].out:num2bits_1[20].in,Yes
zksolid-paper/benchmarks/aes-circom/gcm_siv_dec_2_keys_test,wit-constr-diff,aes_256_encrypt.circom,AES256Encrypt,bits2num_1[21].out:num2bits_1[21].in,Yes
zksolid-paper/benchmarks/aes-circom/gcm_siv_dec_2_keys_test,wit-constr-diff,aes_256_encrypt.circom,AES256Encrypt,bits2num_1[22].out:num2bits_1[22].in,Yes
zksolid-paper/benchmarks/aes-circom/gcm_siv_dec_2_keys_test,wit-constr-diff,aes_256_encrypt.circom,AES256Encrypt,bits2num_1[23].out:num2bits_1[23].in,Yes
zksolid-paper/benchmarks/aes-circom/gcm_siv_dec_2_keys_test,wit-constr-diff,aes_256_encrypt.circom,AES256Encrypt,bits2num_1[24].out:num2bits_1[24].in,Yes
zksolid-paper/benchmarks/aes-circom/gcm_siv_dec_2_keys_test,wit-constr-diff,aes_256_encrypt.circom,AES256Encrypt,bits2num_1[25].out:num2bits_1[25].in,Yes
zksolid-paper/benchmarks/aes-circom/gcm_siv_dec_2_keys_test,wit-constr-diff,aes_256_encrypt.circom,AES256Encrypt,bits2num_1[26].out:num2bits_1[26].in,Yes
zksolid-paper/benchmarks/aes-circom/gcm_siv_dec_2_keys_test,wit-constr-diff,aes_256_encrypt.circom,AES256Encrypt,bits2num_1[27].out:num2bits_1[27].in,Yes
zksolid-paper/benchmarks/aes-circom/gcm_siv_dec_2_keys_test,wit-constr-diff,aes_256_encrypt.circom,AES256Encrypt,bits2num_1[28].out:num2bits_1[28].in,Yes
zksolid-paper/benchmarks/aes-circom/gcm_siv_dec_2_keys_test,wit-constr-diff,aes_256_encrypt.circom,AES256Encrypt,bits2num_1[29].out:num2bits_1[29].in,Yes
zksolid-paper/benchmarks/aes-circom/gcm_siv_dec_2_keys_test,wit-constr-diff,aes_256_encrypt.circom,AES256Encrypt,bits2num_1[2].out:num2bits_1[2].in,Yes
zksolid-paper/benchmarks/aes-circom/gcm_siv_dec_2_keys_test,wit-constr-diff,aes_256_encrypt.circom,AES256Encrypt,bits2num_1[30].out:num2bits_1[30].in,Yes
zksolid-paper/benchmarks/aes-circom/gcm_siv_dec_2_keys_test,wit-constr-diff,aes_256_encrypt.circom,AES256Encrypt,bits2num_1[31].out:num2bits_1[31].in,Yes
zksolid-paper/benchmarks/aes-circom/gcm_siv_dec_2_keys_test,wit-constr-diff,aes_256_encrypt.circom,AES256Encrypt,bits2num_1[32].out:num2bits_1[32].in,Yes
zksolid-paper/benchmarks/aes-circom/gcm_siv_dec_2_keys_test,wit-constr-diff,aes_256_encrypt.circom,AES256Encrypt,bits2num_1[33].out:num2bits_1[33].in,Yes
zksolid-paper/benchmarks/aes-circom/gcm_siv_dec_2_keys_test,wit-constr-diff,aes_256_encrypt.circom,AES256Encrypt,bits2num_1[34].out:num2bits_1[34].in,Yes
zksolid-paper/benchmarks/aes-circom/gcm_siv_dec_2_keys_test,wit-constr-diff,aes_256_encrypt.circom,AES256Encrypt,bits2num_1[35].out:num2bits_1[35].in,Yes
zksolid-paper/benchmarks/aes-circom/gcm_siv_dec_2_keys_test,wit-constr-diff,aes_256_encrypt.circom,AES256Encrypt,bits2num_1[36].out:num2bits_1[36].in,Yes
zksolid-paper/benchmarks/aes-circom/gcm_siv_dec_2_keys_test,wit-constr-diff,aes_256_encrypt.circom,AES256Encrypt,bits2num_1[37].out:num2bits_1[37].in,Yes
zksolid-paper/benchmarks/aes-circom/gcm_siv_dec_2_keys_test,wit-constr-diff,aes_256_encrypt.circom,AES256Encrypt,bits2num_1[38].out:num2bits_1[38].in,Yes
zksolid-paper/benchmarks/aes-circom/gcm_siv_dec_2_keys_test,wit-constr-diff,aes_256_encrypt.circom,AES256Encrypt,bits2num_1[39].out:num2bits_1[39].in,Yes
zksolid-paper/benchmarks/aes-circom/gcm_siv_dec_2_keys_test,wit-constr-diff,aes_256_encrypt.circom,AES256Encrypt,bits2num_1[3].out:num2bits_1[3].in,Yes
zksolid-paper/benchmarks/aes-circom/gcm_siv_dec_2_keys_test,wit-constr-diff,aes_256_encrypt.circom,AES256Encrypt,bits2num_1[40].out:num2bits_1[40].in,Yes
zksolid-paper/benchmarks/aes-circom/gcm_siv_dec_2_keys_test,wit-constr-diff,aes_256_encrypt.circom,AES256Encrypt,bits2num_1[41].out:num2bits_1[41].in,Yes
zksolid-paper/benchmarks/aes-circom/gcm_siv_dec_2_keys_test,wit-constr-diff,aes_256_encrypt.circom,AES256Encrypt,bits2num_1[42].out:num2bits_1[42].in,Yes
zksolid-paper/benchmarks/aes-circom/gcm_siv_dec_2_keys_test,wit-constr-diff,aes_256_encrypt.circom,AES256Encrypt,bits2num_1[43].out:num2bits_1[43].in,Yes
zksolid-paper/benchmarks/aes-circom/gcm_siv_dec_2_keys_test,wit-constr-diff,aes_256_encrypt.circom,AES256Encrypt,bits2num_1[44].out:num2bits_1[44].in,Yes
zksolid-paper/benchmarks/aes-circom/gcm_siv_dec_2_keys_test,wit-constr-diff,aes_256_encrypt.circom,AES256Encrypt,bits2num_1[45].out:num2bits_1[45].in,Yes
zksolid-paper/benchmarks/aes-circom/gcm_siv_dec_2_keys_test,wit-constr-diff,aes_256_encrypt.circom,AES256Encrypt,bits2num_1[46].out:num2bits_1[46].in,Yes
zksolid-paper/benchmarks/aes-circom/gcm_siv_dec_2_keys_test,wit-constr-diff,aes_256_encrypt.circom,AES256Encrypt,bits2num_1[47].out:num2bits_1[47].in,Yes
zksolid-paper/benchmarks/aes-circom/gcm_siv_dec_2_keys_test,wit-constr-diff,aes_256_encrypt.circom,AES256Encrypt,bits2num_1[48].out:num2bits_1[48].in,Yes
zksolid-paper/benchmarks/aes-circom/gcm_siv_dec_2_keys_test,wit-constr-diff,aes_256_encrypt.circom,AES256Encrypt,bits2num_1[49].out:num2bits_1[49].in,Yes
zksolid-paper/benchmarks/aes-circom/gcm_siv_dec_2_keys_test,wit-constr-diff,aes_256_encrypt.circom,AES256Encrypt,bits2num_1[4].out:num2bits_1[4].in,Yes
zksolid-paper/benchmarks/aes-circom/gcm_siv_dec_2_keys_test,wit-constr-diff,aes_256_encrypt.circom,AES256Encrypt,bits2num_1[50].out:num2bits_1[50].in,Yes
zksolid-paper/benchmarks/aes-circom/gcm_siv_dec_2_keys_test,wit-constr-diff,aes_256_encrypt.circom,AES256Encrypt,bits2num_1[51].out:num2bits_1[51].in,Yes
zksolid-paper/benchmarks/aes-circom/gcm_siv_dec_2_keys_test,wit-constr-diff,aes_256_encrypt.circom,AES256Encrypt,bits2num_1[52].out:num2bits_1[52].in,Yes
zksolid-paper/benchmarks/aes-circom/gcm_siv_dec_2_keys_test,wit-constr-diff,aes_256_encrypt.circom,AES256Encrypt,bits2num_1[53].out:num2bits_1[53].in,Yes
zksolid-paper/benchmarks/aes-circom/gcm_siv_dec_2_keys_test,wit-constr-diff,aes_256_encrypt.circom,AES256Encrypt,bits2num_1[54].out:num2bits_1[54].in,Yes
zksolid-paper/benchmarks/aes-circom/gcm_siv_dec_2_keys_test,wit-constr-diff,aes_256_encrypt.circom,AES256Encrypt,bits2num_1[55].out:num2bits_1[55].in,Yes
zksolid-paper/benchmarks/aes-circom/gcm_siv_dec_2_keys_test,wit-constr-diff,aes_256_encrypt.circom,AES256Encrypt,bits2num_1[56].out:num2bits_1[56].in,Yes
zksolid-paper/benchmarks/aes-circom/gcm_siv_dec_2_keys_test,wit-constr-diff,aes_256_encrypt.circom,AES256Encrypt,bits2num_1[57].out:num2bits_1[57].in,Yes
zksolid-paper/benchmarks/aes-circom/gcm_siv_dec_2_keys_test,wit-constr-diff,aes_256_encrypt.circom,AES256Encrypt,bits2num_1[58].out:num2bits_1[58].in,Yes
zksolid-paper/benchmarks/aes-circom/gcm_siv_dec_2_keys_test,wit-constr-diff,aes_256_encrypt.circom,AES256Encrypt,bits2num_1[59].out:num2bits_1[59].in,Yes
zksolid-paper/benchmarks/aes-circom/gcm_siv_dec_2_keys_test,wit-constr-diff,aes_256_encrypt.circom,AES256Encrypt,bits2num_1[5].out:num2bits_1[5].in,Yes
zksolid-paper/benchmarks/aes-circom/gcm_siv_dec_2_keys_test,wit-constr-diff,aes_256_encrypt.circom,AES256Encrypt,bits2num_1[60].out:num2bits_1[60].in,Yes
zksolid-paper/benchmarks/aes-circom/gcm_siv_dec_2_keys_test,wit-constr-diff,aes_256_encrypt.circom,AES256Encrypt,bits2num_1[61].out:num2bits_1[61].in,Yes
zksolid-paper/benchmarks/aes-circom/gcm_siv_dec_2_keys_test,wit-constr-diff,aes_256_encrypt.circom,AES256Encrypt,bits2num_1[62].out:num2bits_1[62].in,Yes
zksolid-paper/benchmarks/aes-circom/gcm_siv_dec_2_keys_test,wit-constr-diff,aes_256_encrypt.circom,AES256Encrypt,bits2num_1[63].out:num2bits_1[63].in,Yes
zksolid-paper/benchmarks/aes-circom/gcm_siv_dec_2_keys_test,wit-constr-diff,aes_256_encrypt.circom,AES256Encrypt,bits2num_1[64].out:num2bits_1[64].in,Yes
zksolid-paper/benchmarks/aes-circom/gcm_siv_dec_2_keys_test,wit-constr-diff,aes_256_encrypt.circom,AES256Encrypt,bits2num_1[65].out:num2bits_1[65].in,Yes
zksolid-paper/benchmarks/aes-circom/gcm_siv_dec_2_keys_test,wit-constr-diff,aes_256_encrypt.circom,AES256Encrypt,bits2num_1[66].out:num2bits_1[66].in,Yes
zksolid-paper/benchmarks/aes-circom/gcm_siv_dec_2_keys_test,wit-constr-diff,aes_256_encrypt.circom,AES256Encrypt,bits2num_1[67].out:num2bits_1[67].in,Yes
zksolid-paper/benchmarks/aes-circom/gcm_siv_dec_2_keys_test,wit-constr-diff,aes_256_encrypt.circom,AES256Encrypt,bits2num_1[68].out:num2bits_1[68].in,Yes
zksolid-paper/benchmarks/aes-circom/gcm_siv_dec_2_keys_test,wit-constr-diff,aes_256_encrypt.circom,AES256Encrypt,bits2num_1[69].out:num2bits_1[69].in,Yes
zksolid-paper/benchmarks/aes-circom/gcm_siv_dec_2_keys_test,wit-constr-diff,aes_256_encrypt.circom,AES256Encrypt,bits2num_1[6].out:num2bits_1[6].in,Yes
zksolid-paper/benchmarks/aes-circom/gcm_siv_dec_2_keys_test,wit-constr-diff,aes_256_encrypt.circom,AES256Encrypt,bits2num_1[70].out:num2bits_1[70].in,Yes
zksolid-paper/benchmarks/aes-circom/gcm_siv_dec_2_keys_test,wit-constr-diff,aes_256_encrypt.circom,AES256Encrypt,bits2num_1[71].out:num2bits_1[71].in,Yes
zksolid-paper/benchmarks/aes-circom/gcm_siv_dec_2_keys_test,wit-constr-diff,aes_256_encrypt.circom,AES256Encrypt,bits2num_1[72].out:num2bits_1[72].in,Yes
zksolid-paper/benchmarks/aes-circom/gcm_siv_dec_2_keys_test,wit-constr-diff,aes_256_encrypt.circom,AES256Encrypt,bits2num_1[73].out:num2bits_1[73].in,Yes
zksolid-paper/benchmarks/aes-circom/gcm_siv_dec_2_keys_test,wit-constr-diff,aes_256_encrypt.circom,AES256Encrypt,bits2num_1[74].out:num2bits_1[74].in,Yes
zksolid-paper/benchmarks/aes-circom/gcm_siv_dec_2_keys_test,wit-constr-diff,aes_256_encrypt.circom,AES256Encrypt,bits2num_1[75].out:num2bits_1[75].in,Yes
zksolid-paper/benchmarks/aes-circom/gcm_siv_dec_2_keys_test,wit-constr-diff,aes_256_encrypt.circom,AES256Encrypt,bits2num_1[76].out:num2bits_1[76].in,Yes
zksolid-paper/benchmarks/aes-circom/gcm_siv_dec_2_keys_test,wit-constr-diff,aes_256_encrypt.circom,AES256Encrypt,bits2num_1[77].out:num2bits_1[77].in,Yes
zksolid-paper/benchmarks/aes-circom/gcm_siv_dec_2_keys_test,wit-constr-diff,aes_256_encrypt.circom,AES256Encrypt,bits2num_1[78].out:num2bits_1[78].in,Yes
zksolid-paper/benchmarks/aes-circom/gcm_siv_dec_2_keys_test,wit-constr-diff,aes_256_encrypt.circom,AES256Encrypt,bits2num_1[79].out:num2bits_1[79].in,Yes
zksolid-paper/benchmarks/aes-circom/gcm_siv_dec_2_keys_test,wit-constr-diff,aes_256_encrypt.circom,AES256Encrypt,bits2num_1[7].out:num2bits_1[7].in,Yes
zksolid-paper/benchmarks/aes-circom/gcm_siv_dec_2_keys_test,wit-constr-diff,aes_256_encrypt.circom,AES256Encrypt,bits2num_1[80].out:num2bits_1[80].in,Yes
zksolid-paper/benchmarks/aes-circom/gcm_siv_dec_2_keys_test,wit-constr-diff,aes_256_encrypt.circom,AES256Encrypt,bits2num_1[81].out:num2bits_1[81].in,Yes
zksolid-paper/benchmarks/aes-circom/gcm_siv_dec_2_keys_test,wit-constr-diff,aes_256_encrypt.circom,AES256Encrypt,bits2num_1[82].out:num2bits_1[82].in,Yes
zksolid-paper/benchmarks/aes-circom/gcm_siv_dec_2_keys_test,wit-constr-diff,aes_256_encrypt.circom,AES256Encrypt,bits2num_1[83].out:num2bits_1[83].in,Yes
zksolid-paper/benchmarks/aes-circom/gcm_siv_dec_2_keys_test,wit-constr-diff,aes_256_encrypt.circom,AES256Encrypt,bits2num_1[84].out:num2bits_1[84].in,Yes
zksolid-paper/benchmarks/aes-circom/gcm_siv_dec_2_keys_test,wit-constr-diff,aes_256_encrypt.circom,AES256Encrypt,bits2num_1[85].out:num2bits_1[85].in,Yes
zksolid-paper/benchmarks/aes-circom/gcm_siv_dec_2_keys_test,wit-constr-diff,aes_256_encrypt.circom,AES256Encrypt,bits2num_1[86].out:num2bits_1[86].in,Yes
zksolid-paper/benchmarks/aes-circom/gcm_siv_dec_2_keys_test,wit-constr-diff,aes_256_encrypt.circom,AES256Encrypt,bits2num_1[87].out:num2bits_1[87].in,Yes
zksolid-paper/benchmarks/aes-circom/gcm_siv_dec_2_keys_test,wit-constr-diff,aes_256_encrypt.circom,AES256Encrypt,bits2num_1[88].out:num2bits_1[88].in,Yes
zksolid-paper/benchmarks/aes-circom/gcm_siv_dec_2_keys_test,wit-constr-diff,aes_256_encrypt.circom,AES256Encrypt,bits2num_1[89].out:num2bits_1[89].in,Yes
zksolid-paper/benchmarks/aes-circom/gcm_siv_dec_2_keys_test,wit-constr-diff,aes_256_encrypt.circom,AES256Encrypt,bits2num_1[8].out:num2bits_1[8].in,Yes
zksolid-paper/benchmarks/aes-circom/gcm_siv_dec_2_keys_test,wit-constr-diff,aes_256_encrypt.circom,AES256Encrypt,bits2num_1[90].out:num2bits_1[90].in,Yes
zksolid-paper/benchmarks/aes-circom/gcm_siv_dec_2_keys_test,wit-constr-diff,aes_256_encrypt.circom,AES256Encrypt,bits2num_1[91].out:num2bits_1[91].in,Yes
zksolid-paper/benchmarks/aes-circom/gcm_siv_dec_2_keys_test,wit-constr-diff,aes_256_encrypt.circom,AES256Encrypt,bits2num_1[92].out:num2bits_1[92].in,Yes
zksolid-paper/benchmarks/aes-circom/gcm_siv_dec_2_keys_test,wit-constr-diff,aes_256_encrypt.circom,AES256Encrypt,bits2num_1[93].out:num2bits_1[93].in,Yes
zksolid-paper/benchmarks/aes-circom/gcm_siv_dec_2_keys_test,wit-constr-diff,aes_256_encrypt.circom,AES256Encrypt,bits2num_1[94].out:num2bits_1[94].in,Yes
zksolid-paper/benchmarks/aes-circom/gcm_siv_dec_2_keys_test,wit-constr-diff,aes_256_encrypt.circom,AES256Encrypt,bits2num_1[95].out:num2bits_1[95].in,Yes
zksolid-paper/benchmarks/aes-circom/gcm_siv_dec_2_keys_test,wit-constr-diff,aes_256_encrypt.circom,AES256Encrypt,bits2num_1[96].out:num2bits_1[96].in,Yes
zksolid-paper/benchmarks/aes-circom/gcm_siv_dec_2_keys_test,wit-constr-diff,aes_256_encrypt.circom,AES256Encrypt,bits2num_1[97].out:num2bits_1[97].in,Yes
zksolid-paper/benchmarks/aes-circom/gcm_siv_dec_2_keys_test,wit-constr-diff,aes_256_encrypt.circom,AES256Encrypt,bits2num_1[98].out:num2bits_1[98].in,Yes
zksolid-paper/benchmarks/aes-circom/gcm_siv_dec_2_keys_test,wit-constr-diff,aes_256_encrypt.circom,AES256Encrypt,bits2num_1[99].out:num2bits_1[99].in,Yes
zksolid-paper/benchmarks/aes-circom/gcm_siv_dec_2_keys_test,wit-constr-diff,aes_256_encrypt.circom,AES256Encrypt,bits2num_1[9].out:num2bits_1[9].in,Yes
zksolid-paper/benchmarks/aes-circom/gcm_siv_dec_2_keys_test,wit-constr-diff,aes_256_key_expansion.circom,AES256KeyExpansion,bits2num_1[112].out:num2bits_1[140].in,Yes
zksolid-paper/benchmarks/aes-circom/gcm_siv_dec_2_keys_test,wit-constr-diff,aes_256_key_expansion.circom,AES256KeyExpansion,bits2num_1[113].out:num2bits_1[141].in,Yes
zksolid-paper/benchmarks/aes-circom/gcm_siv_dec_2_keys_test,wit-constr-diff,aes_256_key_expansion.circom,AES256KeyExpansion,bits2num_1[114].out:num2bits_1[142].in,Yes
zksolid-paper/benchmarks/aes-circom/gcm_siv_dec_2_keys_test,wit-constr-diff,aes_256_key_expansion.circom,AES256KeyExpansion,bits2num_1[115].out:num2bits_1[143].in,Yes
zksolid-paper/benchmarks/aes-circom/gcm_siv_dec_2_keys_test,wit-constr-diff,aes_256_key_expansion.circom,AES256KeyExpansion,bits2num_1[128].out:num2bits_1[160].in,Yes
zksolid-paper/benchmarks/aes-circom/gcm_siv_dec_2_keys_test,wit-constr-diff,aes_256_key_expansion.circom,AES256KeyExpansion,bits2num_1[129].out:num2bits_1[161].in,Yes
zksolid-paper/benchmarks/aes-circom/gcm_siv_dec_2_keys_test,wit-constr-diff,aes_256_key_expansion.circom,AES256KeyExpansion,bits2num_1[130].out:num2bits_1[162].in,Yes
zksolid-paper/benchmarks/aes-circom/gcm_siv_dec_2_keys_test,wit-constr-diff,aes_256_key_expansion.circom,AES256KeyExpansion,bits2num_1[131].out:num2bits_1[163].in,Yes
zksolid-paper/benchmarks/aes-circom/gcm_siv_dec_2_keys_test,wit-constr-diff,aes_256_key_expansion.circom,AES256KeyExpansion,bits2num_1[144].out:num2bits_1[180].in,Yes
zksolid-paper/benchmarks/aes-circom/gcm_siv_dec_2_keys_test,wit-constr-diff,aes_256_key_expansion.circom,AES256KeyExpansion,bits2num_1[145].out:num2bits_1[181].in,Yes
zksolid-paper/benchmarks/aes-circom/gcm_siv_dec_2_keys_test,wit-constr-diff,aes_256_key_expansion.circom,AES256KeyExpansion,bits2num_1[146].out:num2bits_1[182].in,Yes
zksolid-paper/benchmarks/aes-circom/gcm_siv_dec_2_keys_test,wit-constr-diff,aes_256_key_expansion.circom,AES256KeyExpansion,bits2num_1[147].out:num2bits_1[183].in,Yes
zksolid-paper/benchmarks/aes-circom/gcm_siv_dec_2_keys_test,wit-constr-diff,aes_256_key_expansion.circom,AES256KeyExpansion,bits2num_1[160].out:num2bits_1[200].in,Yes
zksolid-paper/benchmarks/aes-circom/gcm_siv_dec_2_keys_test,wit-constr-diff,aes_256_key_expansion.circom,AES256KeyExpansion,bits2num_1[161].out:num2bits_1[201].in,Yes
zksolid-paper/benchmarks/aes-circom/gcm_siv_dec_2_keys_test,wit-constr-diff,aes_256_key_expansion.circom,AES256KeyExpansion,bits2num_1[162].out:num2bits_1[202].in,Yes
zksolid-paper/benchmarks/aes-circom/gcm_siv_dec_2_keys_test,wit-constr-diff,aes_256_key_expansion.circom,AES256KeyExpansion,bits2num_1[163].out:num2bits_1[203].in,Yes
zksolid-paper/benchmarks/aes-circom/gcm_siv_dec_2_keys_test,wit-constr-diff,aes_256_key_expansion.circom,AES256KeyExpansion,bits2num_1[176].out:num2bits_1[220].in,Yes
zksolid-paper/benchmarks/aes-circom/gcm_siv_dec_2_keys_test,wit-constr-diff,aes_256_key_expansion.circom,AES256KeyExpansion,bits2num_1[177].out:num2bits_1[221].in,Yes
zksolid-paper/benchmarks/aes-circom/gcm_siv_dec_2_keys_test,wit-constr-diff,aes_256_key_expansion.circom,AES256KeyExpansion,bits2num_1[178].out:num2bits_1[222].in,Yes
zksolid-paper/benchmarks/aes-circom/gcm_siv_dec_2_keys_test,wit-constr-diff,aes_256_key_expansion.circom,AES256KeyExpansion,bits2num_1[179].out:num2bits_1[223].in,Yes
zksolid-paper/benchmarks/aes-circom/gcm_siv_dec_2_keys_test,wit-constr-diff,aes_256_key_expansion.circom,AES256KeyExpansion,bits2num_1[192].out:num2bits_1[240].in,Yes
zksolid-paper/benchmarks/aes-circom/gcm_siv_dec_2_keys_test,wit-constr-diff,aes_256_key_expansion.circom,AES256KeyExpansion,bits2num_1[193].out:num2bits_1[241].in,Yes
zksolid-paper/benchmarks/aes-circom/gcm_siv_dec_2_keys_test,wit-constr-diff,aes_256_key_expansion.circom,AES256KeyExpansion,bits2num_1[194].out:num2bits_1[242].in,Yes
zksolid-paper/benchmarks/aes-circom/gcm_siv_dec_2_keys_test,wit-constr-diff,aes_256_key_expansion.circom,AES256KeyExpansion,bits2num_1[195].out:num2bits_1[243].in,Yes
zksolid-paper/benchmarks/aes-circom/gcm_siv_dec_2_keys_test,wit-constr-diff,aes_256_key_expansion.circom,AES256KeyExpansion,bits2num_1[208].out:num2bits_1[260].in,Yes
zksolid-paper/benchmarks/aes-circom/gcm_siv_dec_2_keys_test,wit-constr-diff,aes_256_key_expansion.circom,AES256KeyExpansion,bits2num_1[209].out:num2bits_1[261].in,Yes
zksolid-paper/benchmarks/aes-circom/gcm_siv_dec_2_keys_test,wit-constr-diff,aes_256_key_expansion.circom,AES256KeyExpansion,bits2num_1[210].out:num2bits_1[262].in,Yes
zksolid-paper/benchmarks/aes-circom/gcm_siv_dec_2_keys_test,wit-constr-diff,aes_256_key_expansion.circom,AES256KeyExpansion,bits2num_1[211].out:num2bits_1[263].in,Yes
zksolid-paper/benchmarks/aes-circom/gcm_siv_dec_2_keys_test,wit-constr-diff,aes_256_key_expansion.circom,AES256KeyExpansion,bits2num_1[224].out:num2bits_1[280].in,Yes
zksolid-paper/benchmarks/aes-circom/gcm_siv_dec_2_keys_test,wit-constr-diff,aes_256_key_expansion.circom,AES256KeyExpansion,bits2num_1[225].out:num2bits_1[281].in,Yes
zksolid-paper/benchmarks/aes-circom/gcm_siv_dec_2_keys_test,wit-constr-diff,aes_256_key_expansion.circom,AES256KeyExpansion,bits2num_1[226].out:num2bits_1[282].in,Yes
zksolid-paper/benchmarks/aes-circom/gcm_siv_dec_2_keys_test,wit-constr-diff,aes_256_key_expansion.circom,AES256KeyExpansion,bits2num_1[227].out:num2bits_1[283].in,Yes
zksolid-paper/benchmarks/aes-circom/gcm_siv_dec_2_keys_test,wit-constr-diff,aes_256_key_expansion.circom,AES256KeyExpansion,bits2num_1[32].out:num2bits_1[40].in,Yes
zksolid-paper/benchmarks/aes-circom/gcm_siv_dec_2_keys_test,wit-constr-diff,aes_256_key_expansion.circom,AES256KeyExpansion,bits2num_1[33].out:num2bits_1[41].in,Yes
zksolid-paper/benchmarks/aes-circom/gcm_siv_dec_2_keys_test,wit-constr-diff,aes_256_key_expansion.circom,AES256KeyExpansion,bits2num_1[34].out:num2bits_1[42].in,Yes
zksolid-paper/benchmarks/aes-circom/gcm_siv_dec_2_keys_test,wit-constr-diff,aes_256_key_expansion.circom,AES256KeyExpansion,bits2num_1[35].out:num2bits_1[43].in,Yes
zksolid-paper/benchmarks/aes-circom/gcm_siv_dec_2_keys_test,wit-constr-diff,aes_256_key_expansion.circom,AES256KeyExpansion,bits2num_1[48].out:num2bits_1[60].in,Yes
zksolid-paper/benchmarks/aes-circom/gcm_siv_dec_2_keys_test,wit-constr-diff,aes_256_key_expansion.circom,AES256KeyExpansion,bits2num_1[49].out:num2bits_1[61].in,Yes
zksolid-paper/benchmarks/aes-circom/gcm_siv_dec_2_keys_test,wit-constr-diff,aes_256_key_expansion.circom,AES256KeyExpansion,bits2num_1[50].out:num2bits_1[62].in,Yes
zksolid-paper/benchmarks/aes-circom/gcm_siv_dec_2_keys_test,wit-constr-diff,aes_256_key_expansion.circom,AES256KeyExpansion,bits2num_1[51].out:num2bits_1[63].in,Yes
zksolid-paper/benchmarks/aes-circom/gcm_siv_dec_2_keys_test,wit-constr-diff,aes_256_key_expansion.circom,AES256KeyExpansion,bits2num_1[64].out:num2bits_1[80].in,Yes
zksolid-paper/benchmarks/aes-circom/gcm_siv_dec_2_keys_test,wit-constr-diff,aes_256_key_expansion.circom,AES256KeyExpansion,bits2num_1[65].out:num2bits_1[81].in,Yes
zksolid-paper/benchmarks/aes-circom/gcm_siv_dec_2_keys_test,wit-constr-diff,aes_256_key_expansion.circom,AES256KeyExpansion,bits2num_1[66].out:num2bits_1[82].in,Yes
zksolid-paper/benchmarks/aes-circom/gcm_siv_dec_2_keys_test,wit-constr-diff,aes_256_key_expansion.circom,AES256KeyExpansion,bits2num_1[67].out:num2bits_1[83].in,Yes
zksolid-paper/benchmarks/aes-circom/gcm_siv_dec_2_keys_test,wit-constr-diff,aes_256_key_expansion.circom,AES256KeyExpansion,bits2num_1[80].out:num2bits_1[100].in,Yes
zksolid-paper/benchmarks/aes-circom/gcm_siv_dec_2_keys_test,wit-constr-diff,aes_256_key_expansion.circom,AES256KeyExpansion,bits2num_1[81].out:num2bits_1[101].in,Yes
zksolid-paper/benchmarks/aes-circom/gcm_siv_dec_2_keys_test,wit-constr-diff,aes_256_key_expansion.circom,AES256KeyExpansion,bits2num_1[82].out:num2bits_1[102].in,Yes
zksolid-paper/benchmarks/aes-circom/gcm_siv_dec_2_keys_test,wit-constr-diff,aes_256_key_expansion.circom,AES256KeyExpansion,bits2num_1[83].out:num2bits_1[103].in,Yes
zksolid-paper/benchmarks/aes-circom/gcm_siv_dec_2_keys_test,wit-constr-diff,aes_256_key_expansion.circom,AES256KeyExpansion,bits2num_1[96].out:num2bits_1[120].in,Yes
zksolid-paper/benchmarks/aes-circom/gcm_siv_dec_2_keys_test,wit-constr-diff,aes_256_key_expansion.circom,AES256KeyExpansion,bits2num_1[97].out:num2bits_1[121].in,Yes
zksolid-paper/benchmarks/aes-circom/gcm_siv_dec_2_keys_test,wit-constr-diff,aes_256_key_expansion.circom,AES256KeyExpansion,bits2num_1[98].out:num2bits_1[122].in,Yes
zksolid-paper/benchmarks/aes-circom/gcm_siv_dec_2_keys_test,wit-constr-diff,aes_256_key_expansion.circom,AES256KeyExpansion,bits2num_1[99].out:num2bits_1[123].in,Yes
zksolid-paper/benchmarks/aes-circom/gcm_siv_dec_2_keys_test,wit-constr-diff,aes_emulation.circom,EmulatedAesencSubstituteBytes,in[0]:out[0],Yes
zksolid-paper/benchmarks/aes-circom/gcm_siv_dec_2_keys_test,wit-constr-diff,aes_emulation.circom,EmulatedAesencSubstituteBytes,in[10]:out[10],Yes
zksolid-paper/benchmarks/aes-circom/gcm_siv_dec_2_keys_test,wit-constr-diff,aes_emulation.circom,EmulatedAesencSubstituteBytes,in[11]:out[11],Yes
zksolid-paper/benchmarks/aes-circom/gcm_siv_dec_2_keys_test,wit-constr-diff,aes_emulation.circom,EmulatedAesencSubstituteBytes,in[12]:out[12],Yes
zksolid-paper/benchmarks/aes-circom/gcm_siv_dec_2_keys_test,wit-constr-diff,aes_emulation.circom,EmulatedAesencSubstituteBytes,in[13]:out[13],Yes
zksolid-paper/benchmarks/aes-circom/gcm_siv_dec_2_keys_test,wit-constr-diff,aes_emulation.circom,EmulatedAesencSubstituteBytes,in[14]:out[14],Yes
zksolid-paper/benchmarks/aes-circom/gcm_siv_dec_2_keys_test,wit-constr-diff,aes_emulation.circom,EmulatedAesencSubstituteBytes,in[15]:out[15],Yes
zksolid-paper/benchmarks/aes-circom/gcm_siv_dec_2_keys_test,wit-constr-diff,aes_emulation.circom,EmulatedAesencSubstituteBytes,in[1]:out[1],Yes
zksolid-paper/benchmarks/aes-circom/gcm_siv_dec_2_keys_test,wit-constr-diff,aes_emulation.circom,EmulatedAesencSubstituteBytes,in[2]:out[2],Yes
zksolid-paper/benchmarks/aes-circom/gcm_siv_dec_2_keys_test,wit-constr-diff,aes_emulation.circom,EmulatedAesencSubstituteBytes,in[3]:out[3],Yes
zksolid-paper/benchmarks/aes-circom/gcm_siv_dec_2_keys_test,wit-constr-diff,aes_emulation.circom,EmulatedAesencSubstituteBytes,in[4]:out[4],Yes
zksolid-paper/benchmarks/aes-circom/gcm_siv_dec_2_keys_test,wit-constr-diff,aes_emulation.circom,EmulatedAesencSubstituteBytes,in[5]:out[5],Yes
zksolid-paper/benchmarks/aes-circom/gcm_siv_dec_2_keys_test,wit-constr-diff,aes_emulation.circom,EmulatedAesencSubstituteBytes,in[6]:out[6],Yes
zksolid-paper/benchmarks/aes-circom/gcm_siv_dec_2_keys_test,wit-constr-diff,aes_emulation.circom,EmulatedAesencSubstituteBytes,in[7]:out[7],Yes
zksolid-paper/benchmarks/aes-circom/gcm_siv_dec_2_keys_test,wit-constr-diff,aes_emulation.circom,EmulatedAesencSubstituteBytes,in[8]:out[8],Yes
zksolid-paper/benchmarks/aes-circom/gcm_siv_dec_2_keys_test,wit-constr-diff,aes_emulation.circom,EmulatedAesencSubstituteBytes,in[9]:out[9],Yes
zksolid-paper/benchmarks/aes-circom/gcm_siv_enc_2_keys_test,uc-inputs,aes_256_ctr.circom,AES256CTR,ctr[1..128],Yes
zksolid-paper/benchmarks/aes-circom/gcm_siv_enc_2_keys_test,uc-inputs,gcm_siv_enc_2_keys.circom,GCM_SIV_ENC_2_Keys,polyval_1.H[0..128],Yes
zksolid-paper/benchmarks/aes-circom/gcm_siv_enc_2_keys_test,uc-inputs,gcm_siv_enc_2_keys.circom,GCM_SIV_ENC_2_Keys,polyval_1.T[0..128],Yes
zksolid-paper/benchmarks/aes-circom/gcm_siv_enc_2_keys_test,uc-inputs,polyval.circom,POLYVAL,H[0..128],Yes
zksolid-paper/benchmarks/aes-circom/gcm_siv_enc_2_keys_test,uc-inputs,polyval.circom,POLYVAL,T[0..128],Yes
zksolid-paper/benchmarks/aes-circom/gcm_siv_enc_2_keys_test,uc-inputs,polyval.circom,POLYVAL,result[0..128],Yes
zksolid-paper/benchmarks/aes-circom/gcm_siv_enc_2_keys_test,uc-inputs,vclmul_emulator.circom,VCLMULEmulator,src1[0..64],Yes
zksolid-paper/benchmarks/aes-circom/gcm_siv_enc_2_keys_test,uc-inputs,vclmul_emulator.circom,VCLMULEmulator,src1[64..128],Yes
zksolid-paper/benchmarks/aes-circom/gcm_siv_enc_2_keys_test,uc-inputs,vclmul_emulator.circom,VCLMULEmulator,src2[0..64],Yes
zksolid-paper/benchmarks/aes-circom/gcm_siv_enc_2_keys_test,uc-inputs,vclmul_emulator.circom,VCLMULEmulator,src2[64..128],Yes
zksolid-paper/benchmarks/aes-circom/gcm_siv_enc_2_keys_test,uc-outputs,aes_emulation.circom,EmulatedAesencSubstituteBytes,out[0..16],Yes
zksolid-paper/benchmarks/aes-circom/gcm_siv_enc_2_keys_test,uc-outputs,polyval.circom,POLYVAL,result[0..128],Yes
zksolid-paper/benchmarks/aes-circom/gcm_siv_enc_2_keys_test,uc-subcmp-inputs,aes_256_encrypt.circom,AES256Encrypt,bits2num_1[0..208].in[0..8],Yes
zksolid-paper/benchmarks/aes-circom/gcm_siv_enc_2_keys_test,uc-subcmp-inputs,aes_256_encrypt.circom,AES256Encrypt,num2bits_1[0..208].in,Yes
zksolid-paper/benchmarks/aes-circom/gcm_siv_enc_2_keys_test,uc-subcmp-inputs,aes_256_key_expansion.circom,AES256KeyExpansion,bits2num_1[32..36].in[0..8],Yes
zksolid-paper/benchmarks/aes-circom/gcm_siv_enc_2_keys_test,uc-subcmp-inputs,aes_256_key_expansion.circom,AES256KeyExpansion,num2bits_1[100..104].in,Yes
zksolid-paper/benchmarks/aes-circom/gcm_siv_enc_2_keys_test,uc-subcmp-inputs,aes_256_key_expansion.circom,AES256KeyExpansion,num2bits_1[120..124].in,Yes
zksolid-paper/benchmarks/aes-circom/gcm_siv_enc_2_keys_test,uc-subcmp-inputs,aes_256_key_expansion.circom,AES256KeyExpansion,num2bits_1[140..144].in,Yes
zksolid-paper/benchmarks/aes-circom/gcm_siv_enc_2_keys_test,uc-subcmp-inputs,aes_256_key_expansion.circom,AES256KeyExpansion,num2bits_1[160..164].in,Yes
zksolid-paper/benchmarks/aes-circom/gcm_siv_enc_2_keys_test,uc-subcmp-inputs,aes_256_key_expansion.circom,AES256KeyExpansion,num2bits_1[180..184].in,Yes
zksolid-paper/benchmarks/aes-circom/gcm_siv_enc_2_keys_test,uc-subcmp-inputs,aes_256_key_expansion.circom,AES256KeyExpansion,num2bits_1[200..204].in,Yes
zksolid-paper/benchmarks/aes-circom/gcm_siv_enc_2_keys_test,uc-subcmp-inputs,aes_256_key_expansion.circom,AES256KeyExpansion,num2bits_1[220..224].in,Yes
zksolid-paper/benchmarks/aes-circom/gcm_siv_enc_2_keys_test,uc-subcmp-inputs,aes_256_key_expansion.circom,AES256KeyExpansion,num2bits_1[240..244].in,Yes
zksolid-paper/benchmarks/aes-circom/gcm_siv_enc_2_keys_test,uc-subcmp-inputs,aes_256_key_expansion.circom,AES256KeyExpansion,num2bits_1[260..264].in,Yes
zksolid-paper/benchmarks/aes-circom/gcm_siv_enc_2_keys_test,uc-subcmp-inputs,aes_256_key_expansion.circom,AES256KeyExpansion,num2bits_1[280..284].in,Yes
zksolid-paper/benchmarks/aes-circom/gcm_siv_enc_2_keys_test,uc-subcmp-inputs,aes_256_key_expansion.circom,AES256KeyExpansion,num2bits_1[40..44].in,Yes
zksolid-paper/benchmarks/aes-circom/gcm_siv_enc_2_keys_test,uc-subcmp-inputs,aes_256_key_expansion.circom,AES256KeyExpansion,num2bits_1[60..64].in,Yes
zksolid-paper/benchmarks/aes-circom/gcm_siv_enc_2_keys_test,uc-subcmp-inputs,aes_256_key_expansion.circom,AES256KeyExpansion,num2bits_1[80..84].in,Yes
zksolid-paper/benchmarks/aes-circom/gcm_siv_enc_2_keys_test,uc-subcmp-inputs,gcm_siv_enc_2_keys.circom,GCM_SIV_ENC_2_Keys,polyval_1.H[0..128],Yes
zksolid-paper/benchmarks/aes-circom/gcm_siv_enc_2_keys_test,uc-subcmp-inputs,gcm_siv_enc_2_keys.circom,GCM_SIV_ENC_2_Keys,polyval_1.T[0..128],Yes
zksolid-paper/benchmarks/aes-circom/gcm_siv_enc_2_keys_test,uc-subcmp-outputs,aes_256_ctr.circom,AES256CTR,aes_256_encrypt_1[0].out[1..128],Yes
zksolid-paper/benchmarks/aes-circom/gcm_siv_enc_2_keys_test,uc-subcmp-outputs,aes_256_encrypt.circom,AES256Encrypt,xor_1[0..128].out,Yes
zksolid-paper/benchmarks/aes-circom/gcm_siv_enc_2_keys_test,uc-subcmp-outputs,aes_256_encrypt.circom,AES256Encrypt,xor_3[0..1536].out,Yes
zksolid-paper/benchmarks/aes-circom/gcm_siv_enc_2_keys_test,uc-subcmp-outputs,gcm_siv_enc_2_keys.circom,GCM_SIV_ENC_2_Keys,aes_256_encrypt_1[0..5].out[0..128],Yes
zksolid-paper/benchmarks/aes-circom/gcm_siv_enc_2_keys_test,uc-subcmp-outputs,gcm_siv_enc_2_keys.circom,GCM_SIV_ENC_2_Keys,aes_256_encrypt_1[5].out[1..128],Yes
zksolid-paper/benchmarks/aes-circom/gcm_siv_enc_2_keys_test,uc-subcmp-outputs,gcm_siv_enc_2_keys.circom,GCM_SIV_ENC_2_Keys,aes_256_encrypt_2.out[0..128],Yes
zksolid-paper/benchmarks/aes-circom/gcm_siv_enc_2_keys_test,uc-subcmp-outputs,gcm_siv_enc_2_keys.circom,GCM_SIV_ENC_2_Keys,key_expansion_1.w[1..1920],Yes
zksolid-paper/benchmarks/aes-circom/gcm_siv_enc_2_keys_test,uc-subcmp-outputs,gcm_siv_enc_2_keys.circom,GCM_SIV_ENC_2_Keys,key_expansion_2.w[1..1920],Yes
zksolid-paper/benchmarks/aes-circom/gcm_siv_enc_2_keys_test,uc-subcmp-outputs,gcm_siv_enc_2_keys.circom,GCM_SIV_ENC_2_Keys,polyval_1.result[0..128],Yes
zksolid-paper/benchmarks/aes-circom/gcm_siv_enc_2_keys_test,uc-subcmp-outputs,gcm_siv_enc_2_keys.circom,GCM_SIV_ENC_2_Keys,polyval_2.result[0..128],Yes
zksolid-paper/benchmarks/aes-circom/gcm_siv_enc_2_keys_test,uc-subcmp-outputs,gcm_siv_enc_2_keys.circom,GCM_SIV_ENC_2_Keys,polyval_3.result[0..128],Yes
zksolid-paper/benchmarks/aes-circom/gcm_siv_enc_2_keys_test,uc-subcmp-outputs,gcm_siv_enc_2_keys.circom,GCM_SIV_ENC_2_Keys,xor_1[120].out,Yes
zksolid-paper/benchmarks/aes-circom/gcm_siv_enc_2_keys_test,uc-subcmp-outputs,gfmul_int.circom,GFMULInt,vclmul_emulator_1[0..3].destination[0..128],Yes
zksolid-paper/benchmarks/aes-circom/gcm_siv_enc_2_keys_test,uc-subcmp-outputs,gfmul_int.circom,GFMULInt,vclmul_emulator_1[3].destination[1..128],Yes
zksolid-paper/benchmarks/aes-circom/gcm_siv_enc_2_keys_test,uc-subcmp-outputs,gfmul_int.circom,GFMULInt,vclmul_emulator_2.destination[0..128],Yes
zksolid-paper/benchmarks/aes-circom/gcm_siv_enc_2_keys_test,uc-subcmp-outputs,gfmul_int.circom,GFMULInt,vclmul_emulator_3.destination[0..128],Yes
zksolid-paper/benchmarks/aes-circom/gcm_siv_enc_2_keys_test,uc-subcmp-outputs,polyval.circom,POLYVAL,gfmul_int_1[0].res[0..128],Yes
zksolid-paper/benchmarks/aes-circom/gcm_siv_enc_2_keys_test,wit-constr-diff,aes_256_encrypt.circom,AES256Encrypt,bits2num_1[0].out:num2bits_1[0].in,Yes
zksolid-paper/benchmarks/aes-circom/gcm_siv_enc_2_keys_test,wit-constr-diff,aes_256_encrypt.circom,AES256Encrypt,bits2num_1[100].out:num2bits_1[100].in,Yes
zksolid-paper/benchmarks/aes-circom/gcm_siv_enc_2_keys_test,wit-constr-diff,aes_256_encrypt.circom,AES256Encrypt,bits2num_1[101].out:num2bits_1[101].in,Yes
zksolid-paper/benchmarks/aes-circom/gcm_siv_enc_2_keys_test,wit-constr-diff,aes_256_encrypt.circom,AES256Encrypt,bits2num_1[102].out:num2bits_1[102].in,Yes
zksolid-paper/benchmarks/aes-circom/gcm_siv_enc_2_keys_test,wit-constr-diff,aes_256_encrypt.circom,AES256Encrypt,bits2num_1[103].out:num2bits_1[103].in,Yes
zksolid-paper/benchmarks/aes-circom/gcm_siv_enc_2_keys_test,wit-constr-diff,aes_256_encrypt.circom,AES256Encrypt,bits2num_1[104].out:num2bits_1[104].in,Yes
zksolid-paper/benchmarks/aes-circom/gcm_siv_enc_2_keys_test,wit-constr-diff,aes_256_encrypt.circom,AES256Encrypt,bits2num_1[105].out:num2bits_1[105].in,Yes
zksolid-paper/benchmarks/aes-circom/gcm_siv_enc_2_keys_test,wit-constr-diff,aes_256_encrypt.circom,AES256Encrypt,bits2num_1[106].out:num2bits_1[106].in,Yes
zksolid-paper/benchmarks/aes-circom/gcm_siv_enc_2_keys_test,wit-constr-diff,aes_256_encrypt.circom,AES256Encrypt,bits2num_1[107].out:num2bits_1[107].in,Yes
zksolid-paper/benchmarks/aes-circom/gcm_siv_enc_2_keys_test,wit-constr-diff,aes_256_encrypt.circom,AES256Encrypt,bits2num_1[108].out:num2bits_1[108].in,Yes
zksolid-paper/benchmarks/aes-circom/gcm_siv_enc_2_keys_test,wit-constr-diff,aes_256_encrypt.circom,AES256Encrypt,bits2num_1[109].out:num2bits_1[109].in,Yes
zksolid-paper/benchmarks/aes-circom/gcm_siv_enc_2_keys_test,wit-constr-diff,aes_256_encrypt.circom,AES256Encrypt,bits2num_1[10].out:num2bits_1[10].in,Yes
zksolid-paper/benchmarks/aes-circom/gcm_siv_enc_2_keys_test,wit-constr-diff,aes_256_encrypt.circom,AES256Encrypt,bits2num_1[110].out:num2bits_1[110].in,Yes
zksolid-paper/benchmarks/aes-circom/gcm_siv_enc_2_keys_test,wit-constr-diff,aes_256_encrypt.circom,AES256Encrypt,bits2num_1[111].out:num2bits_1[111].in,Yes
zksolid-paper/benchmarks/aes-circom/gcm_siv_enc_2_keys_test,wit-constr-diff,aes_256_encrypt.circom,AES256Encrypt,bits2num_1[112].out:num2bits_1[112].in,Yes
zksolid-paper/benchmarks/aes-circom/gcm_siv_enc_2_keys_test,wit-constr-diff,aes_256_encrypt.circom,AES256Encrypt,bits2num_1[113].out:num2bits_1[113].in,Yes
zksolid-paper/benchmarks/aes-circom/gcm_siv_enc_2_keys_test,wit-constr-diff,aes_256_encrypt.circom,AES256Encrypt,bits2num_1[114].out:num2bits_1[114].in,Yes
zksolid-paper/benchmarks/aes-circom/gcm_siv_enc_2_keys_test,wit-constr-diff,aes_256_encrypt.circom,AES256Encrypt,bits2num_1[115].out:num2bits_1[115].in,Yes
zksolid-paper/benchmarks/aes-circom/gcm_siv_enc_2_keys_test,wit-constr-diff,aes_256_encrypt.circom,AES256Encrypt,bits2num_1[116].out:num2bits_1[116].in,Yes
zksolid-paper/benchmarks/aes-circom/gcm_siv_enc_2_keys_test,wit-constr-diff,aes_256_encrypt.circom,AES256Encrypt,bits2num_1[117].out:num2bits_1[117].in,Yes
zksolid-paper/benchmarks/aes-circom/gcm_siv_enc_2_keys_test,wit-constr-diff,aes_256_encrypt.circom,AES256Encrypt,bits2num_1[118].out:num2bits_1[118].in,Yes
zksolid-paper/benchmarks/aes-circom/gcm_siv_enc_2_keys_test,wit-constr-diff,aes_256_encrypt.circom,AES256Encrypt,bits2num_1[119].out:num2bits_1[119].in,Yes
zksolid-paper/benchmarks/aes-circom/gcm_siv_enc_2_keys_test,wit-constr-diff,aes_256_encrypt.circom,AES256Encrypt,bits2num_1[11].out:num2bits_1[11].in,Yes
zksolid-paper/benchmarks/aes-circom/gcm_siv_enc_2_keys_test,wit-constr-diff,aes_256_encrypt.circom,AES256Encrypt,bits2num_1[120].out:num2bits_1[120].in,Yes
zksolid-paper/benchmarks/aes-circom/gcm_siv_enc_2_keys_test,wit-constr-diff,aes_256_encrypt.circom,AES256Encrypt,bits2num_1[121].out:num2bits_1[121].in,Yes
zksolid-paper/benchmarks/aes-circom/gcm_siv_enc_2_keys_test,wit-constr-diff,aes_256_encrypt.circom,AES256Encrypt,bits2num_1[122].out:num2bits_1[122].in,Yes
zksolid-paper/benchmarks/aes-circom/gcm_siv_enc_2_keys_test,wit-constr-diff,aes_256_encrypt.circom,AES256Encrypt,bits2num_1[123].out:num2bits_1[123].in,Yes
zksolid-paper/benchmarks/aes-circom/gcm_siv_enc_2_keys_test,wit-constr-diff,aes_256_encrypt.circom,AES256Encrypt,bits2num_1[124].out:num2bits_1[124].in,Yes
zksolid-paper/benchmarks/aes-circom/gcm_siv_enc_2_keys_test,wit-constr-diff,aes_256_encrypt.circom,AES256Encrypt,bits2num_1[125].out:num2bits_1[125].in,Yes
zksolid-paper/benchmarks/aes-circom/gcm_siv_enc_2_keys_test,wit-constr-diff,aes_256_encrypt.circom,AES256Encrypt,bits2num_1[126].out:num2bits_1[126].in,Yes
zksolid-paper/benchmarks/aes-circom/gcm_siv_enc_2_keys_test,wit-constr-diff,aes_256_encrypt.circom,AES256Encrypt,bits2num_1[127].out:num2bits_1[127].in,Yes
zksolid-paper/benchmarks/aes-circom/gcm_siv_enc_2_keys_test,wit-constr-diff,aes_256_encrypt.circom,AES256Encrypt,bits2num_1[128].out:num2bits_1[128].in,Yes
zksolid-paper/benchmarks/aes-circom/gcm_siv_enc_2_keys_test,wit-constr-diff,aes_256_encrypt.circom,AES256Encrypt,bits2num_1[129].out:num2bits_1[129].in,Yes
zksolid-paper/benchmarks/aes-circom/gcm_siv_enc_2_keys_test,wit-constr-diff,aes_256_encrypt.circom,AES256Encrypt,bits2num_1[12].out:num2bits_1[12].in,Yes
zksolid-paper/benchmarks/aes-circom/gcm_siv_enc_2_keys_test,wit-constr-diff,aes_256_encrypt.circom,AES256Encrypt,bits2num_1[130].out:num2bits_1[130].in,Yes
zksolid-paper/benchmarks/aes-circom/gcm_siv_enc_2_keys_test,wit-constr-diff,aes_256_encrypt.circom,AES256Encrypt,bits2num_1[131].out:num2bits_1[131].in,Yes
zksolid-paper/benchmarks/aes-circom/gcm_siv_enc_2_keys_test,wit-constr-diff,aes_256_encrypt.circom,AES256Encrypt,bits2num_1[132].out:num2bits_1[132].in,Yes
zksolid-paper/benchmarks/aes-circom/gcm_siv_enc_2_keys_test,wit-constr-diff,aes_256_encrypt.circom,AES256Encrypt,bits2num_1[133].out:num2bits_1[133].in,Yes
zksolid-paper/benchmarks/aes-circom/gcm_siv_enc_2_keys_test,wit-constr-diff,aes_256_encrypt.circom,AES256Encrypt,bits2num_1[134].out:num2bits_1[134].in,Yes
zksolid-paper/benchmarks/aes-circom/gcm_siv_enc_2_keys_test,wit-constr-diff,aes_256_encrypt.circom,AES256Encrypt,bits2num_1[135].out:num2bits_1[135].in,Yes
zksolid-paper/benchmarks/aes-circom/gcm_siv_enc_2_keys_test,wit-constr-diff,aes_256_encrypt.circom,AES256Encrypt,bits2num_1[136].out:num2bits_1[136].in,Yes
zksolid-paper/benchmarks/aes-circom/gcm_siv_enc_2_keys_test,wit-constr-diff,aes_256_encrypt.circom,AES256Encrypt,bits2num_1[137].out:num2bits_1[137].in,Yes
zksolid-paper/benchmarks/aes-circom/gcm_siv_enc_2_keys_test,wit-constr-diff,aes_256_encrypt.circom,AES256Encrypt,bits2num_1[138].out:num2bits_1[138].in,Yes
zksolid-paper/benchmarks/aes-circom/gcm_siv_enc_2_keys_test,wit-constr-diff,aes_256_encrypt.circom,AES256Encrypt,bits2num_1[139].out:num2bits_1[139].in,Yes
zksolid-paper/benchmarks/aes-circom/gcm_siv_enc_2_keys_test,wit-constr-diff,aes_256_encrypt.circom,AES256Encrypt,bits2num_1[13].out:num2bits_1[13].in,Yes
zksolid-paper/benchmarks/aes-circom/gcm_siv_enc_2_keys_test,wit-constr-diff,aes_256_encrypt.circom,AES256Encrypt,bits2num_1[140].out:num2bits_1[140].in,Yes
zksolid-paper/benchmarks/aes-circom/gcm_siv_enc_2_keys_test,wit-constr-diff,aes_256_encrypt.circom,AES256Encrypt,bits2num_1[141].out:num2bits_1[141].in,Yes
zksolid-paper/benchmarks/aes-circom/gcm_siv_enc_2_keys_test,wit-constr-diff,aes_256_encrypt.circom,AES256Encrypt,bits2num_1[142].out:num2bits_1[142].in,Yes
zksolid-paper/benchmarks/aes-circom/gcm_siv_enc_2_keys_test,wit-constr-diff,aes_256_encrypt.circom,AES256Encrypt,bits2num_1[143].out:num2bits_1[143].in,Yes
zksolid-paper/benchmarks/aes-circom/gcm_siv_enc_2_keys_test,wit-constr-diff,aes_256_encrypt.circom,AES256Encrypt,bits2num_1[144].out:num2bits_1[144].in,Yes
zksolid-paper/benchmarks/aes-circom/gcm_siv_enc_2_keys_test,wit-constr-diff,aes_256_encrypt.circom,AES256Encrypt,bits2num_1[145].out:num2bits_1[145].in,Yes
zksolid-paper/benchmarks/aes-circom/gcm_siv_enc_2_keys_test,wit-constr-diff,aes_256_encrypt.circom,AES256Encrypt,bits2num_1[146].out:num2bits_1[146].in,Yes
zksolid-paper/benchmarks/aes-circom/gcm_siv_enc_2_keys_test,wit-constr-diff,aes_256_encrypt.circom,AES256Encrypt,bits2num_1[147].out:num2bits_1[147].in,Yes
zksolid-paper/benchmarks/aes-circom/gcm_siv_enc_2_keys_test,wit-constr-diff,aes_256_encrypt.circom,AES256Encrypt,bits2num_1[148].out:num2bits_1[148].in,Yes
zksolid-paper/benchmarks/aes-circom/gcm_siv_enc_2_keys_test,wit-constr-diff,aes_256_encrypt.circom,AES256Encrypt,bits2num_1[149].out:num2bits_1[149].in,Yes
zksolid-paper/benchmarks/aes-circom/gcm_siv_enc_2_keys_test,wit-constr-diff,aes_256_encrypt.circom,AES256Encrypt,bits2num_1[14].out:num2bits_1[14].in,Yes
zksolid-paper/benchmarks/aes-circom/gcm_siv_enc_2_keys_test,wit-constr-diff,aes_256_encrypt.circom,AES256Encrypt,bits2num_1[150].out:num2bits_1[150].in,Yes
zksolid-paper/benchmarks/aes-circom/gcm_siv_enc_2_keys_test,wit-constr-diff,aes_256_encrypt.circom,AES256Encrypt,bits2num_1[151].out:num2bits_1[151].in,Yes
zksolid-paper/benchmarks/aes-circom/gcm_siv_enc_2_keys_test,wit-constr-diff,aes_256_encrypt.circom,AES256Encrypt,bits2num_1[152].out:num2bits_1[152].in,Yes
zksolid-paper/benchmarks/aes-circom/gcm_siv_enc_2_keys_test,wit-constr-diff,aes_256_encrypt.circom,AES256Encrypt,bits2num_1[153].out:num2bits_1[153].in,Yes
zksolid-paper/benchmarks/aes-circom/gcm_siv_enc_2_keys_test,wit-constr-diff,aes_256_encrypt.circom,AES256Encrypt,bits2num_1[154].out:num2bits_1[154].in,Yes
zksolid-paper/benchmarks/aes-circom/gcm_siv_enc_2_keys_test,wit-constr-diff,aes_256_encrypt.circom,AES256Encrypt,bits2num_1[155].out:num2bits_1[155].in,Yes
zksolid-paper/benchmarks/aes-circom/gcm_siv_enc_2_keys_test,wit-constr-diff,aes_256_encrypt.circom,AES256Encrypt,bits2num_1[156].out:num2bits_1[156].in,Yes
zksolid-paper/benchmarks/aes-circom/gcm_siv_enc_2_keys_test,wit-constr-diff,aes_256_encrypt.circom,AES256Encrypt,bits2num_1[157].out:num2bits_1[157].in,Yes
zksolid-paper/benchmarks/aes-circom/gcm_siv_enc_2_keys_test,wit-constr-diff,aes_256_encrypt.circom,AES256Encrypt,bits2num_1[158].out:num2bits_1[158].in,Yes
zksolid-paper/benchmarks/aes-circom/gcm_siv_enc_2_keys_test,wit-constr-diff,aes_256_encrypt.circom,AES256Encrypt,bits2num_1[159].out:num2bits_1[159].in,Yes
zksolid-paper/benchmarks/aes-circom/gcm_siv_enc_2_keys_test,wit-constr-diff,aes_256_encrypt.circom,AES256Encrypt,bits2num_1[15].out:num2bits_1[15].in,Yes
zksolid-paper/benchmarks/aes-circom/gcm_siv_enc_2_keys_test,wit-constr-diff,aes_256_encrypt.circom,AES256Encrypt,bits2num_1[160].out:num2bits_1[160].in,Yes
zksolid-paper/benchmarks/aes-circom/gcm_siv_enc_2_keys_test,wit-constr-diff,aes_256_encrypt.circom,AES256Encrypt,bits2num_1[161].out:num2bits_1[161].in,Yes
zksolid-paper/benchmarks/aes-circom/gcm_siv_enc_2_keys_test,wit-constr-diff,aes_256_encrypt.circom,AES256Encrypt,bits2num_1[162].out:num2bits_1[162].in,Yes
zksolid-paper/benchmarks/aes-circom/gcm_siv_enc_2_keys_test,wit-constr-diff,aes_256_encrypt.circom,AES256Encrypt,bits2num_1[163].out:num2bits_1[163].in,Yes
zksolid-paper/benchmarks/aes-circom/gcm_siv_enc_2_keys_test,wit-constr-diff,aes_256_encrypt.circom,AES256Encrypt,bits2num_1[164].out:num2bits_1[164].in,Yes
zksolid-paper/benchmarks/aes-circom/gcm_siv_enc_2_keys_test,wit-constr-diff,aes_256_encrypt.circom,AES256Encrypt,bits2num_1[165].out:num2bits_1[165].in,Yes
zksolid-paper/benchmarks/aes-circom/gcm_siv_enc_2_keys_test,wit-constr-diff,aes_256_encrypt.circom,AES256Encrypt,bits2num_1[166].out:num2bits_1[166].in,Yes
zksolid-paper/benchmarks/aes-circom/gcm_siv_enc_2_keys_test,wit-constr-diff,aes_256_encrypt.circom,AES256Encrypt,bits2num_1[167].out:num2bits_1[167].in,Yes
zksolid-paper/benchmarks/aes-circom/gcm_siv_enc_2_keys_test,wit-constr-diff,aes_256_encrypt.circom,AES256Encrypt,bits2num_1[168].out:num2bits_1[168].in,Yes
zksolid-paper/benchmarks/aes-circom/gcm_siv_enc_2_keys_test,wit-constr-diff,aes_256_encrypt.circom,AES256Encrypt,bits2num_1[169].out:num2bits_1[169].in,Yes
zksolid-paper/benchmarks/aes-circom/gcm_siv_enc_2_keys_test,wit-constr-diff,aes_256_encrypt.circom,AES256Encrypt,bits2num_1[16].out:num2bits_1[16].in,Yes
zksolid-paper/benchmarks/aes-circom/gcm_siv_enc_2_keys_test,wit-constr-diff,aes_256_encrypt.circom,AES256Encrypt,bits2num_1[170].out:num2bits_1[170].in,Yes
zksolid-paper/benchmarks/aes-circom/gcm_siv_enc_2_keys_test,wit-constr-diff,aes_256_encrypt.circom,AES256Encrypt,bits2num_1[171].out:num2bits_1[171].in,Yes
zksolid-paper/benchmarks/aes-circom/gcm_siv_enc_2_keys_test,wit-constr-diff,aes_256_encrypt.circom,AES256Encrypt,bits2num_1[172].out:num2bits_1[172].in,Yes
zksolid-paper/benchmarks/aes-circom/gcm_siv_enc_2_keys_test,wit-constr-diff,aes_256_encrypt.circom,AES256Encrypt,bits2num_1[173].out:num2bits_1[173].in,Yes
zksolid-paper/benchmarks/aes-circom/gcm_siv_enc_2_keys_test,wit-constr-diff,aes_256_encrypt.circom,AES256Encrypt,bits2num_1[174].out:num2bits_1[174].in,Yes
zksolid-paper/benchmarks/aes-circom/gcm_siv_enc_2_keys_test,wit-constr-diff,aes_256_encrypt.circom,AES256Encrypt,bits2num_1[175].out:num2bits_1[175].in,Yes
zksolid-paper/benchmarks/aes-circom/gcm_siv_enc_2_keys_test,wit-constr-diff,aes_256_encrypt.circom,AES256Encrypt,bits2num_1[176].out:num2bits_1[176].in,Yes
zksolid-paper/benchmarks/aes-circom/gcm_siv_enc_2_keys_test,wit-constr-diff,aes_256_encrypt.circom,AES256Encrypt,bits2num_1[177].out:num2bits_1[177].in,Yes
zksolid-paper/benchmarks/aes-circom/gcm_siv_enc_2_keys_test,wit-constr-diff,aes_256_encrypt.circom,AES256Encrypt,bits2num_1[178].out:num2bits_1[178].in,Yes
zksolid-paper/benchmarks/aes-circom/gcm_siv_enc_2_keys_test,wit-constr-diff,aes_256_encrypt.circom,AES256Encrypt,bits2num_1[179].out:num2bits_1[179].in,Yes
zksolid-paper/benchmarks/aes-circom/gcm_siv_enc_2_keys_test,wit-constr-diff,aes_256_encrypt.circom,AES256Encrypt,bits2num_1[17].out:num2bits_1[17].in,Yes
zksolid-paper/benchmarks/aes-circom/gcm_siv_enc_2_keys_test,wit-constr-diff,aes_256_encrypt.circom,AES256Encrypt,bits2num_1[180].out:num2bits_1[180].in,Yes
zksolid-paper/benchmarks/aes-circom/gcm_siv_enc_2_keys_test,wit-constr-diff,aes_256_encrypt.circom,AES256Encrypt,bits2num_1[181].out:num2bits_1[181].in,Yes
zksolid-paper/benchmarks/aes-circom/gcm_siv_enc_2_keys_test,wit-constr-diff,aes_256_encrypt.circom,AES256Encrypt,bits2num_1[182].out:num2bits_1[182].in,Yes
zksolid-paper/benchmarks/aes-circom/gcm_siv_enc_2_keys_test,wit-constr-diff,aes_256_encrypt.circom,AES256Encrypt,bits2num_1[183].out:num2bits_1[183].in,Yes
zksolid-paper/benchmarks/aes-circom/gcm_siv_enc_2_keys_test,wit-constr-diff,aes_256_encrypt.circom,AES256Encrypt,bits2num_1[184].out:num2bits_1[184].in,Yes
zksolid-paper/benchmarks/aes-circom/gcm_siv_enc_2_keys_test,wit-constr-diff,aes_256_encrypt.circom,AES256Encrypt,bits2num_1[185].out:num2bits_1[185].in,Yes
zksolid-paper/benchmarks/aes-circom/gcm_siv_enc_2_keys_test,wit-constr-diff,aes_256_encrypt.circom,AES256Encrypt,bits2num_1[186].out:num2bits_1[186].in,Yes
zksolid-paper/benchmarks/aes-circom/gcm_siv_enc_2_keys_test,wit-constr-diff,aes_256_encrypt.circom,AES256Encrypt,bits2num_1[187].out:num2bits_1[187].in,Yes
zksolid-paper/benchmarks/aes-circom/gcm_siv_enc_2_keys_test,wit-constr-diff,aes_256_encrypt.circom,AES256Encrypt,bits2num_1[188].out:num2bits_1[188].in,Yes
zksolid-paper/benchmarks/aes-circom/gcm_siv_enc_2_keys_test,wit-constr-diff,aes_256_encrypt.circom,AES256Encrypt,bits2num_1[189].out:num2bits_1[189].in,Yes
zksolid-paper/benchmarks/aes-circom/gcm_siv_enc_2_keys_test,wit-constr-diff,aes_256_encrypt.circom,AES256Encrypt,bits2num_1[18].out:num2bits_1[18].in,Yes
zksolid-paper/benchmarks/aes-circom/gcm_siv_enc_2_keys_test,wit-constr-diff,aes_256_encrypt.circom,AES256Encrypt,bits2num_1[190].out:num2bits_1[190].in,Yes
zksolid-paper/benchmarks/aes-circom/gcm_siv_enc_2_keys_test,wit-constr-diff,aes_256_encrypt.circom,AES256Encrypt,bits2num_1[191].out:num2bits_1[191].in,Yes
zksolid-paper/benchmarks/aes-circom/gcm_siv_enc_2_keys_test,wit-constr-diff,aes_256_encrypt.circom,AES256Encrypt,bits2num_1[192].out:num2bits_1[192].in,Yes
zksolid-paper/benchmarks/aes-circom/gcm_siv_enc_2_keys_test,wit-constr-diff,aes_256_encrypt.circom,AES256Encrypt,bits2num_1[193].out:num2bits_1[193].in,Yes
zksolid-paper/benchmarks/aes-circom/gcm_siv_enc_2_keys_test,wit-constr-diff,aes_256_encrypt.circom,AES256Encrypt,bits2num_1[194].out:num2bits_1[194].in,Yes
zksolid-paper/benchmarks/aes-circom/gcm_siv_enc_2_keys_test,wit-constr-diff,aes_256_encrypt.circom,AES256Encrypt,bits2num_1[195].out:num2bits_1[195].in,Yes
zksolid-paper/benchmarks/aes-circom/gcm_siv_enc_2_keys_test,wit-constr-diff,aes_256_encrypt.circom,AES256Encrypt,bits2num_1[196].out:num2bits_1[196].in,Yes
zksolid-paper/benchmarks/aes-circom/gcm_siv_enc_2_keys_test,wit-constr-diff,aes_256_encrypt.circom,AES256Encrypt,bits2num_1[197].out:num2bits_1[197].in,Yes
zksolid-paper/benchmarks/aes-circom/gcm_siv_enc_2_keys_test,wit-constr-diff,aes_256_encrypt.circom,AES256Encrypt,bits2num_1[198].out:num2bits_1[198].in,Yes
zksolid-paper/benchmarks/aes-circom/gcm_siv_enc_2_keys_test,wit-constr-diff,aes_256_encrypt.circom,AES256Encrypt,bits2num_1[199].out:num2bits_1[199].in,Yes
zksolid-paper/benchmarks/aes-circom/gcm_siv_enc_2_keys_test,wit-constr-diff,aes_256_encrypt.circom,AES256Encrypt,bits2num_1[19].out:num2bits_1[19].in,Yes
zksolid-paper/benchmarks/aes-circom/gcm_siv_enc_2_keys_test,wit-constr-diff,aes_256_encrypt.circom,AES256Encrypt,bits2num_1[1].out:num2bits_1[1].in,Yes
zksolid-paper/benchmarks/aes-circom/gcm_siv_enc_2_keys_test,wit-constr-diff,aes_256_encrypt.circom,AES256Encrypt,bits2num_1[200].out:num2bits_1[200].in,Yes
zksolid-paper/benchmarks/aes-circom/gcm_siv_enc_2_keys_test,wit-constr-diff,aes_256_encrypt.circom,AES256Encrypt,bits2num_1[201].out:num2bits_1[201].in,Yes
zksolid-paper/benchmarks/aes-circom/gcm_siv_enc_2_keys_test,wit-constr-diff,aes_256_encrypt.circom,AES256Encrypt,bits2num_1[202].out:num2bits_1[202].in,Yes
zksolid-paper/benchmarks/aes-circom/gcm_siv_enc_2_keys_test,wit-constr-diff,aes_256_encrypt.circom,AES256Encrypt,bits2num_1[203].out:num2bits_1[203].in,Yes
zksolid-paper/benchmarks/aes-circom/gcm_siv_enc_2_keys_test,wit-constr-diff,aes_256_encrypt.circom,AES256Encrypt,bits2num_1[204].out:num2bits_1[204].in,Yes
zksolid-paper/benchmarks/aes-circom/gcm_siv_enc_2_keys_test,wit-constr-diff,aes_256_encrypt.circom,AES256Encrypt,bits2num_1[205].out:num2bits_1[205].in,Yes
zksolid-paper/benchmarks/aes-circom/gcm_siv_enc_2_keys_test,wit-constr-diff,aes_256_encrypt.circom,AES256Encrypt,bits2num_1[206].out:num2bits_1[206].in,Yes
zksolid-paper/benchmarks/aes-circom/gcm_siv_enc_2_keys_test,wit-constr-diff,aes_256_encrypt.circom,AES256Encrypt,bits2num_1[207].out:num2bits_1[207].in,Yes
zksolid-paper/benchmarks/aes-circom/gcm_siv_enc_2_keys_test,wit-constr-diff,aes_256_encrypt.circom,AES256Encrypt,bits2num_1[20].out:num2bits_1[20].in,Yes
zksolid-paper/benchmarks/aes-circom/gcm_siv_enc_2_keys_test,wit-constr-diff,aes_256_encrypt.circom,AES256Encrypt,bits2num_1[21].out:num2bits_1[21].in,Yes
zksolid-paper/benchmarks/aes-circom/gcm_siv_enc_2_keys_test,wit-constr-diff,aes_256_encrypt.circom,AES256Encrypt,bits2num_1[22].out:num2bits_1[22].in,Yes
zksolid-paper/benchmarks/aes-circom/gcm_siv_enc_2_keys_test,wit-constr-diff,aes_256_encrypt.circom,AES256Encrypt,bits2num_1[23].out:num2bits_1[23].in,Yes
zksolid-paper/benchmarks/aes-circom/gcm_siv_enc_2_keys_test,wit-constr-diff,aes_256_encrypt.circom,AES256Encrypt,bits2num_1[24].out:num2bits_1[24].in,Yes
zksolid-paper/benchmarks/aes-circom/gcm_siv_enc_2_keys_test,wit-constr-diff,aes_256_encrypt.circom,AES256Encrypt,bits2num_1[25].out:num2bits_1[25].in,Yes
zksolid-paper/benchmarks/aes-circom/gcm_siv_enc_2_keys_test,wit-constr-diff,aes_256_encrypt.circom,AES256Encrypt,bits2num_1[26].out:num2bits_1[26].in,Yes
zksolid-paper/benchmarks/aes-circom/gcm_siv_enc_2_keys_test,wit-constr-diff,aes_256_encrypt.circom,AES256Encrypt,bits2num_1[27].out:num2bits_1[27].in,Yes
zksolid-paper/benchmarks/aes-circom/gcm_siv_enc_2_keys_test,wit-constr-diff,aes_256_encrypt.circom,AES256Encrypt,bits2num_1[28].out:num2bits_1[28].in,Yes
zksolid-paper/benchmarks/aes-circom/gcm_siv_enc_2_keys_test,wit-constr-diff,aes_256_encrypt.circom,AES256Encrypt,bits2num_1[29].out:num2bits_1[29].in,Yes
zksolid-paper/benchmarks/aes-circom/gcm_siv_enc_2_keys_test,wit-constr-diff,aes_256_encrypt.circom,AES256Encrypt,bits2num_1[2].out:num2bits_1[2].in,Yes
zksolid-paper/benchmarks/aes-circom/gcm_siv_enc_2_keys_test,wit-constr-diff,aes_256_encrypt.circom,AES256Encrypt,bits2num_1[30].out:num2bits_1[30].in,Yes
zksolid-paper/benchmarks/aes-circom/gcm_siv_enc_2_keys_test,wit-constr-diff,aes_256_encrypt.circom,AES256Encrypt,bits2num_1[31].out:num2bits_1[31].in,Yes
zksolid-paper/benchmarks/aes-circom/gcm_siv_enc_2_keys_test,wit-constr-diff,aes_256_encrypt.circom,AES256Encrypt,bits2num_1[32].out:num2bits_1[32].in,Yes
zksolid-paper/benchmarks/aes-circom/gcm_siv_enc_2_keys_test,wit-constr-diff,aes_256_encrypt.circom,AES256Encrypt,bits2num_1[33].out:num2bits_1[33].in,Yes
zksolid-paper/benchmarks/aes-circom/gcm_siv_enc_2_keys_test,wit-constr-diff,aes_256_encrypt.circom,AES256Encrypt,bits2num_1[34].out:num2bits_1[34].in,Yes
zksolid-paper/benchmarks/aes-circom/gcm_siv_enc_2_keys_test,wit-constr-diff,aes_256_encrypt.circom,AES256Encrypt,bits2num_1[35].out:num2bits_1[35].in,Yes
zksolid-paper/benchmarks/aes-circom/gcm_siv_enc_2_keys_test,wit-constr-diff,aes_256_encrypt.circom,AES256Encrypt,bits2num_1[36].out:num2bits_1[36].in,Yes
zksolid-paper/benchmarks/aes-circom/gcm_siv_enc_2_keys_test,wit-constr-diff,aes_256_encrypt.circom,AES256Encrypt,bits2num_1[37].out:num2bits_1[37].in,Yes
zksolid-paper/benchmarks/aes-circom/gcm_siv_enc_2_keys_test,wit-constr-diff,aes_256_encrypt.circom,AES256Encrypt,bits2num_1[38].out:num2bits_1[38].in,Yes
zksolid-paper/benchmarks/aes-circom/gcm_siv_enc_2_keys_test,wit-constr-diff,aes_256_encrypt.circom,AES256Encrypt,bits2num_1[39].out:num2bits_1[39].in,Yes
zksolid-paper/benchmarks/aes-circom/gcm_siv_enc_2_keys_test,wit-constr-diff,aes_256_encrypt.circom,AES256Encrypt,bits2num_1[3].out:num2bits_1[3].in,Yes
zksolid-paper/benchmarks/aes-circom/gcm_siv_enc_2_keys_test,wit-constr-diff,aes_256_encrypt.circom,AES256Encrypt,bits2num_1[40].out:num2bits_1[40].in,Yes
zksolid-paper/benchmarks/aes-circom/gcm_siv_enc_2_keys_test,wit-constr-diff,aes_256_encrypt.circom,AES256Encrypt,bits2num_1[41].out:num2bits_1[41].in,Yes
zksolid-paper/benchmarks/aes-circom/gcm_siv_enc_2_keys_test,wit-constr-diff,aes_256_encrypt.circom,AES256Encrypt,bits2num_1[42].out:num2bits_1[42].in,Yes
zksolid-paper/benchmarks/aes-circom/gcm_siv_enc_2_keys_test,wit-constr-diff,aes_256_encrypt.circom,AES256Encrypt,bits2num_1[43].out:num2bits_1[43].in,Yes
zksolid-paper/benchmarks/aes-circom/gcm_siv_enc_2_keys_test,wit-constr-diff,aes_256_encrypt.circom,AES256Encrypt,bits2num_1[44].out:num2bits_1[44].in,Yes
zksolid-paper/benchmarks/aes-circom/gcm_siv_enc_2_keys_test,wit-constr-diff,aes_256_encrypt.circom,AES256Encrypt,bits2num_1[45].out:num2bits_1[45].in,Yes
zksolid-paper/benchmarks/aes-circom/gcm_siv_enc_2_keys_test,wit-constr-diff,aes_256_encrypt.circom,AES256Encrypt,bits2num_1[46].out:num2bits_1[46].in,Yes
zksolid-paper/benchmarks/aes-circom/gcm_siv_enc_2_keys_test,wit-constr-diff,aes_256_encrypt.circom,AES256Encrypt,bits2num_1[47].out:num2bits_1[47].in,Yes
zksolid-paper/benchmarks/aes-circom/gcm_siv_enc_2_keys_test,wit-constr-diff,aes_256_encrypt.circom,AES256Encrypt,bits2num_1[48].out:num2bits_1[48].in,Yes
zksolid-paper/benchmarks/aes-circom/gcm_siv_enc_2_keys_test,wit-constr-diff,aes_256_encrypt.circom,AES256Encrypt,bits2num_1[49].out:num2bits_1[49].in,Yes
zksolid-paper/benchmarks/aes-circom/gcm_siv_enc_2_keys_test,wit-constr-diff,aes_256_encrypt.circom,AES256Encrypt,bits2num_1[4].out:num2bits_1[4].in,Yes
zksolid-paper/benchmarks/aes-circom/gcm_siv_enc_2_keys_test,wit-constr-diff,aes_256_encrypt.circom,AES256Encrypt,bits2num_1[50].out:num2bits_1[50].in,Yes
zksolid-paper/benchmarks/aes-circom/gcm_siv_enc_2_keys_test,wit-constr-diff,aes_256_encrypt.circom,AES256Encrypt,bits2num_1[51].out:num2bits_1[51].in,Yes
zksolid-paper/benchmarks/aes-circom/gcm_siv_enc_2_keys_test,wit-constr-diff,aes_256_encrypt.circom,AES256Encrypt,bits2num_1[52].out:num2bits_1[52].in,Yes
zksolid-paper/benchmarks/aes-circom/gcm_siv_enc_2_keys_test,wit-constr-diff,aes_256_encrypt.circom,AES256Encrypt,bits2num_1[53].out:num2bits_1[53].in,Yes
zksolid-paper/benchmarks/aes-circom/gcm_siv_enc_2_keys_test,wit-constr-diff,aes_256_encrypt.circom,AES256Encrypt,bits2num_1[54].out:num2bits_1[54].in,Yes
zksolid-paper/benchmarks/aes-circom/gcm_siv_enc_2_keys_test,wit-constr-diff,aes_256_encrypt.circom,AES256Encrypt,bits2num_1[55].out:num2bits_1[55].in,Yes
zksolid-paper/benchmarks/aes-circom/gcm_siv_enc_2_keys_test,wit-constr-diff,aes_256_encrypt.circom,AES256Encrypt,bits2num_1[56].out:num2bits_1[56].in,Yes
zksolid-paper/benchmarks/aes-circom/gcm_siv_enc_2_keys_test,wit-constr-diff,aes_256_encrypt.circom,AES256Encrypt,bits2num_1[57].out:num2bits_1[57].in,Yes
zksolid-paper/benchmarks/aes-circom/gcm_siv_enc_2_keys_test,wit-constr-diff,aes_256_encrypt.circom,AES256Encrypt,bits2num_1[58].out:num2bits_1[58].in,Yes
zksolid-paper/benchmarks/aes-circom/gcm_siv_enc_2_keys_test,wit-constr-diff,aes_256_encrypt.circom,AES256Encrypt,bits2num_1[59].out:num2bits_1[59].in,Yes
zksolid-paper/benchmarks/aes-circom/gcm_siv_enc_2_keys_test,wit-constr-diff,aes_256_encrypt.circom,AES256Encrypt,bits2num_1[5].out:num2bits_1[5].in,Yes
zksolid-paper/benchmarks/aes-circom/gcm_siv_enc_2_keys_test,wit-constr-diff,aes_256_encrypt.circom,AES256Encrypt,bits2num_1[60].out:num2bits_1[60].in,Yes
zksolid-paper/benchmarks/aes-circom/gcm_siv_enc_2_keys_test,wit-constr-diff,aes_256_encrypt.circom,AES256Encrypt,bits2num_1[61].out:num2bits_1[61].in,Yes
zksolid-paper/benchmarks/aes-circom/gcm_siv_enc_2_keys_test,wit-constr-diff,aes_256_encrypt.circom,AES256Encrypt,bits2num_1[62].out:num2bits_1[62].in,Yes
zksolid-paper/benchmarks/aes-circom/gcm_siv_enc_2_keys_test,wit-constr-diff,aes_256_encrypt.circom,AES256Encrypt,bits2num_1[63].out:num2bits_1[63].in,Yes
zksolid-paper/benchmarks/aes-circom/gcm_siv_enc_2_keys_test,wit-constr-diff,aes_256_encrypt.circom,AES256Encrypt,bits2num_1[64].out:num2bits_1[64].in,Yes
zksolid-paper/benchmarks/aes-circom/gcm_siv_enc_2_keys_test,wit-constr-diff,aes_256_encrypt.circom,AES256Encrypt,bits2num_1[65].out:num2bits_1[65].in,Yes
zksolid-paper/benchmarks/aes-circom/gcm_siv_enc_2_keys_test,wit-constr-diff,aes_256_encrypt.circom,AES256Encrypt,bits2num_1[66].out:num2bits_1[66].in,Yes
zksolid-paper/benchmarks/aes-circom/gcm_siv_enc_2_keys_test,wit-constr-diff,aes_256_encrypt.circom,AES256Encrypt,bits2num_1[67].out:num2bits_1[67].in,Yes
zksolid-paper/benchmarks/aes-circom/gcm_siv_enc_2_keys_test,wit-constr-diff,aes_256_encrypt.circom,AES256Encrypt,bits2num_1[68].out:num2bits_1[68].in,Yes
zksolid-paper/benchmarks/aes-circom/gcm_siv_enc_2_keys_test,wit-constr-diff,aes_256_encrypt.circom,AES256Encrypt,bits2num_1[69].out:num2bits_1[69].in,Yes
zksolid-paper/benchmarks/aes-circom/gcm_siv_enc_2_keys_test,wit-constr-diff,aes_256_encrypt.circom,AES256Encrypt,bits2num_1[6].out:num2bits_1[6].in,Yes
zksolid-paper/benchmarks/aes-circom/gcm_siv_enc_2_keys_test,wit-constr-diff,aes_256_encrypt.circom,AES256Encrypt,bits2num_1[70].out:num2bits_1[70].in,Yes
zksolid-paper/benchmarks/aes-circom/gcm_siv_enc_2_keys_test,wit-constr-diff,aes_256_encrypt.circom,AES256Encrypt,bits2num_1[71].out:num2bits_1[71].in,Yes
zksolid-paper/benchmarks/aes-circom/gcm_siv_enc_2_keys_test,wit-constr-diff,aes_256_encrypt.circom,AES256Encrypt,bits2num_1[72].out:num2bits_1[72].in,Yes
zksolid-paper/benchmarks/aes-circom/gcm_siv_enc_2_keys_test,wit-constr-diff,aes_256_encrypt.circom,AES256Encrypt,bits2num_1[73].out:num2bits_1[73].in,Yes
zksolid-paper/benchmarks/aes-circom/gcm_siv_enc_2_keys_test,wit-constr-diff,aes_256_encrypt.circom,AES256Encrypt,bits2num_1[74].out:num2bits_1[74].in,Yes
zksolid-paper/benchmarks/aes-circom/gcm_siv_enc_2_keys_test,wit-constr-diff,aes_256_encrypt.circom,AES256Encrypt,bits2num_1[75].out:num2bits_1[75].in,Yes
zksolid-paper/benchmarks/aes-circom/gcm_siv_enc_2_keys_test,wit-constr-diff,aes_256_encrypt.circom,AES256Encrypt,bits2num_1[76].out:num2bits_1[76].in,Yes
zksolid-paper/benchmarks/aes-circom/gcm_siv_enc_2_keys_test,wit-constr-diff,aes_256_encrypt.circom,AES256Encrypt,bits2num_1[77].out:num2bits_1[77].in,Yes
zksolid-paper/benchmarks/aes-circom/gcm_siv_enc_2_keys_test,wit-constr-diff,aes_256_encrypt.circom,AES256Encrypt,bits2num_1[78].out:num2bits_1[78].in,Yes
zksolid-paper/benchmarks/aes-circom/gcm_siv_enc_2_keys_test,wit-constr-diff,aes_256_encrypt.circom,AES256Encrypt,bits2num_1[79].out:num2bits_1[79].in,Yes
zksolid-paper/benchmarks/aes-circom/gcm_siv_enc_2_keys_test,wit-constr-diff,aes_256_encrypt.circom,AES256Encrypt,bits2num_1[7].out:num2bits_1[7].in,Yes
zksolid-paper/benchmarks/aes-circom/gcm_siv_enc_2_keys_test,wit-constr-diff,aes_256_encrypt.circom,AES256Encrypt,bits2num_1[80].out:num2bits_1[80].in,Yes
zksolid-paper/benchmarks/aes-circom/gcm_siv_enc_2_keys_test,wit-constr-diff,aes_256_encrypt.circom,AES256Encrypt,bits2num_1[81].out:num2bits_1[81].in,Yes
zksolid-paper/benchmarks/aes-circom/gcm_siv_enc_2_keys_test,wit-constr-diff,aes_256_encrypt.circom,AES256Encrypt,bits2num_1[82].out:num2bits_1[82].in,Yes
zksolid-paper/benchmarks/aes-circom/gcm_siv_enc_2_keys_test,wit-constr-diff,aes_256_encrypt.circom,AES256Encrypt,bits2num_1[83].out:num2bits_1[83].in,Yes
zksolid-paper/benchmarks/aes-circom/gcm_siv_enc_2_keys_test,wit-constr-diff,aes_256_encrypt.circom,AES256Encrypt,bits2num_1[84].out:num2bits_1[84].in,Yes
zksolid-paper/benchmarks/aes-circom/gcm_siv_enc_2_keys_test,wit-constr-diff,aes_256_encrypt.circom,AES256Encrypt,bits2num_1[85].out:num2bits_1[85].in,Yes
zksolid-paper/benchmarks/aes-circom/gcm_siv_enc_2_keys_test,wit-constr-diff,aes_256_encrypt.circom,AES256Encrypt,bits2num_1[86].out:num2bits_1[86].in,Yes
zksolid-paper/benchmarks/aes-circom/gcm_siv_enc_2_keys_test,wit-constr-diff,aes_256_encrypt.circom,AES256Encrypt,bits2num_1[87].out:num2bits_1[87].in,Yes
zksolid-paper/benchmarks/aes-circom/gcm_siv_enc_2_keys_test,wit-constr-diff,aes_256_encrypt.circom,AES256Encrypt,bits2num_1[88].out:num2bits_1[88].in,Yes
zksolid-paper/benchmarks/aes-circom/gcm_siv_enc_2_keys_test,wit-constr-diff,aes_256_encrypt.circom,AES256Encrypt,bits2num_1[89].out:num2bits_1[89].in,Yes
zksolid-paper/benchmarks/aes-circom/gcm_siv_enc_2_keys_test,wit-constr-diff,aes_256_encrypt.circom,AES256Encrypt,bits2num_1[8].out:num2bits_1[8].in,Yes
zksolid-paper/benchmarks/aes-circom/gcm_siv_enc_2_keys_test,wit-constr-diff,aes_256_encrypt.circom,AES256Encrypt,bits2num_1[90].out:num2bits_1[90].in,Yes
zksolid-paper/benchmarks/aes-circom/gcm_siv_enc_2_keys_test,wit-constr-diff,aes_256_encrypt.circom,AES256Encrypt,bits2num_1[91].out:num2bits_1[91].in,Yes
zksolid-paper/benchmarks/aes-circom/gcm_siv_enc_2_keys_test,wit-constr-diff,aes_256_encrypt.circom,AES256Encrypt,bits2num_1[92].out:num2bits_1[92].in,Yes
zksolid-paper/benchmarks/aes-circom/gcm_siv_enc_2_keys_test,wit-constr-diff,aes_256_encrypt.circom,AES256Encrypt,bits2num_1[93].out:num2bits_1[93].in,Yes
zksolid-paper/benchmarks/aes-circom/gcm_siv_enc_2_keys_test,wit-constr-diff,aes_256_encrypt.circom,AES256Encrypt,bits2num_1[94].out:num2bits_1[94].in,Yes
zksolid-paper/benchmarks/aes-circom/gcm_siv_enc_2_keys_test,wit-constr-diff,aes_256_encrypt.circom,AES256Encrypt,bits2num_1[95].out:num2bits_1[95].in,Yes
zksolid-paper/benchmarks/aes-circom/gcm_siv_enc_2_keys_test,wit-constr-diff,aes_256_encrypt.circom,AES256Encrypt,bits2num_1[96].out:num2bits_1[96].in,Yes
zksolid-paper/benchmarks/aes-circom/gcm_siv_enc_2_keys_test,wit-constr-diff,aes_256_encrypt.circom,AES256Encrypt,bits2num_1[97].out:num2bits_1[97].in,Yes
zksolid-paper/benchmarks/aes-circom/gcm_siv_enc_2_keys_test,wit-constr-diff,aes_256_encrypt.circom,AES256Encrypt,bits2num_1[98].out:num2bits_1[98].in,Yes
zksolid-paper/benchmarks/aes-circom/gcm_siv_enc_2_keys_test,wit-constr-diff,aes_256_encrypt.circom,AES256Encrypt,bits2num_1[99].out:num2bits_1[99].in,Yes
zksolid-paper/benchmarks/aes-circom/gcm_siv_enc_2_keys_test,wit-constr-diff,aes_256_encrypt.circom,AES256Encrypt,bits2num_1[9].out:num2bits_1[9].in,Yes
zksolid-paper/benchmarks/aes-circom/gcm_siv_enc_2_keys_test,wit-constr-diff,aes_256_key_expansion.circom,AES256KeyExpansion,bits2num_1[112].out:num2bits_1[140].in,Yes
zksolid-paper/benchmarks/aes-circom/gcm_siv_enc_2_keys_test,wit-constr-diff,aes_256_key_expansion.circom,AES256KeyExpansion,bits2num_1[113].out:num2bits_1[141].in,Yes
zksolid-paper/benchmarks/aes-circom/gcm_siv_enc_2_keys_test,wit-constr-diff,aes_256_key_expansion.circom,AES256KeyExpansion,bits2num_1[114].out:num2bits_1[142].in,Yes
zksolid-paper/benchmarks/aes-circom/gcm_siv_enc_2_keys_test,wit-constr-diff,aes_256_key_expansion.circom,AES256KeyExpansion,bits2num_1[115].out:num2bits_1[143].in,Yes
zksolid-paper/benchmarks/aes-circom/gcm_siv_enc_2_keys_test,wit-constr-diff,aes_256_key_expansion.circom,AES256KeyExpansion,bits2num_1[128].out:num2bits_1[160].in,Yes
zksolid-paper/benchmarks/aes-circom/gcm_siv_enc_2_keys_test,wit-constr-diff,aes_256_key_expansion.circom,AES256KeyExpansion,bits2num_1[129].out:num2bits_1[161].in,Yes
zksolid-paper/benchmarks/aes-circom/gcm_siv_enc_2_keys_test,wit-constr-diff,aes_256_key_expansion.circom,AES256KeyExpansion,bits2num_1[130].out:num2bits_1[162].in,Yes
zksolid-paper/benchmarks/aes-circom/gcm_siv_enc_2_keys_test,wit-constr-diff,aes_256_key_expansion.circom,AES256KeyExpansion,bits2num_1[131].out:num2bits_1[163].in,Yes
zksolid-paper/benchmarks/aes-circom/gcm_siv_enc_2_keys_test,wit-constr-diff,aes_256_key_expansion.circom,AES256KeyExpansion,bits2num_1[144].out:num2bits_1[180].in,Yes
zksolid-paper/benchmarks/aes-circom/gcm_siv_enc_2_keys_test,wit-constr-diff,aes_256_key_expansion.circom,AES256KeyExpansion,bits2num_1[145].out:num2bits_1[181].in,Yes
zksolid-paper/benchmarks/aes-circom/gcm_siv_enc_2_keys_test,wit-constr-diff,aes_256_key_expansion.circom,AES256KeyExpansion,bits2num_1[146].out:num2bits_1[182].in,Yes
zksolid-paper/benchmarks/aes-circom/gcm_siv_enc_2_keys_test,wit-constr-diff,aes_256_key_expansion.circom,AES256KeyExpansion,bits2num_1[147].out:num2bits_1[183].in,Yes
zksolid-paper/benchmarks/aes-circom/gcm_siv_enc_2_keys_test,wit-constr-diff,aes_256_key_expansion.circom,AES256KeyExpansion,bits2num_1[160].out:num2bits_1[200].in,Yes
zksolid-paper/benchmarks/aes-circom/gcm_siv_enc_2_keys_test,wit-constr-diff,aes_256_key_expansion.circom,AES256KeyExpansion,bits2num_1[161].out:num2bits_1[201].in,Yes
zksolid-paper/benchmarks/aes-circom/gcm_siv_enc_2_keys_test,wit-constr-diff,aes_256_key_expansion.circom,AES256KeyExpansion,bits2num_1[162].out:num2bits_1[202].in,Yes
zksolid-paper/benchmarks/aes-circom/gcm_siv_enc_2_keys_test,wit-constr-diff,aes_256_key_expansion.circom,AES256KeyExpansion,bits2num_1[163].out:num2bits_1[203].in,Yes
zksolid-paper/benchmarks/aes-circom/gcm_siv_enc_2_keys_test,wit-constr-diff,aes_256_key_expansion.circom,AES256KeyExpansion,bits2num_1[176].out:num2bits_1[220].in,Yes
zksolid-paper/benchmarks/aes-circom/gcm_siv_enc_2_keys_test,wit-constr-diff,aes_256_key_expansion.circom,AES256KeyExpansion,bits2num_1[177].out:num2bits_1[221].in,Yes
zksolid-paper/benchmarks/aes-circom/gcm_siv_enc_2_keys_test,wit-constr-diff,aes_256_key_expansion.circom,AES256KeyExpansion,bits2num_1[178].out:num2bits_1[222].in,Yes
zksolid-paper/benchmarks/aes-circom/gcm_siv_enc_2_keys_test,wit-constr-diff,aes_256_key_expansion.circom,AES256KeyExpansion,bits2num_1[179].out:num2bits_1[223].in,Yes
zksolid-paper/benchmarks/aes-circom/gcm_siv_enc_2_keys_test,wit-constr-diff,aes_256_key_expansion.circom,AES256KeyExpansion,bits2num_1[192].out:num2bits_1[240].in,Yes
zksolid-paper/benchmarks/aes-circom/gcm_siv_enc_2_keys_test,wit-constr-diff,aes_256_key_expansion.circom,AES256KeyExpansion,bits2num_1[193].out:num2bits_1[241].in,Yes
zksolid-paper/benchmarks/aes-circom/gcm_siv_enc_2_keys_test,wit-constr-diff,aes_256_key_expansion.circom,AES256KeyExpansion,bits2num_1[194].out:num2bits_1[242].in,Yes
zksolid-paper/benchmarks/aes-circom/gcm_siv_enc_2_keys_test,wit-constr-diff,aes_256_key_expansion.circom,AES256KeyExpansion,bits2num_1[195].out:num2bits_1[243].in,Yes
zksolid-paper/benchmarks/aes-circom/gcm_siv_enc_2_keys_test,wit-constr-diff,aes_256_key_expansion.circom,AES256KeyExpansion,bits2num_1[208].out:num2bits_1[260].in,Yes
zksolid-paper/benchmarks/aes-circom/gcm_siv_enc_2_keys_test,wit-constr-diff,aes_256_key_expansion.circom,AES256KeyExpansion,bits2num_1[209].out:num2bits_1[261].in,Yes
zksolid-paper/benchmarks/aes-circom/gcm_siv_enc_2_keys_test,wit-constr-diff,aes_256_key_expansion.circom,AES256KeyExpansion,bits2num_1[210].out:num2bits_1[262].in,Yes
zksolid-paper/benchmarks/aes-circom/gcm_siv_enc_2_keys_test,wit-constr-diff,aes_256_key_expansion.circom,AES256KeyExpansion,bits2num_1[211].out:num2bits_1[263].in,Yes
zksolid-paper/benchmarks/aes-circom/gcm_siv_enc_2_keys_test,wit-constr-diff,aes_256_key_expansion.circom,AES256KeyExpansion,bits2num_1[224].out:num2bits_1[280].in,Yes
zksolid-paper/benchmarks/aes-circom/gcm_siv_enc_2_keys_test,wit-constr-diff,aes_256_key_expansion.circom,AES256KeyExpansion,bits2num_1[225].out:num2bits_1[281].in,Yes
zksolid-paper/benchmarks/aes-circom/gcm_siv_enc_2_keys_test,wit-constr-diff,aes_256_key_expansion.circom,AES256KeyExpansion,bits2num_1[226].out:num2bits_1[282].in,Yes
zksolid-paper/benchmarks/aes-circom/gcm_siv_enc_2_keys_test,wit-constr-diff,aes_256_key_expansion.circom,AES256KeyExpansion,bits2num_1[227].out:num2bits_1[283].in,Yes
zksolid-paper/benchmarks/aes-circom/gcm_siv_enc_2_keys_test,wit-constr-diff,aes_256_key_expansion.circom,AES256KeyExpansion,bits2num_1[32].out:num2bits_1[40].in,Yes
zksolid-paper/benchmarks/aes-circom/gcm_siv_enc_2_keys_test,wit-constr-diff,aes_256_key_expansion.circom,AES256KeyExpansion,bits2num_1[33].out:num2bits_1[41].in,Yes
zksolid-paper/benchmarks/aes-circom/gcm_siv_enc_2_keys_test,wit-constr-diff,aes_256_key_expansion.circom,AES256KeyExpansion,bits2num_1[34].out:num2bits_1[42].in,Yes
zksolid-paper/benchmarks/aes-circom/gcm_siv_enc_2_keys_test,wit-constr-diff,aes_256_key_expansion.circom,AES256KeyExpansion,bits2num_1[35].out:num2bits_1[43].in,Yes
zksolid-paper/benchmarks/aes-circom/gcm_siv_enc_2_keys_test,wit-constr-diff,aes_256_key_expansion.circom,AES256KeyExpansion,bits2num_1[48].out:num2bits_1[60].in,Yes
zksolid-paper/benchmarks/aes-circom/gcm_siv_enc_2_keys_test,wit-constr-diff,aes_256_key_expansion.circom,AES256KeyExpansion,bits2num_1[49].out:num2bits_1[61].in,Yes
zksolid-paper/benchmarks/aes-circom/gcm_siv_enc_2_keys_test,wit-constr-diff,aes_256_key_expansion.circom,AES256KeyExpansion,bits2num_1[50].out:num2bits_1[62].in,Yes
zksolid-paper/benchmarks/aes-circom/gcm_siv_enc_2_keys_test,wit-constr-diff,aes_256_key_expansion.circom,AES256KeyExpansion,bits2num_1[51].out:num2bits_1[63].in,Yes
zksolid-paper/benchmarks/aes-circom/gcm_siv_enc_2_keys_test,wit-constr-diff,aes_256_key_expansion.circom,AES256KeyExpansion,bits2num_1[64].out:num2bits_1[80].in,Yes
zksolid-paper/benchmarks/aes-circom/gcm_siv_enc_2_keys_test,wit-constr-diff,aes_256_key_expansion.circom,AES256KeyExpansion,bits2num_1[65].out:num2bits_1[81].in,Yes
zksolid-paper/benchmarks/aes-circom/gcm_siv_enc_2_keys_test,wit-constr-diff,aes_256_key_expansion.circom,AES256KeyExpansion,bits2num_1[66].out:num2bits_1[82].in,Yes
zksolid-paper/benchmarks/aes-circom/gcm_siv_enc_2_keys_test,wit-constr-diff,aes_256_key_expansion.circom,AES256KeyExpansion,bits2num_1[67].out:num2bits_1[83].in,Yes
zksolid-paper/benchmarks/aes-circom/gcm_siv_enc_2_keys_test,wit-constr-diff,aes_256_key_expansion.circom,AES256KeyExpansion,bits2num_1[80].out:num2bits_1[100].in,Yes
zksolid-paper/benchmarks/aes-circom/gcm_siv_enc_2_keys_test,wit-constr-diff,aes_256_key_expansion.circom,AES256KeyExpansion,bits2num_1[81].out:num2bits_1[101].in,Yes
zksolid-paper/benchmarks/aes-circom/gcm_siv_enc_2_keys_test,wit-constr-diff,aes_256_key_expansion.circom,AES256KeyExpansion,bits2num_1[82].out:num2bits_1[102].in,Yes
zksolid-paper/benchmarks/aes-circom/gcm_siv_enc_2_keys_test,wit-constr-diff,aes_256_key_expansion.circom,AES256KeyExpansion,bits2num_1[83].out:num2bits_1[103].in,Yes
zksolid-paper/benchmarks/aes-circom/gcm_siv_enc_2_keys_test,wit-constr-diff,aes_256_key_expansion.circom,AES256KeyExpansion,bits2num_1[96].out:num2bits_1[120].in,Yes
zksolid-paper/benchmarks/aes-circom/gcm_siv_enc_2_keys_test,wit-constr-diff,aes_256_key_expansion.circom,AES256KeyExpansion,bits2num_1[97].out:num2bits_1[121].in,Yes
zksolid-paper/benchmarks/aes-circom/gcm_siv_enc_2_keys_test,wit-constr-diff,aes_256_key_expansion.circom,AES256KeyExpansion,bits2num_1[98].out:num2bits_1[122].in,Yes
zksolid-paper/benchmarks/aes-circom/gcm_siv_enc_2_keys_test,wit-constr-diff,aes_256_key_expansion.circom,AES256KeyExpansion,bits2num_1[99].out:num2bits_1[123].in,Yes
zksolid-paper/benchmarks/aes-circom/gcm_siv_enc_2_keys_test,wit-constr-diff,aes_emulation.circom,EmulatedAesencSubstituteBytes,in[0]:out[0],Yes
zksolid-paper/benchmarks/aes-circom/gcm_siv_enc_2_keys_test,wit-constr-diff,aes_emulation.circom,EmulatedAesencSubstituteBytes,in[10]:out[10],Yes
zksolid-paper/benchmarks/aes-circom/gcm_siv_enc_2_keys_test,wit-constr-diff,aes_emulation.circom,EmulatedAesencSubstituteBytes,in[11]:out[11],Yes
zksolid-paper/benchmarks/aes-circom/gcm_siv_enc_2_keys_test,wit-constr-diff,aes_emulation.circom,EmulatedAesencSubstituteBytes,in[12]:out[12],Yes
zksolid-paper/benchmarks/aes-circom/gcm_siv_enc_2_keys_test,wit-constr-diff,aes_emulation.circom,EmulatedAesencSubstituteBytes,in[13]:out[13],Yes
zksolid-paper/benchmarks/aes-circom/gcm_siv_enc_2_keys_test,wit-constr-diff,aes_emulation.circom,EmulatedAesencSubstituteBytes,in[14]:out[14],Yes
zksolid-paper/benchmarks/aes-circom/gcm_siv_enc_2_keys_test,wit-constr-diff,aes_emulation.circom,EmulatedAesencSubstituteBytes,in[15]:out[15],Yes
zksolid-paper/benchmarks/aes-circom/gcm_siv_enc_2_keys_test,wit-constr-diff,aes_emulation.circom,EmulatedAesencSubstituteBytes,in[1]:out[1],Yes
zksolid-paper/benchmarks/aes-circom/gcm_siv_enc_2_keys_test,wit-constr-diff,aes_emulation.circom,EmulatedAesencSubstituteBytes,in[2]:out[2],Yes
zksolid-paper/benchmarks/aes-circom/gcm_siv_enc_2_keys_test,wit-constr-diff,aes_emulation.circom,EmulatedAesencSubstituteBytes,in[3]:out[3],Yes
zksolid-paper/benchmarks/aes-circom/gcm_siv_enc_2_keys_test,wit-constr-diff,aes_emulation.circom,EmulatedAesencSubstituteBytes,in[4]:out[4],Yes
zksolid-paper/benchmarks/aes-circom/gcm_siv_enc_2_keys_test,wit-constr-diff,aes_emulation.circom,EmulatedAesencSubstituteBytes,in[5]:out[5],Yes
zksolid-paper/benchmarks/aes-circom/gcm_siv_enc_2_keys_test,wit-constr-diff,aes_emulation.circom,EmulatedAesencSubstituteBytes,in[6]:out[6],Yes
zksolid-paper/benchmarks/aes-circom/gcm_siv_enc_2_keys_test,wit-constr-diff,aes_emulation.circom,EmulatedAesencSubstituteBytes,in[7]:out[7],Yes
zksolid-paper/benchmarks/aes-circom/gcm_siv_enc_2_keys_test,wit-constr-diff,aes_emulation.circom,EmulatedAesencSubstituteBytes,in[8]:out[8],Yes
zksolid-paper/benchmarks/aes-circom/gcm_siv_enc_2_keys_test,wit-constr-diff,aes_emulation.circom,EmulatedAesencSubstituteBytes,in[9]:out[9],Yes
zksolid-paper/benchmarks/aes-circom/gfmul_int_test,uc-inputs,vclmul_emulator.circom,VCLMULEmulator,src1[0..64],Yes
zksolid-paper/benchmarks/aes-circom/gfmul_int_test,uc-inputs,vclmul_emulator.circom,VCLMULEmulator,src1[64..128],Yes
zksolid-paper/benchmarks/aes-circom/gfmul_int_test,uc-inputs,vclmul_emulator.circom,VCLMULEmulator,src2[0..64],Yes
zksolid-paper/benchmarks/aes-circom/gfmul_int_test,uc-inputs,vclmul_emulator.circom,VCLMULEmulator,src2[64..128],Yes
zksolid-paper/benchmarks/aes-circom/gfmul_int_test,uc-subcmp-outputs,gfmul_int.circom,GFMULInt,vclmul_emulator_1[0..3].destination[0..128],Yes
zksolid-paper/benchmarks/aes-circom/gfmul_int_test,uc-subcmp-outputs,gfmul_int.circom,GFMULInt,vclmul_emulator_1[3].destination[1..128],Yes
zksolid-paper/benchmarks/aes-circom/gfmul_int_test,uc-subcmp-outputs,gfmul_int.circom,GFMULInt,vclmul_emulator_2.destination[0..128],Yes
zksolid-paper/benchmarks/aes-circom/gfmul_int_test,uc-subcmp-outputs,gfmul_int.circom,GFMULInt,vclmul_emulator_3.destination[0..128],Yes
zksolid-paper/benchmarks/aes-circom/polyval_test,uc-inputs,vclmul_emulator.circom,VCLMULEmulator,src1[0..64],Yes
zksolid-paper/benchmarks/aes-circom/polyval_test,uc-inputs,vclmul_emulator.circom,VCLMULEmulator,src1[64..128],Yes
zksolid-paper/benchmarks/aes-circom/polyval_test,uc-inputs,vclmul_emulator.circom,VCLMULEmulator,src2[0..64],Yes
zksolid-paper/benchmarks/aes-circom/polyval_test,uc-inputs,vclmul_emulator.circom,VCLMULEmulator,src2[64..128],Yes
zksolid-paper/benchmarks/aes-circom/polyval_test,uc-subcmp-outputs,gfmul_int.circom,GFMULInt,vclmul_emulator_1[0..3].destination[0..128],Yes
zksolid-paper/benchmarks/aes-circom/polyval_test,uc-subcmp-outputs,gfmul_int.circom,GFMULInt,vclmul_emulator_1[3].destination[1..128],Yes
zksolid-paper/benchmarks/aes-circom/polyval_test,uc-subcmp-outputs,gfmul_int.circom,GFMULInt,vclmul_emulator_2.destination[0..128],Yes
zksolid-paper/benchmarks/aes-circom/polyval_test,uc-subcmp-outputs,gfmul_int.circom,GFMULInt,vclmul_emulator_3.destination[0..128],Yes
zksolid-paper/benchmarks/aes-circom/polyval_test,uc-subcmp-outputs,polyval.circom,POLYVAL,gfmul_int_1[0..4].res[0..128],Yes
zksolid-paper/benchmarks/circom-ecdsa/ECDSAVerifyNoPubkeyCheck@circom-ecdsa@n=64@k=4,non-det-wit,multiplexer.circom,Decoder,inp,Yes
zksolid-paper/benchmarks/circom-ecdsa/ECDSAVerifyNoPubkeyCheck@circom-ecdsa@n=64@k=4,uc-inputs,bigint.circom,CheckCarryToZero,carry[4],Yes
zksolid-paper/benchmarks/circom-ecdsa/ECDSAVerifyNoPubkeyCheck@circom-ecdsa@n=64@k=4,uc-inputs,bigint.circom,CheckCarryToZero,carry[5],Yes
zksolid-paper/benchmarks/circom-ecdsa/ECDSAVerifyNoPubkeyCheck@circom-ecdsa@n=64@k=4,uc-inputs,secp256k1.circom,AddUnequalCubicConstraint,y3[0..4],Yes
zksolid-paper/benchmarks/circom-ecdsa/ECDSAVerifyNoPubkeyCheck@circom-ecdsa@n=64@k=4,uc-subcmp-outputs,bigint.circom,BigLessThan,eq_ands[0].out,Yes
zksolid-paper/benchmarks/circom-ecdsa/ECDSAVerifyNoPubkeyCheck@circom-ecdsa@n=64@k=4,uc-subcmp-outputs,bigint.circom,BigMod,add.out[10],Yes
zksolid-paper/benchmarks/circom-ecdsa/biglessthan@circom-ecdsa@n=2@k=3,uc-subcmp-outputs,bigint.circom,BigLessThan,eq_ands[0].out,Yes
zksolid-paper/benchmarks/circom-ecdsa/bigmod@circom-ecdsa@n=2@k=2,uc-subcmp-outputs,bigint.circom,BigLessThan,eq_ands[0].out,Yes
zksolid-paper/benchmarks/circom-ecdsa/bigmod@circom-ecdsa@n=2@k=2,uc-subcmp-outputs,bigint.circom,BigMod,add.out[6],Yes
zksolid-paper/benchmarks/circom-ecdsa/bigmod@circom-ecdsa@n=3@k=2,uc-subcmp-outputs,bigint.circom,BigLessThan,eq_ands[0].out,Yes
zksolid-paper/benchmarks/circom-ecdsa/bigmod@circom-ecdsa@n=3@k=2,uc-subcmp-outputs,bigint.circom,BigMod,add.out[6],Yes
zksolid-paper/benchmarks/circom-ecdsa/bigsubmodp@circom-ecdsa@n=3@k=2,uc-subcmp-outputs,bigint.circom,BigSubModP,add.out[2],Yes
zksolid-paper/benchmarks/circom-ecdsa/secp256k1AddUnequal@circom-ecdsa@n=64@k=4,uc-inputs,bigint.circom,CheckCarryToZero,carry[4],Yes
zksolid-paper/benchmarks/circom-ecdsa/secp256k1AddUnequal@circom-ecdsa@n=64@k=4,uc-inputs,bigint.circom,CheckCarryToZero,carry[5],Yes
zksolid-paper/benchmarks/circom-ecdsa/secp256k1AddUnequal@circom-ecdsa@n=64@k=4,uc-inputs,secp256k1.circom,AddUnequalCubicConstraint,y3[0..4],Yes
zksolid-paper/benchmarks/circom-ecdsa/secp256k1Double@circom-ecdsa@n=64@k=4,uc-inputs,bigint.circom,CheckCarryToZero,carry[5],Yes
zksolid-paper/benchmarks/circom-ecdsa/secp256k1Poc@circom-ecdsa@n=64@k=4,uc-inputs,bigint.circom,CheckCarryToZero,carry[5],Yes
zksolid-paper/benchmarks/circom-ecdsa/secp256k1ScalarMult@circom-ecdsa@n=64@k=4,uc-inputs,bigint.circom,CheckCarryToZero,carry[4],Yes
zksolid-paper/benchmarks/circom-ecdsa/secp256k1ScalarMult@circom-ecdsa@n=64@k=4,uc-inputs,bigint.circom,CheckCarryToZero,carry[5],Yes
zksolid-paper/benchmarks/circom-ecdsa/secp256k1ScalarMult@circom-ecdsa@n=64@k=4,uc-inputs,secp256k1.circom,AddUnequalCubicConstraint,y3[0..4],Yes
zksolid-paper/benchmarks/circom-matrix/trace_test,uc-inputs,trace.circom,trace,a[1..4],Yes
zksolid-paper/benchmarks/circom-matrix/trace_test,uc-inputs,trace.circom,trace,a[5..8],Yes
zksolid-paper/benchmarks/circom-ml/Conv1D_test,uc-inputs,Conv1D.circom,Conv1D,in[57..60],Yes
zksolid-paper/benchmarks/circom-ml/mnist_convnet_test,uc-subcmp-outputs,ArgMax.circom,ArgMax,aswitchers[1..11].outR,Yes
zksolid-paper/benchmarks/circom-ml/mnist_convnet_test,uc-subcmp-outputs,ArgMax.circom,ArgMax,switchers[1..11].outR,Yes
zksolid-paper/benchmarks/circom-ml/mnist_convnet_test,uc-subcmp-outputs,mnist_convnet_test.circom,mnist_convnet,sum2d_1.out[1052..1100],Yes
zksolid-paper/benchmarks/circom-ml/mnist_convnet_test,uc-subcmp-outputs,mnist_convnet_test.circom,mnist_convnet,sum2d_1.out[1152..1200],Yes
zksolid-paper/benchmarks/circom-ml/mnist_convnet_test,uc-subcmp-outputs,mnist_convnet_test.circom,mnist_convnet,sum2d_1.out[1252..2500],Yes
zksolid-paper/benchmarks/circom-ml/mnist_convnet_test,uc-subcmp-outputs,mnist_convnet_test.circom,mnist_convnet,sum2d_1.out[152..200],Yes
zksolid-paper/benchmarks/circom-ml/mnist_convnet_test,uc-subcmp-outputs,mnist_convnet_test.circom,mnist_convnet,sum2d_1.out[252..300],Yes
zksolid-paper/benchmarks/circom-ml/mnist_convnet_test,uc-subcmp-outputs,mnist_convnet_test.circom,mnist_convnet,sum2d_1.out[352..400],Yes
zksolid-paper/benchmarks/circom-ml/mnist_convnet_test,uc-subcmp-outputs,mnist_convnet_test.circom,mnist_convnet,sum2d_1.out[452..500],Yes
zksolid-paper/benchmarks/circom-ml/mnist_convnet_test,uc-subcmp-outputs,mnist_convnet_test.circom,mnist_convnet,sum2d_1.out[52..100],Yes
zksolid-paper/benchmarks/circom-ml/mnist_convnet_test,uc-subcmp-outputs,mnist_convnet_test.circom,mnist_convnet,sum2d_1.out[552..600],Yes
zksolid-paper/benchmarks/circom-ml/mnist_convnet_test,uc-subcmp-outputs,mnist_convnet_test.circom,mnist_convnet,sum2d_1.out[652..700],Yes
zksolid-paper/benchmarks/circom-ml/mnist_convnet_test,uc-subcmp-outputs,mnist_convnet_test.circom,mnist_convnet,sum2d_1.out[752..800],Yes
zksolid-paper/benchmarks/circom-ml/mnist_convnet_test,uc-subcmp-outputs,mnist_convnet_test.circom,mnist_convnet,sum2d_1.out[852..900],Yes
zksolid-paper/benchmarks/circom-ml/mnist_convnet_test,uc-subcmp-outputs,mnist_convnet_test.circom,mnist_convnet,sum2d_1.out[952..1000],Yes
zksolid-paper/benchmarks/circom-ml/mnist_convnet_test,uc-subcmp-outputs,mnist_convnet_test.circom,mnist_convnet,sum2d_2.out[120..160],Yes
zksolid-paper/benchmarks/circom-ml/mnist_convnet_test,uc-subcmp-outputs,mnist_convnet_test.circom,mnist_convnet,sum2d_2.out[200..240],Yes
zksolid-paper/benchmarks/circom-ml/mnist_convnet_test,uc-subcmp-outputs,mnist_convnet_test.circom,mnist_convnet,sum2d_2.out[280..320],Yes
zksolid-paper/benchmarks/circom-ml/mnist_convnet_test,uc-subcmp-outputs,mnist_convnet_test.circom,mnist_convnet,sum2d_2.out[360..800],Yes
zksolid-paper/benchmarks/circom-ml/mnist_convnet_test,uc-subcmp-outputs,mnist_convnet_test.circom,mnist_convnet,sum2d_2.out[40..80],Yes
zksolid-paper/benchmarks/circom-ml/mnist_poly_test,uc-subcmp-outputs,ArgMax.circom,ArgMax,aswitchers[1..3].outR,Yes
zksolid-paper/benchmarks/circom-ml/mnist_poly_test,uc-subcmp-outputs,ArgMax.circom,ArgMax,switchers[1..3].outR,Yes
zksolid-paper/benchmarks/circom-pairing/CoreVerifyPubkeyG1@circom-pairing@n=55@k=7,uc-inputs,bigint.circom,CheckCarryToZero,carry[10],Yes
zksolid-paper/benchmarks/circom-pairing/CoreVerifyPubkeyG1@circom-pairing@n=55@k=7,uc-inputs,bigint.circom,CheckCarryToZero,carry[13],Yes
zksolid-paper/benchmarks/circom-pairing/CoreVerifyPubkeyG1@circom-pairing@n=55@k=7,uc-inputs,bigint.circom,CheckCarryToZero,carry[9],Yes
zksolid-paper/benchmarks/circom-pairing/CoreVerifyPubkeyG1@circom-pairing@n=55@k=7,uc-inputs,final_exp.circom,Fp12CyclotomicCompress,in[0..14],Yes
zksolid-paper/benchmarks/circom-pairing/CoreVerifyPubkeyG1@circom-pairing@n=55@k=7,uc-inputs,final_exp.circom,Fp12CyclotomicCompress,in[42..56],Yes
zksolid-paper/benchmarks/circom-pairing/CoreVerifyPubkeyG1@circom-pairing@n=55@k=7,uc-subcmp-outputs,bigint.circom,BigLessThan,eq_ands[0].out,Yes
zksolid-paper/benchmarks/circom-pairing/CoreVerifyPubkeyG1@circom-pairing@n=55@k=7,uc-subcmp-outputs,bls12_381_hash_to_G2.circom,EndomorphismPsi2,qy[0..2].underflow,Yes
zksolid-paper/benchmarks/circom-pairing/CoreVerifyPubkeyG1@circom-pairing@n=55@k=7,uc-subcmp-outputs,bls12_381_hash_to_G2.circom,SubgroupCheckG1,phiPy_neg.underflow,Yes
zksolid-paper/benchmarks/circom-pairing/CoreVerifyPubkeyG1@circom-pairing@n=55@k=7,uc-subcmp-outputs,bls_signature.circom,CoreVerifyPubkeyG1,lt[0..10].out,Yes
zksolid-paper/benchmarks/circom-pairing/CoreVerifyPubkeyG1@circom-pairing@n=55@k=7,uc-subcmp-outputs,curve_fp2.circom,EllipticCurveFunction,carry.X[0..10],Yes
zksolid-paper/benchmarks/circom-pairing/CoreVerifyPubkeyG1@circom-pairing@n=55@k=7,uc-subcmp-outputs,extra_curve.circom,Fp12Multiply,carry_mod.X[0..48],Yes
zksolid-paper/benchmarks/circom-pairing/CoreVerifyPubkeyG1@circom-pairing@n=55@k=7,uc-subcmp-outputs,final_exp.circom,Fp12CyclotomicDecompress,carry_mod00.X[0..8],Yes
zksolid-paper/benchmarks/circom-pairing/CoreVerifyPubkeyG1@circom-pairing@n=55@k=7,uc-subcmp-outputs,final_exp.circom,Fp12CyclotomicDecompress,carry_mod01.X[0..8],Yes
zksolid-paper/benchmarks/circom-pairing/CoreVerifyPubkeyG1@circom-pairing@n=55@k=7,uc-subcmp-outputs,final_exp.circom,Fp12CyclotomicSquare,sqMod[0..4].X[0..8],Yes
zksolid-paper/benchmarks/circom-pairing/CoreVerifyPubkeyG1@circom-pairing@n=55@k=7,uc-subcmp-outputs,fp2.circom,Fp2Multiply,carry_mod.X[0..8],Yes
zksolid-paper/benchmarks/circom-pairing/CoreVerifyPubkeyG1@circom-pairing@n=55@k=7,uc-subcmp-outputs,fp2.circom,Fp2MultiplyThree,carry_mod.X[0..10],Yes
zksolid-paper/benchmarks/circom-pairing/CoreVerifyPubkeyG1@circom-pairing@n=55@k=7,uc-subcmp-outputs,fp2.circom,SignedFp2CompressCarry,carry.X[0..10],Yes
zksolid-paper/benchmarks/circom-pairing/CoreVerifyPubkeyG1@circom-pairing@n=55@k=7,uc-subcmp-outputs,fp2.circom,SignedFp2CompressCarry,carry.X[0..8],Yes
zksolid-paper/benchmarks/circomlib-cff5ab6/BabyPbk@babyjub,uc-subcmp-outputs,escalarmulfix.circom,EscalarMulFix,segments[1].dbl[0..2],Yes
zksolid-paper/benchmarks/circomlib-cff5ab6/BabyPbk@babyjub,zk-divide-by-zero,montgomery.circom,Edwards2Montgomery,in[0..2],Yes
zksolid-paper/benchmarks/circomlib-cff5ab6/BabyPbk@babyjub,zk-divide-by-zero,montgomery.circom,Montgomery2Edwards,in[0..2],Yes
zksolid-paper/benchmarks/circomlib-cff5ab6/BabyPbk@babyjub,zk-divide-by-zero,montgomery.circom,MontgomeryAdd,in1[0],Yes
zksolid-paper/benchmarks/circomlib-cff5ab6/BabyPbk@babyjub,zk-divide-by-zero,montgomery.circom,MontgomeryAdd,in2[0],Yes
zksolid-paper/benchmarks/circomlib-cff5ab6/BabyPbk@babyjub,zk-divide-by-zero,montgomery.circom,MontgomeryDouble,in[1],Yes
zksolid-paper/benchmarks/circomlib-cff5ab6/BitElementMulAny@escalarmulany,zk-divide-by-zero,montgomery.circom,MontgomeryAdd,in1[0],Yes
zksolid-paper/benchmarks/circomlib-cff5ab6/BitElementMulAny@escalarmulany,zk-divide-by-zero,montgomery.circom,MontgomeryAdd,in2[0],Yes
zksolid-paper/benchmarks/circomlib-cff5ab6/BitElementMulAny@escalarmulany,zk-divide-by-zero,montgomery.circom,MontgomeryDouble,in[1],Yes
zksolid-paper/benchmarks/circomlib-cff5ab6/Bits2Point@pointbits,uc-inputs,pointbits.circom,Bits2Point,in[0..256],Yes
zksolid-paper/benchmarks/circomlib-cff5ab6/Bits2Point@pointbits,uc-inputs,pointbits.circom,Bits2Point,out[0..2],Yes
zksolid-paper/benchmarks/circomlib-cff5ab6/Bits2Point@pointbits,uc-outputs,pointbits.circom,Bits2Point,out[0..2],Yes
zksolid-paper/benchmarks/circomlib-cff5ab6/Edwards2Montgomery@montgomery,zk-divide-by-zero,montgomery.circom,Edwards2Montgomery,in[0..2],Yes
zksolid-paper/benchmarks/circomlib-cff5ab6/EscalarMulAny@escalarmulany,uc-subcmp-outputs,escalarmulany.circom,EscalarMulAny,segments[0].dbl[0..2],Yes
zksolid-paper/benchmarks/circomlib-cff5ab6/EscalarMulAny@escalarmulany,zk-divide-by-zero,montgomery.circom,Edwards2Montgomery,in[0..2],Yes
zksolid-paper/benchmarks/circomlib-cff5ab6/EscalarMulAny@escalarmulany,zk-divide-by-zero,montgomery.circom,Montgomery2Edwards,in[0..2],Yes
zksolid-paper/benchmarks/circomlib-cff5ab6/EscalarMulAny@escalarmulany,zk-divide-by-zero,montgomery.circom,MontgomeryAdd,in1[0],Yes
zksolid-paper/benchmarks/circomlib-cff5ab6/EscalarMulAny@escalarmulany,zk-divide-by-zero,montgomery.circom,MontgomeryAdd,in2[0],Yes
zksolid-paper/benchmarks/circomlib-cff5ab6/EscalarMulAny@escalarmulany,zk-divide-by-zero,montgomery.circom,MontgomeryDouble,in[1],Yes
zksolid-paper/benchmarks/circomlib-cff5ab6/EscalarMulFix@escalarmulfix,uc-subcmp-outputs,escalarmulfix.circom,EscalarMulFix,segments[0].dbl[0..2],Yes
zksolid-paper/benchmarks/circomlib-cff5ab6/EscalarMulFix@escalarmulfix,zk-divide-by-zero,montgomery.circom,Edwards2Montgomery,in[0..2],Yes
zksolid-paper/benchmarks/circomlib-cff5ab6/EscalarMulFix@escalarmulfix,zk-divide-by-zero,montgomery.circom,Montgomery2Edwards,in[0..2],Yes
zksolid-paper/benchmarks/circomlib-cff5ab6/EscalarMulFix@escalarmulfix,zk-divide-by-zero,montgomery.circom,MontgomeryAdd,in1[0],Yes
zksolid-paper/benchmarks/circomlib-cff5ab6/EscalarMulFix@escalarmulfix,zk-divide-by-zero,montgomery.circom,MontgomeryAdd,in2[0],Yes
zksolid-paper/benchmarks/circomlib-cff5ab6/EscalarMulFix@escalarmulfix,zk-divide-by-zero,montgomery.circom,MontgomeryDouble,in[1],Yes
zksolid-paper/benchmarks/circomlib-cff5ab6/Montgomery2Edwards@montgomery,zk-divide-by-zero,montgomery.circom,Montgomery2Edwards,in[0..2],Yes
zksolid-paper/benchmarks/circomlib-cff5ab6/MontgomeryAdd@montgomery,zk-divide-by-zero,montgomery.circom,MontgomeryAdd,in1[0],Yes
zksolid-paper/benchmarks/circomlib-cff5ab6/MontgomeryAdd@montgomery,zk-divide-by-zero,montgomery.circom,MontgomeryAdd,in2[0],Yes
zksolid-paper/benchmarks/circomlib-cff5ab6/MontgomeryDouble@montgomery,zk-divide-by-zero,montgomery.circom,MontgomeryDouble,in[1],Yes
zksolid-paper/benchmarks/circomlib-cff5ab6/Multiplexer@multiplexer,non-det-wit,multiplexer.circom,Decoder,inp,Yes
zksolid-paper/benchmarks/circomlib-cff5ab6/Pedersen@pedersen,uc-subcmp-outputs,escalarmulfix.circom,Segment,windows[0].out8[0..2],Yes
zksolid-paper/benchmarks/circomlib-cff5ab6/Pedersen@pedersen,zk-divide-by-zero,montgomery.circom,Edwards2Montgomery,in[0..2],Yes
zksolid-paper/benchmarks/circomlib-cff5ab6/Pedersen@pedersen,zk-divide-by-zero,montgomery.circom,Montgomery2Edwards,in[0..2],Yes
zksolid-paper/benchmarks/circomlib-cff5ab6/Pedersen@pedersen,zk-divide-by-zero,montgomery.circom,MontgomeryAdd,in1[0],Yes
zksolid-paper/benchmarks/circomlib-cff5ab6/Pedersen@pedersen,zk-divide-by-zero,montgomery.circom,MontgomeryAdd,in2[0],Yes
zksolid-paper/benchmarks/circomlib-cff5ab6/Pedersen@pedersen,zk-divide-by-zero,montgomery.circom,MontgomeryDouble,in[1],Yes
zksolid-paper/benchmarks/circomlib-cff5ab6/Point2Bits@pointbits,uc-inputs,pointbits.circom,Point2Bits,in[0..2],Yes
zksolid-paper/benchmarks/circomlib-cff5ab6/Point2Bits@pointbits,uc-inputs,pointbits.circom,Point2Bits,out[0..256],Yes
zksolid-paper/benchmarks/circomlib-cff5ab6/Point2Bits@pointbits,uc-outputs,pointbits.circom,Point2Bits,out[0..256],Yes
zksolid-paper/benchmarks/circomlib-cff5ab6/Segment@pedersen,uc-subcmp-outputs,pedersen.circom,Segment,windows[1].out8[0..2],Yes
zksolid-paper/benchmarks/circomlib-cff5ab6/Segment@pedersen,zk-divide-by-zero,montgomery.circom,Edwards2Montgomery,in[0..2],Yes
zksolid-paper/benchmarks/circomlib-cff5ab6/Segment@pedersen,zk-divide-by-zero,montgomery.circom,Montgomery2Edwards,in[0..2],Yes
zksolid-paper/benchmarks/circomlib-cff5ab6/Segment@pedersen,zk-divide-by-zero,montgomery.circom,MontgomeryAdd,in1[0],Yes
zksolid-paper/benchmarks/circomlib-cff5ab6/Segment@pedersen,zk-divide-by-zero,montgomery.circom,MontgomeryAdd,in2[0],Yes
zksolid-paper/benchmarks/circomlib-cff5ab6/Segment@pedersen,zk-divide-by-zero,montgomery.circom,MontgomeryDouble,in[1],Yes
zksolid-paper/benchmarks/circomlib-cff5ab6/SegmentMulAny@escalarmulany,zk-divide-by-zero,montgomery.circom,Edwards2Montgomery,in[0..2],Yes
zksolid-paper/benchmarks/circomlib-cff5ab6/SegmentMulAny@escalarmulany,zk-divide-by-zero,montgomery.circom,Montgomery2Edwards,in[0..2],Yes
zksolid-paper/benchmarks/circomlib-cff5ab6/SegmentMulAny@escalarmulany,zk-divide-by-zero,montgomery.circom,MontgomeryAdd,in1[0],Yes
zksolid-paper/benchmarks/circomlib-cff5ab6/SegmentMulAny@escalarmulany,zk-divide-by-zero,montgomery.circom,MontgomeryAdd,in2[0],Yes
zksolid-paper/benchmarks/circomlib-cff5ab6/SegmentMulAny@escalarmulany,zk-divide-by-zero,montgomery.circom,MontgomeryDouble,in[1],Yes
zksolid-paper/benchmarks/circomlib-cff5ab6/SegmentMulFix@escalarmulfix,zk-divide-by-zero,montgomery.circom,Edwards2Montgomery,in[0..2],Yes
zksolid-paper/benchmarks/circomlib-cff5ab6/SegmentMulFix@escalarmulfix,zk-divide-by-zero,montgomery.circom,Montgomery2Edwards,in[0..2],Yes
zksolid-paper/benchmarks/circomlib-cff5ab6/SegmentMulFix@escalarmulfix,zk-divide-by-zero,montgomery.circom,MontgomeryAdd,in1[0],Yes
zksolid-paper/benchmarks/circomlib-cff5ab6/SegmentMulFix@escalarmulfix,zk-divide-by-zero,montgomery.circom,MontgomeryAdd,in2[0],Yes
zksolid-paper/benchmarks/circomlib-cff5ab6/SegmentMulFix@escalarmulfix,zk-divide-by-zero,montgomery.circom,MontgomeryDouble,in[1],Yes
zksolid-paper/benchmarks/circomlib-cff5ab6/Window4@pedersen,zk-divide-by-zero,montgomery.circom,MontgomeryAdd,in1[0],Yes
zksolid-paper/benchmarks/circomlib-cff5ab6/Window4@pedersen,zk-divide-by-zero,montgomery.circom,MontgomeryAdd,in2[0],Yes
zksolid-paper/benchmarks/circomlib-cff5ab6/Window4@pedersen,zk-divide-by-zero,montgomery.circom,MontgomeryDouble,in[1],Yes
zksolid-paper/benchmarks/circomlib-cff5ab6/WindowMulFix@escalarmulfix,zk-divide-by-zero,montgomery.circom,MontgomeryAdd,in1[0],Yes
zksolid-paper/benchmarks/circomlib-cff5ab6/WindowMulFix@escalarmulfix,zk-divide-by-zero,montgomery.circom,MontgomeryAdd,in2[0],Yes
zksolid-paper/benchmarks/circomlib-cff5ab6/WindowMulFix@escalarmulfix,zk-divide-by-zero,montgomery.circom,MontgomeryDouble,in[1],Yes
zksolid-paper/benchmarks/darkforest-eth-9033eaf/biomebase,zk-divide-by-zero,perlin.circom,Modulo,divisor,Yes
zksolid-paper/benchmarks/darkforest-eth-9033eaf/biomebase,zk-divide-by-zero,perlin.circom,PerlinValue,scale,Yes
zksolid-paper/benchmarks/darkforest-eth-9033eaf/init,zk-divide-by-zero,perlin.circom,Modulo,divisor,Yes
zksolid-paper/benchmarks/darkforest-eth-9033eaf/init,zk-divide-by-zero,perlin.circom,PerlinValue,scale,Yes
zksolid-paper/benchmarks/darkforest-eth-9033eaf/move,zk-divide-by-zero,perlin.circom,Modulo,divisor,Yes
zksolid-paper/benchmarks/darkforest-eth-9033eaf/move,zk-divide-by-zero,perlin.circom,PerlinValue,scale,Yes
zksolid-paper/benchmarks/darkforest-eth-9033eaf/perlin,zk-divide-by-zero,perlin.circom,Modulo,divisor,Yes
zksolid-paper/benchmarks/darkforest-eth-9033eaf/perlin,zk-divide-by-zero,perlin.circom,PerlinValue,scale,Yes
zksolid-paper/benchmarks/darkforest-eth-9033eaf/reveal,zk-divide-by-zero,perlin.circom,Modulo,divisor,Yes
zksolid-paper/benchmarks/darkforest-eth-9033eaf/reveal,zk-divide-by-zero,perlin.circom,PerlinValue,scale,Yes
zksolid-paper/benchmarks/ed25519-099d19c/batchverify,non-det-wit,lt.circom,LessThanBounded,in[0..2],Yes
zksolid-paper/benchmarks/ed25519-099d19c/batchverify,non-det-wit,lt.circom,LessThanPower,in,Yes
zksolid-paper/benchmarks/ed25519-099d19c/batchverify,uc-inputs,pointcompress.circom,PointCompress,P[9..12],Yes
zksolid-paper/benchmarks/ed25519-099d19c/batchverify,uc-inputs,shift.circom,ShR,in[0..10],Yes
zksolid-paper/benchmarks/ed25519-099d19c/batchverify,uc-inputs,shift.circom,ShR,in[0..3],Yes
zksolid-paper/benchmarks/ed25519-099d19c/batchverify,uc-inputs,shift.circom,ShR512,in[0..6],Yes
zksolid-paper/benchmarks/ed25519-099d19c/batchverify,uc-inputs,shift.circom,ShR512,in[0..7],Yes
zksolid-paper/benchmarks/ed25519-099d19c/batchverify,uc-outputs,binadd.circom,BinAdd,out[0..132],Yes
zksolid-paper/benchmarks/ed25519-099d19c/batchverify,uc-outputs,binadd.circom,BinAdd,out[0..254],Yes
zksolid-paper/benchmarks/ed25519-099d19c/batchverify,uc-outputs,binadd.circom,BinAdd,out[0..255],Yes
zksolid-paper/benchmarks/ed25519-099d19c/batchverify,uc-outputs,binadd.circom,BinAdd,out[0..259],Yes
zksolid-paper/benchmarks/ed25519-099d19c/batchverify,uc-outputs,binadd.circom,BinAdd,out[0..386],Yes
zksolid-paper/benchmarks/ed25519-099d19c/batchverify,uc-outputs,binadd.circom,fulladder,carry_out,Yes
zksolid-paper/benchmarks/ed25519-099d19c/batchverify,uc-outputs,binadd.circom,fulladder,val,Yes
zksolid-paper/benchmarks/ed25519-099d19c/batchverify,uc-outputs,binsub.circom,BinSub,out[0..253],Yes
zksolid-paper/benchmarks/ed25519-099d19c/batchverify,uc-outputs,binsub.circom,BinSub,out[0..254],Yes
zksolid-paper/benchmarks/ed25519-099d19c/batchverify,uc-outputs,chunkedmul.circom,BinMulFast,out[0..131],Yes
zksolid-paper/benchmarks/ed25519-099d19c/batchverify,uc-outputs,chunkedmul.circom,BinMulFast,out[0..258],Yes
zksolid-paper/benchmarks/ed25519-099d19c/batchverify,uc-outputs,chunkedmul.circom,BinMulFast,out[0..385],Yes
zksolid-paper/benchmarks/ed25519-099d19c/batchverify,uc-outputs,chunkedmul.circom,ChunkedMul,out[0],Yes
zksolid-paper/benchmarks/ed25519-099d19c/batchverify,uc-outputs,chunkedmul.circom,ChunkedMul,out[10],Yes
zksolid-paper/benchmarks/ed25519-099d19c/batchverify,uc-outputs,chunkedmul.circom,ChunkedMul,out[11],Yes
zksolid-paper/benchmarks/ed25519-099d19c/batchverify,uc-outputs,chunkedmul.circom,ChunkedMul,out[12],Yes
zksolid-paper/benchmarks/ed25519-099d19c/batchverify,uc-outputs,chunkedmul.circom,ChunkedMul,out[13],Yes
zksolid-paper/benchmarks/ed25519-099d19c/batchverify,uc-outputs,chunkedmul.circom,ChunkedMul,out[14],Yes
zksolid-paper/benchmarks/ed25519-099d19c/batchverify,uc-outputs,chunkedmul.circom,ChunkedMul,out[15],Yes
zksolid-paper/benchmarks/ed25519-099d19c/batchverify,uc-outputs,chunkedmul.circom,ChunkedMul,out[16],Yes
zksolid-paper/benchmarks/ed25519-099d19c/batchverify,uc-outputs,chunkedmul.circom,ChunkedMul,out[17],Yes
zksolid-paper/benchmarks/ed25519-099d19c/batchverify,uc-outputs,chunkedmul.circom,ChunkedMul,out[19],Yes
zksolid-paper/benchmarks/ed25519-099d19c/batchverify,uc-outputs,chunkedmul.circom,ChunkedMul,out[1],Yes
zksolid-paper/benchmarks/ed25519-099d19c/batchverify,uc-outputs,chunkedmul.circom,ChunkedMul,out[2],Yes
zksolid-paper/benchmarks/ed25519-099d19c/batchverify,uc-outputs,chunkedmul.circom,ChunkedMul,out[3],Yes
zksolid-paper/benchmarks/ed25519-099d19c/batchverify,uc-outputs,chunkedmul.circom,ChunkedMul,out[4],Yes
zksolid-paper/benchmarks/ed25519-099d19c/batchverify,uc-outputs,chunkedmul.circom,ChunkedMul,out[5],Yes
zksolid-paper/benchmarks/ed25519-099d19c/batchverify,uc-outputs,chunkedmul.circom,ChunkedMul,out[6],Yes
zksolid-paper/benchmarks/ed25519-099d19c/batchverify,uc-outputs,chunkedmul.circom,ChunkedMul,out[7],Yes
zksolid-paper/benchmarks/ed25519-099d19c/batchverify,uc-outputs,chunkedmul.circom,ChunkedMul,out[8],Yes
zksolid-paper/benchmarks/ed25519-099d19c/batchverify,uc-outputs,chunkedmul.circom,ChunkedMul,out[9],Yes
zksolid-paper/benchmarks/ed25519-099d19c/batchverify,uc-outputs,lt.circom,LessThanBounded,out,Yes
zksolid-paper/benchmarks/ed25519-099d19c/batchverify,uc-outputs,lt.circom,LessThanPower,out,Yes
zksolid-paper/benchmarks/ed25519-099d19c/batchverify,uc-outputs,modulus.circom,ModulusWith252c,out[0..253],Yes
zksolid-paper/benchmarks/ed25519-099d19c/batchverify,uc-outputs,pointcompress.circom,PointCompress,out[255],Yes
zksolid-paper/benchmarks/ed25519-099d19c/batchverify,uc-subcmp-outputs,binsub.circom,BinSub,add1ToFlipped.out[253],Yes
zksolid-paper/benchmarks/ed25519-099d19c/batchverify,uc-subcmp-outputs,binsub.circom,BinSub,add1ToFlipped.out[254],Yes
zksolid-paper/benchmarks/ed25519-099d19c/batchverify,uc-subcmp-outputs,binsub.circom,BinSub,addWithComplement.out[253],Yes
zksolid-paper/benchmarks/ed25519-099d19c/batchverify,uc-subcmp-outputs,binsub.circom,BinSub,addWithComplement.out[254],Yes
zksolid-paper/benchmarks/ed25519-099d19c/batchverify,uc-subcmp-outputs,chunkedmul.circom,BinMulFast,adders[0..17].out[385],Yes
zksolid-paper/benchmarks/ed25519-099d19c/batchverify,uc-subcmp-outputs,chunkedmul.circom,BinMulFast,adders[0..2].out[131],Yes
zksolid-paper/benchmarks/ed25519-099d19c/batchverify,uc-subcmp-outputs,chunkedmul.circom,BinMulFast,adders[0..8].out[258],Yes
zksolid-paper/benchmarks/ed25519-099d19c/batchverify,uc-subcmp-outputs,modulus.circom,ModulusAgainst2PChunked51,mux.out[3],Yes
zksolid-paper/benchmarks/ed25519-099d19c/batchverify,uc-subcmp-outputs,pointcompress.circom,PointCompress,mod_x.out[1..3],Yes
zksolid-paper/benchmarks/ed25519-099d19c/batchverify,uc-subcmp-outputs,scalarmul.circom,ScalarMul,bits[253].dblOut[0..12],Yes
zksolid-paper/benchmarks/ed25519-099d19c/batchverify,uc-subcmp-outputs,scalarmul.circom,ScalarMul,sub_t.underflow,Yes
zksolid-paper/benchmarks/ed25519-099d19c/batchverify,uc-subcmp-outputs,scalarmul.circom,ScalarMul,sub_x.underflow,Yes
zksolid-paper/benchmarks/ed25519-099d19c/batchverify,uc-subcmp-outputs,verify.circom,Ed25519Verifier,addRH.R[9..12],Yes
zksolid-paper/benchmarks/ed25519-099d19c/batchverify,uc-subcmp-outputs,verify.circom,Ed25519Verifier,pMul1.sP[9..12],Yes
zksolid-paper/benchmarks/ed25519-099d19c/batchverify,uc-subcmp-outputs,verify.circom,PointEqual,and2[0].out,Yes
zksolid-paper/benchmarks/ed25519-099d19c/batchverify,wit-constr-diff,binadd.circom,fulladder,bit1:carry_out:val,Yes
zksolid-paper/benchmarks/ed25519-099d19c/batchverify,wit-constr-diff,binadd.circom,fulladder,bit2:carry_out:val,Yes
zksolid-paper/benchmarks/ed25519-099d19c/batchverify,wit-constr-diff,binadd.circom,fulladder,carry:carry_out:val,Yes
zksolid-paper/benchmarks/ed25519-099d19c/batchverify,wit-constr-diff,chunkedmul.circom,ChunkedMul,carry[0]:lt[0].in:out[0],Yes
zksolid-paper/benchmarks/ed25519-099d19c/batchverify,wit-constr-diff,chunkedmul.circom,ChunkedMul,carry[0]:lt[10].in:out[10],Yes
zksolid-paper/benchmarks/ed25519-099d19c/batchverify,wit-constr-diff,chunkedmul.circom,ChunkedMul,carry[0]:lt[11].in:out[11],Yes
zksolid-paper/benchmarks/ed25519-099d19c/batchverify,wit-constr-diff,chunkedmul.circom,ChunkedMul,carry[0]:lt[12].in:out[12],Yes
zksolid-paper/benchmarks/ed25519-099d19c/batchverify,wit-constr-diff,chunkedmul.circom,ChunkedMul,carry[0]:lt[13].in:out[13],Yes
zksolid-paper/benchmarks/ed25519-099d19c/batchverify,wit-constr-diff,chunkedmul.circom,ChunkedMul,carry[0]:lt[14].in:out[14],Yes
zksolid-paper/benchmarks/ed25519-099d19c/batchverify,wit-constr-diff,chunkedmul.circom,ChunkedMul,carry[0]:lt[15].in:out[15],Yes
zksolid-paper/benchmarks/ed25519-099d19c/batchverify,wit-constr-diff,chunkedmul.circom,ChunkedMul,carry[0]:lt[16].in:out[16],Yes
zksolid-paper/benchmarks/ed25519-099d19c/batchverify,wit-constr-diff,chunkedmul.circom,ChunkedMul,carry[0]:lt[17].in:out[17],Yes
zksolid-paper/benchmarks/ed25519-099d19c/batchverify,wit-constr-diff,chunkedmul.circom,ChunkedMul,carry[0]:lt[19].in:out[19],Yes
zksolid-paper/benchmarks/ed25519-099d19c/batchverify,wit-constr-diff,chunkedmul.circom,ChunkedMul,carry[0]:lt[1].in:out[1],Yes
zksolid-paper/benchmarks/ed25519-099d19c/batchverify,wit-constr-diff,chunkedmul.circom,ChunkedMul,carry[0]:lt[2].in:out[2],Yes
zksolid-paper/benchmarks/ed25519-099d19c/batchverify,wit-constr-diff,chunkedmul.circom,ChunkedMul,carry[0]:lt[3].in:out[3],Yes
zksolid-paper/benchmarks/ed25519-099d19c/batchverify,wit-constr-diff,chunkedmul.circom,ChunkedMul,carry[0]:lt[4].in:out[4],Yes
zksolid-paper/benchmarks/ed25519-099d19c/batchverify,wit-constr-diff,chunkedmul.circom,ChunkedMul,carry[0]:lt[5].in:out[5],Yes
zksolid-paper/benchmarks/ed25519-099d19c/batchverify,wit-constr-diff,chunkedmul.circom,ChunkedMul,carry[0]:lt[6].in:out[6],Yes
zksolid-paper/benchmarks/ed25519-099d19c/batchverify,wit-constr-diff,chunkedmul.circom,ChunkedMul,carry[0]:lt[7].in:out[7],Yes
zksolid-paper/benchmarks/ed25519-099d19c/batchverify,wit-constr-diff,chunkedmul.circom,ChunkedMul,carry[0]:lt[8].in:out[8],Yes
zksolid-paper/benchmarks/ed25519-099d19c/batchverify,wit-constr-diff,chunkedmul.circom,ChunkedMul,carry[0]:lt[9].in:out[9],Yes
zksolid-paper/benchmarks/ed25519-099d19c/batchverify,wit-constr-diff,chunkedmul.circom,ChunkedMul,carry[10]:lt[10].in:out[10],Yes
zksolid-paper/benchmarks/ed25519-099d19c/batchverify,wit-constr-diff,chunkedmul.circom,ChunkedMul,carry[10]:lt[11].in:out[11],Yes
zksolid-paper/benchmarks/ed25519-099d19c/batchverify,wit-constr-diff,chunkedmul.circom,ChunkedMul,carry[10]:lt[12].in:out[12],Yes
zksolid-paper/benchmarks/ed25519-099d19c/batchverify,wit-constr-diff,chunkedmul.circom,ChunkedMul,carry[10]:lt[13].in:out[13],Yes
zksolid-paper/benchmarks/ed25519-099d19c/batchverify,wit-constr-diff,chunkedmul.circom,ChunkedMul,carry[10]:lt[14].in:out[14],Yes
zksolid-paper/benchmarks/ed25519-099d19c/batchverify,wit-constr-diff,chunkedmul.circom,ChunkedMul,carry[10]:lt[15].in:out[15],Yes
zksolid-paper/benchmarks/ed25519-099d19c/batchverify,wit-constr-diff,chunkedmul.circom,ChunkedMul,carry[10]:lt[16].in:out[16],Yes
zksolid-paper/benchmarks/ed25519-099d19c/batchverify,wit-constr-diff,chunkedmul.circom,ChunkedMul,carry[10]:lt[17].in:out[17],Yes
zksolid-paper/benchmarks/ed25519-099d19c/batchverify,wit-constr-diff,chunkedmul.circom,ChunkedMul,carry[10]:lt[19].in:out[19],Yes
zksolid-paper/benchmarks/ed25519-099d19c/batchverify,wit-constr-diff,chunkedmul.circom,ChunkedMul,carry[11]:lt[11].in:out[11],Yes
zksolid-paper/benchmarks/ed25519-099d19c/batchverify,wit-constr-diff,chunkedmul.circom,ChunkedMul,carry[11]:lt[12].in:out[12],Yes
zksolid-paper/benchmarks/ed25519-099d19c/batchverify,wit-constr-diff,chunkedmul.circom,ChunkedMul,carry[11]:lt[13].in:out[13],Yes
zksolid-paper/benchmarks/ed25519-099d19c/batchverify,wit-constr-diff,chunkedmul.circom,ChunkedMul,carry[11]:lt[14].in:out[14],Yes
zksolid-paper/benchmarks/ed25519-099d19c/batchverify,wit-constr-diff,chunkedmul.circom,ChunkedMul,carry[11]:lt[15].in:out[15],Yes
zksolid-paper/benchmarks/ed25519-099d19c/batchverify,wit-constr-diff,chunkedmul.circom,ChunkedMul,carry[11]:lt[16].in:out[16],Yes
zksolid-paper/benchmarks/ed25519-099d19c/batchverify,wit-constr-diff,chunkedmul.circom,ChunkedMul,carry[11]:lt[17].in:out[17],Yes
zksolid-paper/benchmarks/ed25519-099d19c/batchverify,wit-constr-diff,chunkedmul.circom,ChunkedMul,carry[11]:lt[19].in:out[19],Yes
zksolid-paper/benchmarks/ed25519-099d19c/batchverify,wit-constr-diff,chunkedmul.circom,ChunkedMul,carry[12]:lt[12].in:out[12],Yes
zksolid-paper/benchmarks/ed25519-099d19c/batchverify,wit-constr-diff,chunkedmul.circom,ChunkedMul,carry[12]:lt[13].in:out[13],Yes
zksolid-paper/benchmarks/ed25519-099d19c/batchverify,wit-constr-diff,chunkedmul.circom,ChunkedMul,carry[12]:lt[14].in:out[14],Yes
zksolid-paper/benchmarks/ed25519-099d19c/batchverify,wit-constr-diff,chunkedmul.circom,ChunkedMul,carry[12]:lt[15].in:out[15],Yes
zksolid-paper/benchmarks/ed25519-099d19c/batchverify,wit-constr-diff,chunkedmul.circom,ChunkedMul,carry[12]:lt[16].in:out[16],Yes
zksolid-paper/benchmarks/ed25519-099d19c/batchverify,wit-constr-diff,chunkedmul.circom,ChunkedMul,carry[12]:lt[17].in:out[17],Yes
zksolid-paper/benchmarks/ed25519-099d19c/batchverify,wit-constr-diff,chunkedmul.circom,ChunkedMul,carry[12]:lt[19].in:out[19],Yes
zksolid-paper/benchmarks/ed25519-099d19c/batchverify,wit-constr-diff,chunkedmul.circom,ChunkedMul,carry[13]:lt[13].in:out[13],Yes
zksolid-paper/benchmarks/ed25519-099d19c/batchverify,wit-constr-diff,chunkedmul.circom,ChunkedMul,carry[13]:lt[14].in:out[14],Yes
zksolid-paper/benchmarks/ed25519-099d19c/batchverify,wit-constr-diff,chunkedmul.circom,ChunkedMul,carry[13]:lt[15].in:out[15],Yes
zksolid-paper/benchmarks/ed25519-099d19c/batchverify,wit-constr-diff,chunkedmul.circom,ChunkedMul,carry[13]:lt[16].in:out[16],Yes
zksolid-paper/benchmarks/ed25519-099d19c/batchverify,wit-constr-diff,chunkedmul.circom,ChunkedMul,carry[13]:lt[17].in:out[17],Yes
zksolid-paper/benchmarks/ed25519-099d19c/batchverify,wit-constr-diff,chunkedmul.circom,ChunkedMul,carry[13]:lt[19].in:out[19],Yes
zksolid-paper/benchmarks/ed25519-099d19c/batchverify,wit-constr-diff,chunkedmul.circom,ChunkedMul,carry[14]:lt[14].in:out[14],Yes
zksolid-paper/benchmarks/ed25519-099d19c/batchverify,wit-constr-diff,chunkedmul.circom,ChunkedMul,carry[14]:lt[15].in:out[15],Yes
zksolid-paper/benchmarks/ed25519-099d19c/batchverify,wit-constr-diff,chunkedmul.circom,ChunkedMul,carry[14]:lt[16].in:out[16],Yes
zksolid-paper/benchmarks/ed25519-099d19c/batchverify,wit-constr-diff,chunkedmul.circom,ChunkedMul,carry[14]:lt[17].in:out[17],Yes
zksolid-paper/benchmarks/ed25519-099d19c/batchverify,wit-constr-diff,chunkedmul.circom,ChunkedMul,carry[14]:lt[19].in:out[19],Yes
zksolid-paper/benchmarks/ed25519-099d19c/batchverify,wit-constr-diff,chunkedmul.circom,ChunkedMul,carry[15]:lt[15].in:out[15],Yes
zksolid-paper/benchmarks/ed25519-099d19c/batchverify,wit-constr-diff,chunkedmul.circom,ChunkedMul,carry[15]:lt[16].in:out[16],Yes
zksolid-paper/benchmarks/ed25519-099d19c/batchverify,wit-constr-diff,chunkedmul.circom,ChunkedMul,carry[15]:lt[17].in:out[17],Yes
zksolid-paper/benchmarks/ed25519-099d19c/batchverify,wit-constr-diff,chunkedmul.circom,ChunkedMul,carry[15]:lt[19].in:out[19],Yes
zksolid-paper/benchmarks/ed25519-099d19c/batchverify,wit-constr-diff,chunkedmul.circom,ChunkedMul,carry[16]:lt[16].in:out[16],Yes
zksolid-paper/benchmarks/ed25519-099d19c/batchverify,wit-constr-diff,chunkedmul.circom,ChunkedMul,carry[16]:lt[17].in:out[17],Yes
zksolid-paper/benchmarks/ed25519-099d19c/batchverify,wit-constr-diff,chunkedmul.circom,ChunkedMul,carry[16]:lt[19].in:out[19],Yes
zksolid-paper/benchmarks/ed25519-099d19c/batchverify,wit-constr-diff,chunkedmul.circom,ChunkedMul,carry[17]:lt[17].in:out[17],Yes
zksolid-paper/benchmarks/ed25519-099d19c/batchverify,wit-constr-diff,chunkedmul.circom,ChunkedMul,carry[17]:lt[19].in:out[19],Yes
zksolid-paper/benchmarks/ed25519-099d19c/batchverify,wit-constr-diff,chunkedmul.circom,ChunkedMul,carry[18]:lt[19].in:out[19],Yes
zksolid-paper/benchmarks/ed25519-099d19c/batchverify,wit-constr-diff,chunkedmul.circom,ChunkedMul,carry[19]:lt[19].in:out[19],Yes
zksolid-paper/benchmarks/ed25519-099d19c/batchverify,wit-constr-diff,chunkedmul.circom,ChunkedMul,carry[1]:lt[10].in:out[10],Yes
zksolid-paper/benchmarks/ed25519-099d19c/batchverify,wit-constr-diff,chunkedmul.circom,ChunkedMul,carry[1]:lt[11].in:out[11],Yes
zksolid-paper/benchmarks/ed25519-099d19c/batchverify,wit-constr-diff,chunkedmul.circom,ChunkedMul,carry[1]:lt[12].in:out[12],Yes
zksolid-paper/benchmarks/ed25519-099d19c/batchverify,wit-constr-diff,chunkedmul.circom,ChunkedMul,carry[1]:lt[13].in:out[13],Yes
zksolid-paper/benchmarks/ed25519-099d19c/batchverify,wit-constr-diff,chunkedmul.circom,ChunkedMul,carry[1]:lt[14].in:out[14],Yes
zksolid-paper/benchmarks/ed25519-099d19c/batchverify,wit-constr-diff,chunkedmul.circom,ChunkedMul,carry[1]:lt[15].in:out[15],Yes
zksolid-paper/benchmarks/ed25519-099d19c/batchverify,wit-constr-diff,chunkedmul.circom,ChunkedMul,carry[1]:lt[16].in:out[16],Yes
zksolid-paper/benchmarks/ed25519-099d19c/batchverify,wit-constr-diff,chunkedmul.circom,ChunkedMul,carry[1]:lt[17].in:out[17],Yes
zksolid-paper/benchmarks/ed25519-099d19c/batchverify,wit-constr-diff,chunkedmul.circom,ChunkedMul,carry[1]:lt[19].in:out[19],Yes
zksolid-paper/benchmarks/ed25519-099d19c/batchverify,wit-constr-diff,chunkedmul.circom,ChunkedMul,carry[1]:lt[1].in:out[1],Yes
zksolid-paper/benchmarks/ed25519-099d19c/batchverify,wit-constr-diff,chunkedmul.circom,ChunkedMul,carry[1]:lt[2].in:out[2],Yes
zksolid-paper/benchmarks/ed25519-099d19c/batchverify,wit-constr-diff,chunkedmul.circom,ChunkedMul,carry[1]:lt[3].in:out[3],Yes
zksolid-paper/benchmarks/ed25519-099d19c/batchverify,wit-constr-diff,chunkedmul.circom,ChunkedMul,carry[1]:lt[4].in:out[4],Yes
zksolid-paper/benchmarks/ed25519-099d19c/batchverify,wit-constr-diff,chunkedmul.circom,ChunkedMul,carry[1]:lt[5].in:out[5],Yes
zksolid-paper/benchmarks/ed25519-099d19c/batchverify,wit-constr-diff,chunkedmul.circom,ChunkedMul,carry[1]:lt[6].in:out[6],Yes
zksolid-paper/benchmarks/ed25519-099d19c/batchverify,wit-constr-diff,chunkedmul.circom,ChunkedMul,carry[1]:lt[7].in:out[7],Yes
zksolid-paper/benchmarks/ed25519-099d19c/batchverify,wit-constr-diff,chunkedmul.circom,ChunkedMul,carry[1]:lt[8].in:out[8],Yes
zksolid-paper/benchmarks/ed25519-099d19c/batchverify,wit-constr-diff,chunkedmul.circom,ChunkedMul,carry[1]:lt[9].in:out[9],Yes
zksolid-paper/benchmarks/ed25519-099d19c/batchverify,wit-constr-diff,chunkedmul.circom,ChunkedMul,carry[2]:lt[10].in:out[10],Yes
zksolid-paper/benchmarks/ed25519-099d19c/batchverify,wit-constr-diff,chunkedmul.circom,ChunkedMul,carry[2]:lt[11].in:out[11],Yes
zksolid-paper/benchmarks/ed25519-099d19c/batchverify,wit-constr-diff,chunkedmul.circom,ChunkedMul,carry[2]:lt[12].in:out[12],Yes
zksolid-paper/benchmarks/ed25519-099d19c/batchverify,wit-constr-diff,chunkedmul.circom,ChunkedMul,carry[2]:lt[13].in:out[13],Yes
zksolid-paper/benchmarks/ed25519-099d19c/batchverify,wit-constr-diff,chunkedmul.circom,ChunkedMul,carry[2]:lt[14].in:out[14],Yes
zksolid-paper/benchmarks/ed25519-099d19c/batchverify,wit-constr-diff,chunkedmul.circom,ChunkedMul,carry[2]:lt[15].in:out[15],Yes
zksolid-paper/benchmarks/ed25519-099d19c/batchverify,wit-constr-diff,chunkedmul.circom,ChunkedMul,carry[2]:lt[16].in:out[16],Yes
zksolid-paper/benchmarks/ed25519-099d19c/batchverify,wit-constr-diff,chunkedmul.circom,ChunkedMul,carry[2]:lt[17].in:out[17],Yes
zksolid-paper/benchmarks/ed25519-099d19c/batchverify,wit-constr-diff,chunkedmul.circom,ChunkedMul,carry[2]:lt[19].in:out[19],Yes
zksolid-paper/benchmarks/ed25519-099d19c/batchverify,wit-constr-diff,chunkedmul.circom,ChunkedMul,carry[2]:lt[2].in:out[2],Yes
zksolid-paper/benchmarks/ed25519-099d19c/batchverify,wit-constr-diff,chunkedmul.circom,ChunkedMul,carry[2]:lt[3].in:out[3],Yes
zksolid-paper/benchmarks/ed25519-099d19c/batchverify,wit-constr-diff,chunkedmul.circom,ChunkedMul,carry[2]:lt[4].in:out[4],Yes
zksolid-paper/benchmarks/ed25519-099d19c/batchverify,wit-constr-diff,chunkedmul.circom,ChunkedMul,carry[2]:lt[5].in:out[5],Yes
zksolid-paper/benchmarks/ed25519-099d19c/batchverify,wit-constr-diff,chunkedmul.circom,ChunkedMul,carry[2]:lt[6].in:out[6],Yes
zksolid-paper/benchmarks/ed25519-099d19c/batchverify,wit-constr-diff,chunkedmul.circom,ChunkedMul,carry[2]:lt[7].in:out[7],Yes
zksolid-paper/benchmarks/ed25519-099d19c/batchverify,wit-constr-diff,chunkedmul.circom,ChunkedMul,carry[2]:lt[8].in:out[8],Yes
zksolid-paper/benchmarks/ed25519-099d19c/batchverify,wit-constr-diff,chunkedmul.circom,ChunkedMul,carry[2]:lt[9].in:out[9],Yes
zksolid-paper/benchmarks/ed25519-099d19c/batchverify,wit-constr-diff,chunkedmul.circom,ChunkedMul,carry[3]:lt[10].in:out[10],Yes
zksolid-paper/benchmarks/ed25519-099d19c/batchverify,wit-constr-diff,chunkedmul.circom,ChunkedMul,carry[3]:lt[11].in:out[11],Yes
zksolid-paper/benchmarks/ed25519-099d19c/batchverify,wit-constr-diff,chunkedmul.circom,ChunkedMul,carry[3]:lt[12].in:out[12],Yes
zksolid-paper/benchmarks/ed25519-099d19c/batchverify,wit-constr-diff,chunkedmul.circom,ChunkedMul,carry[3]:lt[13].in:out[13],Yes
zksolid-paper/benchmarks/ed25519-099d19c/batchverify,wit-constr-diff,chunkedmul.circom,ChunkedMul,carry[3]:lt[14].in:out[14],Yes
zksolid-paper/benchmarks/ed25519-099d19c/batchverify,wit-constr-diff,chunkedmul.circom,ChunkedMul,carry[3]:lt[15].in:out[15],Yes
zksolid-paper/benchmarks/ed25519-099d19c/batchverify,wit-constr-diff,chunkedmul.circom,ChunkedMul,carry[3]:lt[16].in:out[16],Yes
zksolid-paper/benchmarks/ed25519-099d19c/batchverify,wit-constr-diff,chunkedmul.circom,ChunkedMul,carry[3]:lt[17].in:out[17],Yes
zksolid-paper/benchmarks/ed25519-099d19c/batchverify,wit-constr-diff,chunkedmul.circom,ChunkedMul,carry[3]:lt[19].in:out[19],Yes
zksolid-paper/benchmarks/ed25519-099d19c/batchverify,wit-constr-diff,chunkedmul.circom,ChunkedMul,carry[3]:lt[3].in:out[3],Yes
zksolid-paper/benchmarks/ed25519-099d19c/batchverify,wit-constr-diff,chunkedmul.circom,ChunkedMul,carry[3]:lt[4].in:out[4],Yes
zksolid-paper/benchmarks/ed25519-099d19c/batchverify,wit-constr-diff,chunkedmul.circom,ChunkedMul,carry[3]:lt[5].in:out[5],Yes
zksolid-paper/benchmarks/ed25519-099d19c/batchverify,wit-constr-diff,chunkedmul.circom,ChunkedMul,carry[3]:lt[6].in:out[6],Yes
zksolid-paper/benchmarks/ed25519-099d19c/batchverify,wit-constr-diff,chunkedmul.circom,ChunkedMul,carry[3]:lt[7].in:out[7],Yes
zksolid-paper/benchmarks/ed25519-099d19c/batchverify,wit-constr-diff,chunkedmul.circom,ChunkedMul,carry[3]:lt[8].in:out[8],Yes
zksolid-paper/benchmarks/ed25519-099d19c/batchverify,wit-constr-diff,chunkedmul.circom,ChunkedMul,carry[3]:lt[9].in:out[9],Yes
zksolid-paper/benchmarks/ed25519-099d19c/batchverify,wit-constr-diff,chunkedmul.circom,ChunkedMul,carry[4]:lt[10].in:out[10],Yes
zksolid-paper/benchmarks/ed25519-099d19c/batchverify,wit-constr-diff,chunkedmul.circom,ChunkedMul,carry[4]:lt[11].in:out[11],Yes
zksolid-paper/benchmarks/ed25519-099d19c/batchverify,wit-constr-diff,chunkedmul.circom,ChunkedMul,carry[4]:lt[12].in:out[12],Yes
zksolid-paper/benchmarks/ed25519-099d19c/batchverify,wit-constr-diff,chunkedmul.circom,ChunkedMul,carry[4]:lt[13].in:out[13],Yes
zksolid-paper/benchmarks/ed25519-099d19c/batchverify,wit-constr-diff,chunkedmul.circom,ChunkedMul,carry[4]:lt[14].in:out[14],Yes
zksolid-paper/benchmarks/ed25519-099d19c/batchverify,wit-constr-diff,chunkedmul.circom,ChunkedMul,carry[4]:lt[15].in:out[15],Yes
zksolid-paper/benchmarks/ed25519-099d19c/batchverify,wit-constr-diff,chunkedmul.circom,ChunkedMul,carry[4]:lt[16].in:out[16],Yes
zksolid-paper/benchmarks/ed25519-099d19c/batchverify,wit-constr-diff,chunkedmul.circom,ChunkedMul,carry[4]:lt[17].in:out[17],Yes
zksolid-paper/benchmarks/ed25519-099d19c/batchverify,wit-constr-diff,chunkedmul.circom,ChunkedMul,carry[4]:lt[19].in:out[19],Yes
zksolid-paper/benchmarks/ed25519-099d19c/batchverify,wit-constr-diff,chunkedmul.circom,ChunkedMul,carry[4]:lt[4].in:out[4],Yes
zksolid-paper/benchmarks/ed25519-099d19c/batchverify,wit-constr-diff,chunkedmul.circom,ChunkedMul,carry[4]:lt[5].in:out[5],Yes
zksolid-paper/benchmarks/ed25519-099d19c/batchverify,wit-constr-diff,chunkedmul.circom,ChunkedMul,carry[4]:lt[6].in:out[6],Yes
zksolid-paper/benchmarks/ed25519-099d19c/batchverify,wit-constr-diff,chunkedmul.circom,ChunkedMul,carry[4]:lt[7].in:out[7],Yes
zksolid-paper/benchmarks/ed25519-099d19c/batchverify,wit-constr-diff,chunkedmul.circom,ChunkedMul,carry[4]:lt[8].in:out[8],Yes
zksolid-paper/benchmarks/ed25519-099d19c/batchverify,wit-constr-diff,chunkedmul.circom,ChunkedMul,carry[4]:lt[9].in:out[9],Yes
zksolid-paper/benchmarks/ed25519-099d19c/batchverify,wit-constr-diff,chunkedmul.circom,ChunkedMul,carry[5]:lt[10].in:out[10],Yes
zksolid-paper/benchmarks/ed25519-099d19c/batchverify,wit-constr-diff,chunkedmul.circom,ChunkedMul,carry[5]:lt[11].in:out[11],Yes
zksolid-paper/benchmarks/ed25519-099d19c/batchverify,wit-constr-diff,chunkedmul.circom,ChunkedMul,carry[5]:lt[12].in:out[12],Yes
zksolid-paper/benchmarks/ed25519-099d19c/batchverify,wit-constr-diff,chunkedmul.circom,ChunkedMul,carry[5]:lt[13].in:out[13],Yes
zksolid-paper/benchmarks/ed25519-099d19c/batchverify,wit-constr-diff,chunkedmul.circom,ChunkedMul,carry[5]:lt[14].in:out[14],Yes
zksolid-paper/benchmarks/ed25519-099d19c/batchverify,wit-constr-diff,chunkedmul.circom,ChunkedMul,carry[5]:lt[15].in:out[15],Yes
zksolid-paper/benchmarks/ed25519-099d19c/batchverify,wit-constr-diff,chunkedmul.circom,ChunkedMul,carry[5]:lt[16].in:out[16],Yes
zksolid-paper/benchmarks/ed25519-099d19c/batchverify,wit-constr-diff,chunkedmul.circom,ChunkedMul,carry[5]:lt[17].in:out[17],Yes
zksolid-paper/benchmarks/ed25519-099d19c/batchverify,wit-constr-diff,chunkedmul.circom,ChunkedMul,carry[5]:lt[19].in:out[19],Yes
zksolid-paper/benchmarks/ed25519-099d19c/batchverify,wit-constr-diff,chunkedmul.circom,ChunkedMul,carry[5]:lt[5].in:out[5],Yes
zksolid-paper/benchmarks/ed25519-099d19c/batchverify,wit-constr-diff,chunkedmul.circom,ChunkedMul,carry[5]:lt[6].in:out[6],Yes
zksolid-paper/benchmarks/ed25519-099d19c/batchverify,wit-constr-diff,chunkedmul.circom,ChunkedMul,carry[5]:lt[7].in:out[7],Yes
zksolid-paper/benchmarks/ed25519-099d19c/batchverify,wit-constr-diff,chunkedmul.circom,ChunkedMul,carry[5]:lt[8].in:out[8],Yes
zksolid-paper/benchmarks/ed25519-099d19c/batchverify,wit-constr-diff,chunkedmul.circom,ChunkedMul,carry[5]:lt[9].in:out[9],Yes
zksolid-paper/benchmarks/ed25519-099d19c/batchverify,wit-constr-diff,chunkedmul.circom,ChunkedMul,carry[6]:lt[10].in:out[10],Yes
zksolid-paper/benchmarks/ed25519-099d19c/batchverify,wit-constr-diff,chunkedmul.circom,ChunkedMul,carry[6]:lt[11].in:out[11],Yes
zksolid-paper/benchmarks/ed25519-099d19c/batchverify,wit-constr-diff,chunkedmul.circom,ChunkedMul,carry[6]:lt[12].in:out[12],Yes
zksolid-paper/benchmarks/ed25519-099d19c/batchverify,wit-constr-diff,chunkedmul.circom,ChunkedMul,carry[6]:lt[13].in:out[13],Yes
zksolid-paper/benchmarks/ed25519-099d19c/batchverify,wit-constr-diff,chunkedmul.circom,ChunkedMul,carry[6]:lt[14].in:out[14],Yes
zksolid-paper/benchmarks/ed25519-099d19c/batchverify,wit-constr-diff,chunkedmul.circom,ChunkedMul,carry[6]:lt[15].in:out[15],Yes
zksolid-paper/benchmarks/ed25519-099d19c/batchverify,wit-constr-diff,chunkedmul.circom,ChunkedMul,carry[6]:lt[16].in:out[16],Yes
zksolid-paper/benchmarks/ed25519-099d19c/batchverify,wit-constr-diff,chunkedmul.circom,ChunkedMul,carry[6]:lt[17].in:out[17],Yes
zksolid-paper/benchmarks/ed25519-099d19c/batchverify,wit-constr-diff,chunkedmul.circom,ChunkedMul,carry[6]:lt[19].in:out[19],Yes
zksolid-paper/benchmarks/ed25519-099d19c/batchverify,wit-constr-diff,chunkedmul.circom,ChunkedMul,carry[6]:lt[6].in:out[6],Yes
zksolid-paper/benchmarks/ed25519-099d19c/batchverify,wit-constr-diff,chunkedmul.circom,ChunkedMul,carry[6]:lt[7].in:out[7],Yes
zksolid-paper/benchmarks/ed25519-099d19c/batchverify,wit-constr-diff,chunkedmul.circom,ChunkedMul,carry[6]:lt[8].in:out[8],Yes
zksolid-paper/benchmarks/ed25519-099d19c/batchverify,wit-constr-diff,chunkedmul.circom,ChunkedMul,carry[6]:lt[9].in:out[9],Yes
zksolid-paper/benchmarks/ed25519-099d19c/batchverify,wit-constr-diff,chunkedmul.circom,ChunkedMul,carry[7]:lt[10].in:out[10],Yes
zksolid-paper/benchmarks/ed25519-099d19c/batchverify,wit-constr-diff,chunkedmul.circom,ChunkedMul,carry[7]:lt[11].in:out[11],Yes
zksolid-paper/benchmarks/ed25519-099d19c/batchverify,wit-constr-diff,chunkedmul.circom,ChunkedMul,carry[7]:lt[12].in:out[12],Yes
zksolid-paper/benchmarks/ed25519-099d19c/batchverify,wit-constr-diff,chunkedmul.circom,ChunkedMul,carry[7]:lt[13].in:out[13],Yes
zksolid-paper/benchmarks/ed25519-099d19c/batchverify,wit-constr-diff,chunkedmul.circom,ChunkedMul,carry[7]:lt[14].in:out[14],Yes
zksolid-paper/benchmarks/ed25519-099d19c/batchverify,wit-constr-diff,chunkedmul.circom,ChunkedMul,carry[7]:lt[15].in:out[15],Yes
zksolid-paper/benchmarks/ed25519-099d19c/batchverify,wit-constr-diff,chunkedmul.circom,ChunkedMul,carry[7]:lt[16].in:out[16],Yes
zksolid-paper/benchmarks/ed25519-099d19c/batchverify,wit-constr-diff,chunkedmul.circom,ChunkedMul,carry[7]:lt[17].in:out[17],Yes
zksolid-paper/benchmarks/ed25519-099d19c/batchverify,wit-constr-diff,chunkedmul.circom,ChunkedMul,carry[7]:lt[19].in:out[19],Yes
zksolid-paper/benchmarks/ed25519-099d19c/batchverify,wit-constr-diff,chunkedmul.circom,ChunkedMul,carry[7]:lt[7].in:out[7],Yes
zksolid-paper/benchmarks/ed25519-099d19c/batchverify,wit-constr-diff,chunkedmul.circom,ChunkedMul,carry[7]:lt[8].in:out[8],Yes
zksolid-paper/benchmarks/ed25519-099d19c/batchverify,wit-constr-diff,chunkedmul.circom,ChunkedMul,carry[7]:lt[9].in:out[9],Yes
zksolid-paper/benchmarks/ed25519-099d19c/batchverify,wit-constr-diff,chunkedmul.circom,ChunkedMul,carry[8]:lt[10].in:out[10],Yes
zksolid-paper/benchmarks/ed25519-099d19c/batchverify,wit-constr-diff,chunkedmul.circom,ChunkedMul,carry[8]:lt[11].in:out[11],Yes
zksolid-paper/benchmarks/ed25519-099d19c/batchverify,wit-constr-diff,chunkedmul.circom,ChunkedMul,carry[8]:lt[12].in:out[12],Yes
zksolid-paper/benchmarks/ed25519-099d19c/batchverify,wit-constr-diff,chunkedmul.circom,ChunkedMul,carry[8]:lt[13].in:out[13],Yes
zksolid-paper/benchmarks/ed25519-099d19c/batchverify,wit-constr-diff,chunkedmul.circom,ChunkedMul,carry[8]:lt[14].in:out[14],Yes
zksolid-paper/benchmarks/ed25519-099d19c/batchverify,wit-constr-diff,chunkedmul.circom,ChunkedMul,carry[8]:lt[15].in:out[15],Yes
zksolid-paper/benchmarks/ed25519-099d19c/batchverify,wit-constr-diff,chunkedmul.circom,ChunkedMul,carry[8]:lt[16].in:out[16],Yes
zksolid-paper/benchmarks/ed25519-099d19c/batchverify,wit-constr-diff,chunkedmul.circom,ChunkedMul,carry[8]:lt[17].in:out[17],Yes
zksolid-paper/benchmarks/ed25519-099d19c/batchverify,wit-constr-diff,chunkedmul.circom,ChunkedMul,carry[8]:lt[19].in:out[19],Yes
zksolid-paper/benchmarks/ed25519-099d19c/batchverify,wit-constr-diff,chunkedmul.circom,ChunkedMul,carry[8]:lt[8].in:out[8],Yes
zksolid-paper/benchmarks/ed25519-099d19c/batchverify,wit-constr-diff,chunkedmul.circom,ChunkedMul,carry[8]:lt[9].in:out[9],Yes
zksolid-paper/benchmarks/ed25519-099d19c/batchverify,wit-constr-diff,chunkedmul.circom,ChunkedMul,carry[9]:lt[10].in:out[10],Yes
zksolid-paper/benchmarks/ed25519-099d19c/batchverify,wit-constr-diff,chunkedmul.circom,ChunkedMul,carry[9]:lt[11].in:out[11],Yes
zksolid-paper/benchmarks/ed25519-099d19c/batchverify,wit-constr-diff,chunkedmul.circom,ChunkedMul,carry[9]:lt[12].in:out[12],Yes
zksolid-paper/benchmarks/ed25519-099d19c/batchverify,wit-constr-diff,chunkedmul.circom,ChunkedMul,carry[9]:lt[13].in:out[13],Yes
zksolid-paper/benchmarks/ed25519-099d19c/batchverify,wit-constr-diff,chunkedmul.circom,ChunkedMul,carry[9]:lt[14].in:out[14],Yes
zksolid-paper/benchmarks/ed25519-099d19c/batchverify,wit-constr-diff,chunkedmul.circom,ChunkedMul,carry[9]:lt[15].in:out[15],Yes
zksolid-paper/benchmarks/ed25519-099d19c/batchverify,wit-constr-diff,chunkedmul.circom,ChunkedMul,carry[9]:lt[16].in:out[16],Yes
zksolid-paper/benchmarks/ed25519-099d19c/batchverify,wit-constr-diff,chunkedmul.circom,ChunkedMul,carry[9]:lt[17].in:out[17],Yes
zksolid-paper/benchmarks/ed25519-099d19c/batchverify,wit-constr-diff,chunkedmul.circom,ChunkedMul,carry[9]:lt[19].in:out[19],Yes
zksolid-paper/benchmarks/ed25519-099d19c/batchverify,wit-constr-diff,chunkedmul.circom,ChunkedMul,carry[9]:lt[9].in:out[9],Yes
zksolid-paper/benchmarks/ed25519-099d19c/batchverify,wit-constr-diff,chunkedmul.circom,ChunkedMul,in1[0]:lt[10].in:out[10],Yes
zksolid-paper/benchmarks/ed25519-099d19c/batchverify,wit-constr-diff,chunkedmul.circom,ChunkedMul,in1[0]:lt[11].in:out[11],Yes
zksolid-paper/benchmarks/ed25519-099d19c/batchverify,wit-constr-diff,chunkedmul.circom,ChunkedMul,in1[0]:lt[12].in:out[12],Yes
zksolid-paper/benchmarks/ed25519-099d19c/batchverify,wit-constr-diff,chunkedmul.circom,ChunkedMul,in1[0]:lt[13].in:out[13],Yes
zksolid-paper/benchmarks/ed25519-099d19c/batchverify,wit-constr-diff,chunkedmul.circom,ChunkedMul,in1[0]:lt[14].in:out[14],Yes
zksolid-paper/benchmarks/ed25519-099d19c/batchverify,wit-constr-diff,chunkedmul.circom,ChunkedMul,in1[0]:lt[15].in:out[15],Yes
zksolid-paper/benchmarks/ed25519-099d19c/batchverify,wit-constr-diff,chunkedmul.circom,ChunkedMul,in1[0]:lt[16].in:out[16],Yes
zksolid-paper/benchmarks/ed25519-099d19c/batchverify,wit-constr-diff,chunkedmul.circom,ChunkedMul,in1[0]:lt[17].in:out[17],Yes
zksolid-paper/benchmarks/ed25519-099d19c/batchverify,wit-constr-diff,chunkedmul.circom,ChunkedMul,in1[0]:lt[19].in:out[19],Yes
zksolid-paper/benchmarks/ed25519-099d19c/batchverify,wit-constr-diff,chunkedmul.circom,ChunkedMul,in1[0]:lt[1].in:out[1],Yes
zksolid-paper/benchmarks/ed25519-099d19c/batchverify,wit-constr-diff,chunkedmul.circom,ChunkedMul,in1[0]:lt[2].in:out[2],Yes
zksolid-paper/benchmarks/ed25519-099d19c/batchverify,wit-constr-diff,chunkedmul.circom,ChunkedMul,in1[0]:lt[3].in:out[3],Yes
zksolid-paper/benchmarks/ed25519-099d19c/batchverify,wit-constr-diff,chunkedmul.circom,ChunkedMul,in1[0]:lt[4].in:out[4],Yes
zksolid-paper/benchmarks/ed25519-099d19c/batchverify,wit-constr-diff,chunkedmul.circom,ChunkedMul,in1[0]:lt[5].in:out[5],Yes
zksolid-paper/benchmarks/ed25519-099d19c/batchverify,wit-constr-diff,chunkedmul.circom,ChunkedMul,in1[0]:lt[6].in:out[6],Yes
zksolid-paper/benchmarks/ed25519-099d19c/batchverify,wit-constr-diff,chunkedmul.circom,ChunkedMul,in1[0]:lt[7].in:out[7],Yes
zksolid-paper/benchmarks/ed25519-099d19c/batchverify,wit-constr-diff,chunkedmul.circom,ChunkedMul,in1[0]:lt[8].in:out[8],Yes
zksolid-paper/benchmarks/ed25519-099d19c/batchverify,wit-constr-diff,chunkedmul.circom,ChunkedMul,in1[0]:lt[9].in:out[9],Yes
zksolid-paper/benchmarks/ed25519-099d19c/batchverify,wit-constr-diff,chunkedmul.circom,ChunkedMul,in1[10]:lt[11].in:out[11],Yes
zksolid-paper/benchmarks/ed25519-099d19c/batchverify,wit-constr-diff,chunkedmul.circom,ChunkedMul,in1[10]:lt[12].in:out[12],Yes
zksolid-paper/benchmarks/ed25519-099d19c/batchverify,wit-constr-diff,chunkedmul.circom,ChunkedMul,in1[10]:lt[13].in:out[13],Yes
zksolid-paper/benchmarks/ed25519-099d19c/batchverify,wit-constr-diff,chunkedmul.circom,ChunkedMul,in1[10]:lt[14].in:out[14],Yes
zksolid-paper/benchmarks/ed25519-099d19c/batchverify,wit-constr-diff,chunkedmul.circom,ChunkedMul,in1[10]:lt[15].in:out[15],Yes
zksolid-paper/benchmarks/ed25519-099d19c/batchverify,wit-constr-diff,chunkedmul.circom,ChunkedMul,in1[10]:lt[17].in:out[17],Yes
zksolid-paper/benchmarks/ed25519-099d19c/batchverify,wit-constr-diff,chunkedmul.circom,ChunkedMul,in1[11]:lt[12].in:out[12],Yes
zksolid-paper/benchmarks/ed25519-099d19c/batchverify,wit-constr-diff,chunkedmul.circom,ChunkedMul,in1[11]:lt[13].in:out[13],Yes
zksolid-paper/benchmarks/ed25519-099d19c/batchverify,wit-constr-diff,chunkedmul.circom,ChunkedMul,in1[11]:lt[14].in:out[14],Yes
zksolid-paper/benchmarks/ed25519-099d19c/batchverify,wit-constr-diff,chunkedmul.circom,ChunkedMul,in1[11]:lt[15].in:out[15],Yes
zksolid-paper/benchmarks/ed25519-099d19c/batchverify,wit-constr-diff,chunkedmul.circom,ChunkedMul,in1[11]:lt[17].in:out[17],Yes
zksolid-paper/benchmarks/ed25519-099d19c/batchverify,wit-constr-diff,chunkedmul.circom,ChunkedMul,in1[12]:lt[13].in:out[13],Yes
zksolid-paper/benchmarks/ed25519-099d19c/batchverify,wit-constr-diff,chunkedmul.circom,ChunkedMul,in1[12]:lt[14].in:out[14],Yes
zksolid-paper/benchmarks/ed25519-099d19c/batchverify,wit-constr-diff,chunkedmul.circom,ChunkedMul,in1[12]:lt[15].in:out[15],Yes
zksolid-paper/benchmarks/ed25519-099d19c/batchverify,wit-constr-diff,chunkedmul.circom,ChunkedMul,in1[12]:lt[17].in:out[17],Yes
zksolid-paper/benchmarks/ed25519-099d19c/batchverify,wit-constr-diff,chunkedmul.circom,ChunkedMul,in1[13]:lt[14].in:out[14],Yes
zksolid-paper/benchmarks/ed25519-099d19c/batchverify,wit-constr-diff,chunkedmul.circom,ChunkedMul,in1[13]:lt[15].in:out[15],Yes
zksolid-paper/benchmarks/ed25519-099d19c/batchverify,wit-constr-diff,chunkedmul.circom,ChunkedMul,in1[13]:lt[17].in:out[17],Yes
zksolid-paper/benchmarks/ed25519-099d19c/batchverify,wit-constr-diff,chunkedmul.circom,ChunkedMul,in1[14]:lt[15].in:out[15],Yes
zksolid-paper/benchmarks/ed25519-099d19c/batchverify,wit-constr-diff,chunkedmul.circom,ChunkedMul,in1[14]:lt[17].in:out[17],Yes
zksolid-paper/benchmarks/ed25519-099d19c/batchverify,wit-constr-diff,chunkedmul.circom,ChunkedMul,in1[15]:lt[17].in:out[17],Yes
zksolid-paper/benchmarks/ed25519-099d19c/batchverify,wit-constr-diff,chunkedmul.circom,ChunkedMul,in1[16]:lt[17].in:out[17],Yes
zksolid-paper/benchmarks/ed25519-099d19c/batchverify,wit-constr-diff,chunkedmul.circom,ChunkedMul,in1[1]:lt[10].in:out[10],Yes
zksolid-paper/benchmarks/ed25519-099d19c/batchverify,wit-constr-diff,chunkedmul.circom,ChunkedMul,in1[1]:lt[11].in:out[11],Yes
zksolid-paper/benchmarks/ed25519-099d19c/batchverify,wit-constr-diff,chunkedmul.circom,ChunkedMul,in1[1]:lt[12].in:out[12],Yes
zksolid-paper/benchmarks/ed25519-099d19c/batchverify,wit-constr-diff,chunkedmul.circom,ChunkedMul,in1[1]:lt[13].in:out[13],Yes
zksolid-paper/benchmarks/ed25519-099d19c/batchverify,wit-constr-diff,chunkedmul.circom,ChunkedMul,in1[1]:lt[14].in:out[14],Yes
zksolid-paper/benchmarks/ed25519-099d19c/batchverify,wit-constr-diff,chunkedmul.circom,ChunkedMul,in1[1]:lt[15].in:out[15],Yes
zksolid-paper/benchmarks/ed25519-099d19c/batchverify,wit-constr-diff,chunkedmul.circom,ChunkedMul,in1[1]:lt[16].in:out[16],Yes
zksolid-paper/benchmarks/ed25519-099d19c/batchverify,wit-constr-diff,chunkedmul.circom,ChunkedMul,in1[1]:lt[17].in:out[17],Yes
zksolid-paper/benchmarks/ed25519-099d19c/batchverify,wit-constr-diff,chunkedmul.circom,ChunkedMul,in1[1]:lt[19].in:out[19],Yes
zksolid-paper/benchmarks/ed25519-099d19c/batchverify,wit-constr-diff,chunkedmul.circom,ChunkedMul,in1[1]:lt[2].in:out[2],Yes
zksolid-paper/benchmarks/ed25519-099d19c/batchverify,wit-constr-diff,chunkedmul.circom,ChunkedMul,in1[1]:lt[3].in:out[3],Yes
zksolid-paper/benchmarks/ed25519-099d19c/batchverify,wit-constr-diff,chunkedmul.circom,ChunkedMul,in1[1]:lt[4].in:out[4],Yes
zksolid-paper/benchmarks/ed25519-099d19c/batchverify,wit-constr-diff,chunkedmul.circom,ChunkedMul,in1[1]:lt[5].in:out[5],Yes
zksolid-paper/benchmarks/ed25519-099d19c/batchverify,wit-constr-diff,chunkedmul.circom,ChunkedMul,in1[1]:lt[6].in:out[6],Yes
zksolid-paper/benchmarks/ed25519-099d19c/batchverify,wit-constr-diff,chunkedmul.circom,ChunkedMul,in1[1]:lt[7].in:out[7],Yes
zksolid-paper/benchmarks/ed25519-099d19c/batchverify,wit-constr-diff,chunkedmul.circom,ChunkedMul,in1[1]:lt[8].in:out[8],Yes
zksolid-paper/benchmarks/ed25519-099d19c/batchverify,wit-constr-diff,chunkedmul.circom,ChunkedMul,in1[1]:lt[9].in:out[9],Yes
zksolid-paper/benchmarks/ed25519-099d19c/batchverify,wit-constr-diff,chunkedmul.circom,ChunkedMul,in1[2]:lt[10].in:out[10],Yes
zksolid-paper/benchmarks/ed25519-099d19c/batchverify,wit-constr-diff,chunkedmul.circom,ChunkedMul,in1[2]:lt[11].in:out[11],Yes
zksolid-paper/benchmarks/ed25519-099d19c/batchverify,wit-constr-diff,chunkedmul.circom,ChunkedMul,in1[2]:lt[12].in:out[12],Yes
zksolid-paper/benchmarks/ed25519-099d19c/batchverify,wit-constr-diff,chunkedmul.circom,ChunkedMul,in1[2]:lt[13].in:out[13],Yes
zksolid-paper/benchmarks/ed25519-099d19c/batchverify,wit-constr-diff,chunkedmul.circom,ChunkedMul,in1[2]:lt[14].in:out[14],Yes
zksolid-paper/benchmarks/ed25519-099d19c/batchverify,wit-constr-diff,chunkedmul.circom,ChunkedMul,in1[2]:lt[15].in:out[15],Yes
zksolid-paper/benchmarks/ed25519-099d19c/batchverify,wit-constr-diff,chunkedmul.circom,ChunkedMul,in1[2]:lt[16].in:out[16],Yes
zksolid-paper/benchmarks/ed25519-099d19c/batchverify,wit-constr-diff,chunkedmul.circom,ChunkedMul,in1[2]:lt[17].in:out[17],Yes
zksolid-paper/benchmarks/ed25519-099d19c/batchverify,wit-constr-diff,chunkedmul.circom,ChunkedMul,in1[2]:lt[19].in:out[19],Yes
zksolid-paper/benchmarks/ed25519-099d19c/batchverify,wit-constr-diff,chunkedmul.circom,ChunkedMul,in1[2]:lt[3].in:out[3],Yes
zksolid-paper/benchmarks/ed25519-099d19c/batchverify,wit-constr-diff,chunkedmul.circom,ChunkedMul,in1[2]:lt[4].in:out[4],Yes
zksolid-paper/benchmarks/ed25519-099d19c/batchverify,wit-constr-diff,chunkedmul.circom,ChunkedMul,in1[2]:lt[5].in:out[5],Yes
zksolid-paper/benchmarks/ed25519-099d19c/batchverify,wit-constr-diff,chunkedmul.circom,ChunkedMul,in1[2]:lt[6].in:out[6],Yes
zksolid-paper/benchmarks/ed25519-099d19c/batchverify,wit-constr-diff,chunkedmul.circom,ChunkedMul,in1[2]:lt[7].in:out[7],Yes
zksolid-paper/benchmarks/ed25519-099d19c/batchverify,wit-constr-diff,chunkedmul.circom,ChunkedMul,in1[2]:lt[8].in:out[8],Yes
zksolid-paper/benchmarks/ed25519-099d19c/batchverify,wit-constr-diff,chunkedmul.circom,ChunkedMul,in1[2]:lt[9].in:out[9],Yes
zksolid-paper/benchmarks/ed25519-099d19c/batchverify,wit-constr-diff,chunkedmul.circom,ChunkedMul,in1[3]:lt[10].in:out[10],Yes
zksolid-paper/benchmarks/ed25519-099d19c/batchverify,wit-constr-diff,chunkedmul.circom,ChunkedMul,in1[3]:lt[11].in:out[11],Yes
zksolid-paper/benchmarks/ed25519-099d19c/batchverify,wit-constr-diff,chunkedmul.circom,ChunkedMul,in1[3]:lt[12].in:out[12],Yes
zksolid-paper/benchmarks/ed25519-099d19c/batchverify,wit-constr-diff,chunkedmul.circom,ChunkedMul,in1[3]:lt[13].in:out[13],Yes
zksolid-paper/benchmarks/ed25519-099d19c/batchverify,wit-constr-diff,chunkedmul.circom,ChunkedMul,in1[3]:lt[14].in:out[14],Yes
zksolid-paper/benchmarks/ed25519-099d19c/batchverify,wit-constr-diff,chunkedmul.circom,ChunkedMul,in1[3]:lt[15].in:out[15],Yes
zksolid-paper/benchmarks/ed25519-099d19c/batchverify,wit-constr-diff,chunkedmul.circom,ChunkedMul,in1[3]:lt[16].in:out[16],Yes
zksolid-paper/benchmarks/ed25519-099d19c/batchverify,wit-constr-diff,chunkedmul.circom,ChunkedMul,in1[3]:lt[17].in:out[17],Yes
zksolid-paper/benchmarks/ed25519-099d19c/batchverify,wit-constr-diff,chunkedmul.circom,ChunkedMul,in1[3]:lt[19].in:out[19],Yes
zksolid-paper/benchmarks/ed25519-099d19c/batchverify,wit-constr-diff,chunkedmul.circom,ChunkedMul,in1[3]:lt[4].in:out[4],Yes
zksolid-paper/benchmarks/ed25519-099d19c/batchverify,wit-constr-diff,chunkedmul.circom,ChunkedMul,in1[3]:lt[5].in:out[5],Yes
zksolid-paper/benchmarks/ed25519-099d19c/batchverify,wit-constr-diff,chunkedmul.circom,ChunkedMul,in1[3]:lt[6].in:out[6],Yes
zksolid-paper/benchmarks/ed25519-099d19c/batchverify,wit-constr-diff,chunkedmul.circom,ChunkedMul,in1[3]:lt[7].in:out[7],Yes
zksolid-paper/benchmarks/ed25519-099d19c/batchverify,wit-constr-diff,chunkedmul.circom,ChunkedMul,in1[3]:lt[8].in:out[8],Yes
zksolid-paper/benchmarks/ed25519-099d19c/batchverify,wit-constr-diff,chunkedmul.circom,ChunkedMul,in1[3]:lt[9].in:out[9],Yes
zksolid-paper/benchmarks/ed25519-099d19c/batchverify,wit-constr-diff,chunkedmul.circom,ChunkedMul,in1[4]:lt[10].in:out[10],Yes
zksolid-paper/benchmarks/ed25519-099d19c/batchverify,wit-constr-diff,chunkedmul.circom,ChunkedMul,in1[4]:lt[11].in:out[11],Yes
zksolid-paper/benchmarks/ed25519-099d19c/batchverify,wit-constr-diff,chunkedmul.circom,ChunkedMul,in1[4]:lt[12].in:out[12],Yes
zksolid-paper/benchmarks/ed25519-099d19c/batchverify,wit-constr-diff,chunkedmul.circom,ChunkedMul,in1[4]:lt[13].in:out[13],Yes
zksolid-paper/benchmarks/ed25519-099d19c/batchverify,wit-constr-diff,chunkedmul.circom,ChunkedMul,in1[4]:lt[14].in:out[14],Yes
zksolid-paper/benchmarks/ed25519-099d19c/batchverify,wit-constr-diff,chunkedmul.circom,ChunkedMul,in1[4]:lt[15].in:out[15],Yes
zksolid-paper/benchmarks/ed25519-099d19c/batchverify,wit-constr-diff,chunkedmul.circom,ChunkedMul,in1[4]:lt[16].in:out[16],Yes
zksolid-paper/benchmarks/ed25519-099d19c/batchverify,wit-constr-diff,chunkedmul.circom,ChunkedMul,in1[4]:lt[17].in:out[17],Yes
zksolid-paper/benchmarks/ed25519-099d19c/batchverify,wit-constr-diff,chunkedmul.circom,ChunkedMul,in1[4]:lt[19].in:out[19],Yes
zksolid-paper/benchmarks/ed25519-099d19c/batchverify,wit-constr-diff,chunkedmul.circom,ChunkedMul,in1[4]:lt[5].in:out[5],Yes
zksolid-paper/benchmarks/ed25519-099d19c/batchverify,wit-constr-diff,chunkedmul.circom,ChunkedMul,in1[4]:lt[6].in:out[6],Yes
zksolid-paper/benchmarks/ed25519-099d19c/batchverify,wit-constr-diff,chunkedmul.circom,ChunkedMul,in1[4]:lt[7].in:out[7],Yes
zksolid-paper/benchmarks/ed25519-099d19c/batchverify,wit-constr-diff,chunkedmul.circom,ChunkedMul,in1[4]:lt[8].in:out[8],Yes
zksolid-paper/benchmarks/ed25519-099d19c/batchverify,wit-constr-diff,chunkedmul.circom,ChunkedMul,in1[4]:lt[9].in:out[9],Yes
zksolid-paper/benchmarks/ed25519-099d19c/batchverify,wit-constr-diff,chunkedmul.circom,ChunkedMul,in1[5]:lt[10].in:out[10],Yes
zksolid-paper/benchmarks/ed25519-099d19c/batchverify,wit-constr-diff,chunkedmul.circom,ChunkedMul,in1[5]:lt[11].in:out[11],Yes
zksolid-paper/benchmarks/ed25519-099d19c/batchverify,wit-constr-diff,chunkedmul.circom,ChunkedMul,in1[5]:lt[12].in:out[12],Yes
zksolid-paper/benchmarks/ed25519-099d19c/batchverify,wit-constr-diff,chunkedmul.circom,ChunkedMul,in1[5]:lt[13].in:out[13],Yes
zksolid-paper/benchmarks/ed25519-099d19c/batchverify,wit-constr-diff,chunkedmul.circom,ChunkedMul,in1[5]:lt[14].in:out[14],Yes
zksolid-paper/benchmarks/ed25519-099d19c/batchverify,wit-constr-diff,chunkedmul.circom,ChunkedMul,in1[5]:lt[15].in:out[15],Yes
zksolid-paper/benchmarks/ed25519-099d19c/batchverify,wit-constr-diff,chunkedmul.circom,ChunkedMul,in1[5]:lt[16].in:out[16],Yes
zksolid-paper/benchmarks/ed25519-099d19c/batchverify,wit-constr-diff,chunkedmul.circom,ChunkedMul,in1[5]:lt[17].in:out[17],Yes
zksolid-paper/benchmarks/ed25519-099d19c/batchverify,wit-constr-diff,chunkedmul.circom,ChunkedMul,in1[5]:lt[19].in:out[19],Yes
zksolid-paper/benchmarks/ed25519-099d19c/batchverify,wit-constr-diff,chunkedmul.circom,ChunkedMul,in1[5]:lt[6].in:out[6],Yes
zksolid-paper/benchmarks/ed25519-099d19c/batchverify,wit-constr-diff,chunkedmul.circom,ChunkedMul,in1[5]:lt[7].in:out[7],Yes
zksolid-paper/benchmarks/ed25519-099d19c/batchverify,wit-constr-diff,chunkedmul.circom,ChunkedMul,in1[5]:lt[8].in:out[8],Yes
zksolid-paper/benchmarks/ed25519-099d19c/batchverify,wit-constr-diff,chunkedmul.circom,ChunkedMul,in1[5]:lt[9].in:out[9],Yes
zksolid-paper/benchmarks/ed25519-099d19c/batchverify,wit-constr-diff,chunkedmul.circom,ChunkedMul,in1[6]:lt[10].in:out[10],Yes
zksolid-paper/benchmarks/ed25519-099d19c/batchverify,wit-constr-diff,chunkedmul.circom,ChunkedMul,in1[6]:lt[11].in:out[11],Yes
zksolid-paper/benchmarks/ed25519-099d19c/batchverify,wit-constr-diff,chunkedmul.circom,ChunkedMul,in1[6]:lt[12].in:out[12],Yes
zksolid-paper/benchmarks/ed25519-099d19c/batchverify,wit-constr-diff,chunkedmul.circom,ChunkedMul,in1[6]:lt[13].in:out[13],Yes
zksolid-paper/benchmarks/ed25519-099d19c/batchverify,wit-constr-diff,chunkedmul.circom,ChunkedMul,in1[6]:lt[14].in:out[14],Yes
zksolid-paper/benchmarks/ed25519-099d19c/batchverify,wit-constr-diff,chunkedmul.circom,ChunkedMul,in1[6]:lt[15].in:out[15],Yes
zksolid-paper/benchmarks/ed25519-099d19c/batchverify,wit-constr-diff,chunkedmul.circom,ChunkedMul,in1[6]:lt[16].in:out[16],Yes
zksolid-paper/benchmarks/ed25519-099d19c/batchverify,wit-constr-diff,chunkedmul.circom,ChunkedMul,in1[6]:lt[17].in:out[17],Yes
zksolid-paper/benchmarks/ed25519-099d19c/batchverify,wit-constr-diff,chunkedmul.circom,ChunkedMul,in1[6]:lt[19].in:out[19],Yes
zksolid-paper/benchmarks/ed25519-099d19c/batchverify,wit-constr-diff,chunkedmul.circom,ChunkedMul,in1[6]:lt[7].in:out[7],Yes
zksolid-paper/benchmarks/ed25519-099d19c/batchverify,wit-constr-diff,chunkedmul.circom,ChunkedMul,in1[6]:lt[8].in:out[8],Yes
zksolid-paper/benchmarks/ed25519-099d19c/batchverify,wit-constr-diff,chunkedmul.circom,ChunkedMul,in1[6]:lt[9].in:out[9],Yes
zksolid-paper/benchmarks/ed25519-099d19c/batchverify,wit-constr-diff,chunkedmul.circom,ChunkedMul,in1[7]:lt[10].in:out[10],Yes
zksolid-paper/benchmarks/ed25519-099d19c/batchverify,wit-constr-diff,chunkedmul.circom,ChunkedMul,in1[7]:lt[11].in:out[11],Yes
zksolid-paper/benchmarks/ed25519-099d19c/batchverify,wit-constr-diff,chunkedmul.circom,ChunkedMul,in1[7]:lt[12].in:out[12],Yes
zksolid-paper/benchmarks/ed25519-099d19c/batchverify,wit-constr-diff,chunkedmul.circom,ChunkedMul,in1[7]:lt[13].in:out[13],Yes
zksolid-paper/benchmarks/ed25519-099d19c/batchverify,wit-constr-diff,chunkedmul.circom,ChunkedMul,in1[7]:lt[14].in:out[14],Yes
zksolid-paper/benchmarks/ed25519-099d19c/batchverify,wit-constr-diff,chunkedmul.circom,ChunkedMul,in1[7]:lt[15].in:out[15],Yes
zksolid-paper/benchmarks/ed25519-099d19c/batchverify,wit-constr-diff,chunkedmul.circom,ChunkedMul,in1[7]:lt[16].in:out[16],Yes
zksolid-paper/benchmarks/ed25519-099d19c/batchverify,wit-constr-diff,chunkedmul.circom,ChunkedMul,in1[7]:lt[17].in:out[17],Yes
zksolid-paper/benchmarks/ed25519-099d19c/batchverify,wit-constr-diff,chunkedmul.circom,ChunkedMul,in1[7]:lt[19].in:out[19],Yes
zksolid-paper/benchmarks/ed25519-099d19c/batchverify,wit-constr-diff,chunkedmul.circom,ChunkedMul,in1[7]:lt[8].in:out[8],Yes
zksolid-paper/benchmarks/ed25519-099d19c/batchverify,wit-constr-diff,chunkedmul.circom,ChunkedMul,in1[7]:lt[9].in:out[9],Yes
zksolid-paper/benchmarks/ed25519-099d19c/batchverify,wit-constr-diff,chunkedmul.circom,ChunkedMul,in1[8]:lt[10].in:out[10],Yes
zksolid-paper/benchmarks/ed25519-099d19c/batchverify,wit-constr-diff,chunkedmul.circom,ChunkedMul,in1[8]:lt[11].in:out[11],Yes
zksolid-paper/benchmarks/ed25519-099d19c/batchverify,wit-constr-diff,chunkedmul.circom,ChunkedMul,in1[8]:lt[12].in:out[12],Yes
zksolid-paper/benchmarks/ed25519-099d19c/batchverify,wit-constr-diff,chunkedmul.circom,ChunkedMul,in1[8]:lt[13].in:out[13],Yes
zksolid-paper/benchmarks/ed25519-099d19c/batchverify,wit-constr-diff,chunkedmul.circom,ChunkedMul,in1[8]:lt[14].in:out[14],Yes
zksolid-paper/benchmarks/ed25519-099d19c/batchverify,wit-constr-diff,chunkedmul.circom,ChunkedMul,in1[8]:lt[15].in:out[15],Yes
zksolid-paper/benchmarks/ed25519-099d19c/batchverify,wit-constr-diff,chunkedmul.circom,ChunkedMul,in1[8]:lt[16].in:out[16],Yes
zksolid-paper/benchmarks/ed25519-099d19c/batchverify,wit-constr-diff,chunkedmul.circom,ChunkedMul,in1[8]:lt[17].in:out[17],Yes
zksolid-paper/benchmarks/ed25519-099d19c/batchverify,wit-constr-diff,chunkedmul.circom,ChunkedMul,in1[8]:lt[19].in:out[19],Yes
zksolid-paper/benchmarks/ed25519-099d19c/batchverify,wit-constr-diff,chunkedmul.circom,ChunkedMul,in1[8]:lt[9].in:out[9],Yes
zksolid-paper/benchmarks/ed25519-099d19c/batchverify,wit-constr-diff,chunkedmul.circom,ChunkedMul,in1[9]:lt[10].in:out[10],Yes
zksolid-paper/benchmarks/ed25519-099d19c/batchverify,wit-constr-diff,chunkedmul.circom,ChunkedMul,in1[9]:lt[11].in:out[11],Yes
zksolid-paper/benchmarks/ed25519-099d19c/batchverify,wit-constr-diff,chunkedmul.circom,ChunkedMul,in1[9]:lt[12].in:out[12],Yes
zksolid-paper/benchmarks/ed25519-099d19c/batchverify,wit-constr-diff,chunkedmul.circom,ChunkedMul,in1[9]:lt[13].in:out[13],Yes
zksolid-paper/benchmarks/ed25519-099d19c/batchverify,wit-constr-diff,chunkedmul.circom,ChunkedMul,in1[9]:lt[14].in:out[14],Yes
zksolid-paper/benchmarks/ed25519-099d19c/batchverify,wit-constr-diff,chunkedmul.circom,ChunkedMul,in1[9]:lt[15].in:out[15],Yes
zksolid-paper/benchmarks/ed25519-099d19c/batchverify,wit-constr-diff,chunkedmul.circom,ChunkedMul,in1[9]:lt[16].in:out[16],Yes
zksolid-paper/benchmarks/ed25519-099d19c/batchverify,wit-constr-diff,chunkedmul.circom,ChunkedMul,in1[9]:lt[17].in:out[17],Yes
zksolid-paper/benchmarks/ed25519-099d19c/batchverify,wit-constr-diff,chunkedmul.circom,ChunkedMul,in1[9]:lt[19].in:out[19],Yes
zksolid-paper/benchmarks/ed25519-099d19c/batchverify,wit-constr-diff,chunkedmul.circom,ChunkedMul,in2[0]:lt[10].in:out[10],Yes
zksolid-paper/benchmarks/ed25519-099d19c/batchverify,wit-constr-diff,chunkedmul.circom,ChunkedMul,in2[0]:lt[11].in:out[11],Yes
zksolid-paper/benchmarks/ed25519-099d19c/batchverify,wit-constr-diff,chunkedmul.circom,ChunkedMul,in2[0]:lt[12].in:out[12],Yes
zksolid-paper/benchmarks/ed25519-099d19c/batchverify,wit-constr-diff,chunkedmul.circom,ChunkedMul,in2[0]:lt[13].in:out[13],Yes
zksolid-paper/benchmarks/ed25519-099d19c/batchverify,wit-constr-diff,chunkedmul.circom,ChunkedMul,in2[0]:lt[14].in:out[14],Yes
zksolid-paper/benchmarks/ed25519-099d19c/batchverify,wit-constr-diff,chunkedmul.circom,ChunkedMul,in2[0]:lt[15].in:out[15],Yes
zksolid-paper/benchmarks/ed25519-099d19c/batchverify,wit-constr-diff,chunkedmul.circom,ChunkedMul,in2[0]:lt[16].in:out[16],Yes
zksolid-paper/benchmarks/ed25519-099d19c/batchverify,wit-constr-diff,chunkedmul.circom,ChunkedMul,in2[0]:lt[17].in:out[17],Yes
zksolid-paper/benchmarks/ed25519-099d19c/batchverify,wit-constr-diff,chunkedmul.circom,ChunkedMul,in2[0]:lt[19].in:out[19],Yes
zksolid-paper/benchmarks/ed25519-099d19c/batchverify,wit-constr-diff,chunkedmul.circom,ChunkedMul,in2[0]:lt[1].in:out[1],Yes
zksolid-paper/benchmarks/ed25519-099d19c/batchverify,wit-constr-diff,chunkedmul.circom,ChunkedMul,in2[0]:lt[2].in:out[2],Yes
zksolid-paper/benchmarks/ed25519-099d19c/batchverify,wit-constr-diff,chunkedmul.circom,ChunkedMul,in2[0]:lt[3].in:out[3],Yes
zksolid-paper/benchmarks/ed25519-099d19c/batchverify,wit-constr-diff,chunkedmul.circom,ChunkedMul,in2[0]:lt[4].in:out[4],Yes
zksolid-paper/benchmarks/ed25519-099d19c/batchverify,wit-constr-diff,chunkedmul.circom,ChunkedMul,in2[0]:lt[5].in:out[5],Yes
zksolid-paper/benchmarks/ed25519-099d19c/batchverify,wit-constr-diff,chunkedmul.circom,ChunkedMul,in2[0]:lt[6].in:out[6],Yes
zksolid-paper/benchmarks/ed25519-099d19c/batchverify,wit-constr-diff,chunkedmul.circom,ChunkedMul,in2[0]:lt[7].in:out[7],Yes
zksolid-paper/benchmarks/ed25519-099d19c/batchverify,wit-constr-diff,chunkedmul.circom,ChunkedMul,in2[0]:lt[8].in:out[8],Yes
zksolid-paper/benchmarks/ed25519-099d19c/batchverify,wit-constr-diff,chunkedmul.circom,ChunkedMul,in2[0]:lt[9].in:out[9],Yes
zksolid-paper/benchmarks/ed25519-099d19c/batchverify,wit-constr-diff,chunkedmul.circom,ChunkedMul,in2[1]:lt[13].in:out[13],Yes
zksolid-paper/benchmarks/ed25519-099d19c/batchverify,wit-constr-diff,chunkedmul.circom,ChunkedMul,in2[1]:lt[16].in:out[16],Yes
zksolid-paper/benchmarks/ed25519-099d19c/batchverify,wit-constr-diff,chunkedmul.circom,ChunkedMul,in2[1]:lt[19].in:out[19],Yes
zksolid-paper/benchmarks/ed25519-099d19c/batchverify,wit-constr-diff,chunkedmul.circom,ChunkedMul,in2[1]:lt[5].in:out[5],Yes
zksolid-paper/benchmarks/ed25519-099d19c/batchverify,wit-constr-diff,chunkedmul.circom,ChunkedMul,in2[1]:lt[8].in:out[8],Yes
zksolid-paper/benchmarks/ed25519-099d19c/batchverify,wit-constr-diff,chunkedmul.circom,ChunkedMul,in2[2]:lt[13].in:out[13],Yes
zksolid-paper/benchmarks/ed25519-099d19c/batchverify,wit-constr-diff,chunkedmul.circom,ChunkedMul,in2[2]:lt[16].in:out[16],Yes
zksolid-paper/benchmarks/ed25519-099d19c/batchverify,wit-constr-diff,chunkedmul.circom,ChunkedMul,in2[2]:lt[19].in:out[19],Yes
zksolid-paper/benchmarks/ed25519-099d19c/batchverify,wit-constr-diff,chunkedmul.circom,ChunkedMul,in2[2]:lt[5].in:out[5],Yes
zksolid-paper/benchmarks/ed25519-099d19c/batchverify,wit-constr-diff,chunkedmul.circom,ChunkedMul,in2[2]:lt[8].in:out[8],Yes
zksolid-paper/benchmarks/ed25519-099d19c/batchverify,wit-constr-diff,chunkedmul.circom,ChunkedMul,in2[3]:lt[13].in:out[13],Yes
zksolid-paper/benchmarks/ed25519-099d19c/batchverify,wit-constr-diff,chunkedmul.circom,ChunkedMul,in2[3]:lt[16].in:out[16],Yes
zksolid-paper/benchmarks/ed25519-099d19c/batchverify,wit-constr-diff,chunkedmul.circom,ChunkedMul,in2[3]:lt[19].in:out[19],Yes
zksolid-paper/benchmarks/ed25519-099d19c/batchverify,wit-constr-diff,chunkedmul.circom,ChunkedMul,in2[4]:lt[13].in:out[13],Yes
zksolid-paper/benchmarks/ed25519-099d19c/batchverify,wit-constr-diff,chunkedmul.circom,ChunkedMul,in2[4]:lt[16].in:out[16],Yes
zksolid-paper/benchmarks/ed25519-099d19c/batchverify,wit-constr-diff,chunkedmul.circom,ChunkedMul,in2[4]:lt[19].in:out[19],Yes
zksolid-paper/benchmarks/ed25519-099d19c/batchverify,wit-constr-diff,chunkedmul.circom,ChunkedMul,in2[5]:lt[13].in:out[13],Yes
zksolid-paper/benchmarks/ed25519-099d19c/batchverify,wit-constr-diff,chunkedmul.circom,ChunkedMul,in2[5]:lt[16].in:out[16],Yes
zksolid-paper/benchmarks/ed25519-099d19c/batchverify,wit-constr-diff,chunkedmul.circom,ChunkedMul,in2[5]:lt[19].in:out[19],Yes
zksolid-paper/benchmarks/ed25519-099d19c/batchverify,wit-constr-diff,chunkedmul.circom,ChunkedMul,in2[6]:lt[13].in:out[13],Yes
zksolid-paper/benchmarks/ed25519-099d19c/batchverify,wit-constr-diff,chunkedmul.circom,ChunkedMul,in2[6]:lt[16].in:out[16],Yes
zksolid-paper/benchmarks/ed25519-099d19c/batchverify,wit-constr-diff,chunkedmul.circom,ChunkedMul,in2[6]:lt[19].in:out[19],Yes
zksolid-paper/benchmarks/ed25519-099d19c/batchverify,wit-constr-diff,chunkedmul.circom,ChunkedMul,in2[7]:lt[19].in:out[19],Yes
zksolid-paper/benchmarks/ed25519-099d19c/batchverify,wit-constr-diff,chunkedmul.circom,ChunkedMul,in2[8]:lt[19].in:out[19],Yes
zksolid-paper/benchmarks/ed25519-099d19c/batchverify,wit-constr-diff,chunkedmul.circom,ChunkedMul,in2[9]:lt[19].in:out[19],Yes
zksolid-paper/benchmarks/ed25519-099d19c/batchverify,wit-constr-diff,chunkedmul.circom,ChunkedMul,pp[0]:lt[10].in:out[10],Yes
zksolid-paper/benchmarks/ed25519-099d19c/batchverify,wit-constr-diff,chunkedmul.circom,ChunkedMul,pp[0]:lt[11].in:out[11],Yes
zksolid-paper/benchmarks/ed25519-099d19c/batchverify,wit-constr-diff,chunkedmul.circom,ChunkedMul,pp[0]:lt[12].in:out[12],Yes
zksolid-paper/benchmarks/ed25519-099d19c/batchverify,wit-constr-diff,chunkedmul.circom,ChunkedMul,pp[0]:lt[13].in:out[13],Yes
zksolid-paper/benchmarks/ed25519-099d19c/batchverify,wit-constr-diff,chunkedmul.circom,ChunkedMul,pp[0]:lt[14].in:out[14],Yes
zksolid-paper/benchmarks/ed25519-099d19c/batchverify,wit-constr-diff,chunkedmul.circom,ChunkedMul,pp[0]:lt[15].in:out[15],Yes
zksolid-paper/benchmarks/ed25519-099d19c/batchverify,wit-constr-diff,chunkedmul.circom,ChunkedMul,pp[0]:lt[16].in:out[16],Yes
zksolid-paper/benchmarks/ed25519-099d19c/batchverify,wit-constr-diff,chunkedmul.circom,ChunkedMul,pp[0]:lt[17].in:out[17],Yes
zksolid-paper/benchmarks/ed25519-099d19c/batchverify,wit-constr-diff,chunkedmul.circom,ChunkedMul,pp[0]:lt[19].in:out[19],Yes
zksolid-paper/benchmarks/ed25519-099d19c/batchverify,wit-constr-diff,chunkedmul.circom,ChunkedMul,pp[0]:lt[1].in:out[1],Yes
zksolid-paper/benchmarks/ed25519-099d19c/batchverify,wit-constr-diff,chunkedmul.circom,ChunkedMul,pp[0]:lt[2].in:out[2],Yes
zksolid-paper/benchmarks/ed25519-099d19c/batchverify,wit-constr-diff,chunkedmul.circom,ChunkedMul,pp[0]:lt[3].in:out[3],Yes
zksolid-paper/benchmarks/ed25519-099d19c/batchverify,wit-constr-diff,chunkedmul.circom,ChunkedMul,pp[0]:lt[4].in:out[4],Yes
zksolid-paper/benchmarks/ed25519-099d19c/batchverify,wit-constr-diff,chunkedmul.circom,ChunkedMul,pp[0]:lt[5].in:out[5],Yes
zksolid-paper/benchmarks/ed25519-099d19c/batchverify,wit-constr-diff,chunkedmul.circom,ChunkedMul,pp[0]:lt[6].in:out[6],Yes
zksolid-paper/benchmarks/ed25519-099d19c/batchverify,wit-constr-diff,chunkedmul.circom,ChunkedMul,pp[0]:lt[7].in:out[7],Yes
zksolid-paper/benchmarks/ed25519-099d19c/batchverify,wit-constr-diff,chunkedmul.circom,ChunkedMul,pp[0]:lt[8].in:out[8],Yes
zksolid-paper/benchmarks/ed25519-099d19c/batchverify,wit-constr-diff,chunkedmul.circom,ChunkedMul,pp[0]:lt[9].in:out[9],Yes
zksolid-paper/benchmarks/ed25519-099d19c/batchverify,wit-constr-diff,chunkedmul.circom,ChunkedMul,pp[100]:lt[16].in:out[16],Yes
zksolid-paper/benchmarks/ed25519-099d19c/batchverify,wit-constr-diff,chunkedmul.circom,ChunkedMul,pp[100]:lt[19].in:out[19],Yes
zksolid-paper/benchmarks/ed25519-099d19c/batchverify,wit-constr-diff,chunkedmul.circom,ChunkedMul,pp[101]:lt[16].in:out[16],Yes
zksolid-paper/benchmarks/ed25519-099d19c/batchverify,wit-constr-diff,chunkedmul.circom,ChunkedMul,pp[101]:lt[19].in:out[19],Yes
zksolid-paper/benchmarks/ed25519-099d19c/batchverify,wit-constr-diff,chunkedmul.circom,ChunkedMul,pp[102]:lt[16].in:out[16],Yes
zksolid-paper/benchmarks/ed25519-099d19c/batchverify,wit-constr-diff,chunkedmul.circom,ChunkedMul,pp[102]:lt[19].in:out[19],Yes
zksolid-paper/benchmarks/ed25519-099d19c/batchverify,wit-constr-diff,chunkedmul.circom,ChunkedMul,pp[103]:lt[16].in:out[16],Yes
zksolid-paper/benchmarks/ed25519-099d19c/batchverify,wit-constr-diff,chunkedmul.circom,ChunkedMul,pp[103]:lt[19].in:out[19],Yes
zksolid-paper/benchmarks/ed25519-099d19c/batchverify,wit-constr-diff,chunkedmul.circom,ChunkedMul,pp[104]:lt[16].in:out[16],Yes
zksolid-paper/benchmarks/ed25519-099d19c/batchverify,wit-constr-diff,chunkedmul.circom,ChunkedMul,pp[104]:lt[19].in:out[19],Yes
zksolid-paper/benchmarks/ed25519-099d19c/batchverify,wit-constr-diff,chunkedmul.circom,ChunkedMul,pp[105]:lt[16].in:out[16],Yes
zksolid-paper/benchmarks/ed25519-099d19c/batchverify,wit-constr-diff,chunkedmul.circom,ChunkedMul,pp[105]:lt[19].in:out[19],Yes
zksolid-paper/benchmarks/ed25519-099d19c/batchverify,wit-constr-diff,chunkedmul.circom,ChunkedMul,pp[106]:lt[16].in:out[16],Yes
zksolid-paper/benchmarks/ed25519-099d19c/batchverify,wit-constr-diff,chunkedmul.circom,ChunkedMul,pp[106]:lt[19].in:out[19],Yes
zksolid-paper/benchmarks/ed25519-099d19c/batchverify,wit-constr-diff,chunkedmul.circom,ChunkedMul,pp[107]:lt[16].in:out[16],Yes
zksolid-paper/benchmarks/ed25519-099d19c/batchverify,wit-constr-diff,chunkedmul.circom,ChunkedMul,pp[107]:lt[19].in:out[19],Yes
zksolid-paper/benchmarks/ed25519-099d19c/batchverify,wit-constr-diff,chunkedmul.circom,ChunkedMul,pp[108]:lt[16].in:out[16],Yes
zksolid-paper/benchmarks/ed25519-099d19c/batchverify,wit-constr-diff,chunkedmul.circom,ChunkedMul,pp[108]:lt[19].in:out[19],Yes
zksolid-paper/benchmarks/ed25519-099d19c/batchverify,wit-constr-diff,chunkedmul.circom,ChunkedMul,pp[109]:lt[16].in:out[16],Yes
zksolid-paper/benchmarks/ed25519-099d19c/batchverify,wit-constr-diff,chunkedmul.circom,ChunkedMul,pp[109]:lt[19].in:out[19],Yes
zksolid-paper/benchmarks/ed25519-099d19c/batchverify,wit-constr-diff,chunkedmul.circom,ChunkedMul,pp[10]:lt[11].in:out[11],Yes
zksolid-paper/benchmarks/ed25519-099d19c/batchverify,wit-constr-diff,chunkedmul.circom,ChunkedMul,pp[10]:lt[12].in:out[12],Yes
zksolid-paper/benchmarks/ed25519-099d19c/batchverify,wit-constr-diff,chunkedmul.circom,ChunkedMul,pp[10]:lt[13].in:out[13],Yes
zksolid-paper/benchmarks/ed25519-099d19c/batchverify,wit-constr-diff,chunkedmul.circom,ChunkedMul,pp[10]:lt[14].in:out[14],Yes
zksolid-paper/benchmarks/ed25519-099d19c/batchverify,wit-constr-diff,chunkedmul.circom,ChunkedMul,pp[10]:lt[15].in:out[15],Yes
zksolid-paper/benchmarks/ed25519-099d19c/batchverify,wit-constr-diff,chunkedmul.circom,ChunkedMul,pp[10]:lt[16].in:out[16],Yes
zksolid-paper/benchmarks/ed25519-099d19c/batchverify,wit-constr-diff,chunkedmul.circom,ChunkedMul,pp[10]:lt[17].in:out[17],Yes
zksolid-paper/benchmarks/ed25519-099d19c/batchverify,wit-constr-diff,chunkedmul.circom,ChunkedMul,pp[10]:lt[19].in:out[19],Yes
zksolid-paper/benchmarks/ed25519-099d19c/batchverify,wit-constr-diff,chunkedmul.circom,ChunkedMul,pp[10]:lt[5].in:out[5],Yes
zksolid-paper/benchmarks/ed25519-099d19c/batchverify,wit-constr-diff,chunkedmul.circom,ChunkedMul,pp[10]:lt[8].in:out[8],Yes
zksolid-paper/benchmarks/ed25519-099d19c/batchverify,wit-constr-diff,chunkedmul.circom,ChunkedMul,pp[110]:lt[16].in:out[16],Yes
zksolid-paper/benchmarks/ed25519-099d19c/batchverify,wit-constr-diff,chunkedmul.circom,ChunkedMul,pp[110]:lt[19].in:out[19],Yes
zksolid-paper/benchmarks/ed25519-099d19c/batchverify,wit-constr-diff,chunkedmul.circom,ChunkedMul,pp[111]:lt[16].in:out[16],Yes
zksolid-paper/benchmarks/ed25519-099d19c/batchverify,wit-constr-diff,chunkedmul.circom,ChunkedMul,pp[111]:lt[19].in:out[19],Yes
zksolid-paper/benchmarks/ed25519-099d19c/batchverify,wit-constr-diff,chunkedmul.circom,ChunkedMul,pp[112]:lt[19].in:out[19],Yes
zksolid-paper/benchmarks/ed25519-099d19c/batchverify,wit-constr-diff,chunkedmul.circom,ChunkedMul,pp[113]:lt[19].in:out[19],Yes
zksolid-paper/benchmarks/ed25519-099d19c/batchverify,wit-constr-diff,chunkedmul.circom,ChunkedMul,pp[114]:lt[19].in:out[19],Yes
zksolid-paper/benchmarks/ed25519-099d19c/batchverify,wit-constr-diff,chunkedmul.circom,ChunkedMul,pp[115]:lt[19].in:out[19],Yes
zksolid-paper/benchmarks/ed25519-099d19c/batchverify,wit-constr-diff,chunkedmul.circom,ChunkedMul,pp[116]:lt[19].in:out[19],Yes
zksolid-paper/benchmarks/ed25519-099d19c/batchverify,wit-constr-diff,chunkedmul.circom,ChunkedMul,pp[117]:lt[19].in:out[19],Yes
zksolid-paper/benchmarks/ed25519-099d19c/batchverify,wit-constr-diff,chunkedmul.circom,ChunkedMul,pp[118]:lt[19].in:out[19],Yes
zksolid-paper/benchmarks/ed25519-099d19c/batchverify,wit-constr-diff,chunkedmul.circom,ChunkedMul,pp[119]:lt[19].in:out[19],Yes
zksolid-paper/benchmarks/ed25519-099d19c/batchverify,wit-constr-diff,chunkedmul.circom,ChunkedMul,pp[11]:lt[12].in:out[12],Yes
zksolid-paper/benchmarks/ed25519-099d19c/batchverify,wit-constr-diff,chunkedmul.circom,ChunkedMul,pp[11]:lt[13].in:out[13],Yes
zksolid-paper/benchmarks/ed25519-099d19c/batchverify,wit-constr-diff,chunkedmul.circom,ChunkedMul,pp[11]:lt[14].in:out[14],Yes
zksolid-paper/benchmarks/ed25519-099d19c/batchverify,wit-constr-diff,chunkedmul.circom,ChunkedMul,pp[11]:lt[15].in:out[15],Yes
zksolid-paper/benchmarks/ed25519-099d19c/batchverify,wit-constr-diff,chunkedmul.circom,ChunkedMul,pp[11]:lt[16].in:out[16],Yes
zksolid-paper/benchmarks/ed25519-099d19c/batchverify,wit-constr-diff,chunkedmul.circom,ChunkedMul,pp[11]:lt[17].in:out[17],Yes
zksolid-paper/benchmarks/ed25519-099d19c/batchverify,wit-constr-diff,chunkedmul.circom,ChunkedMul,pp[11]:lt[19].in:out[19],Yes
zksolid-paper/benchmarks/ed25519-099d19c/batchverify,wit-constr-diff,chunkedmul.circom,ChunkedMul,pp[11]:lt[5].in:out[5],Yes
zksolid-paper/benchmarks/ed25519-099d19c/batchverify,wit-constr-diff,chunkedmul.circom,ChunkedMul,pp[11]:lt[8].in:out[8],Yes
zksolid-paper/benchmarks/ed25519-099d19c/batchverify,wit-constr-diff,chunkedmul.circom,ChunkedMul,pp[120]:lt[19].in:out[19],Yes
zksolid-paper/benchmarks/ed25519-099d19c/batchverify,wit-constr-diff,chunkedmul.circom,ChunkedMul,pp[121]:lt[19].in:out[19],Yes
zksolid-paper/benchmarks/ed25519-099d19c/batchverify,wit-constr-diff,chunkedmul.circom,ChunkedMul,pp[122]:lt[19].in:out[19],Yes
zksolid-paper/benchmarks/ed25519-099d19c/batchverify,wit-constr-diff,chunkedmul.circom,ChunkedMul,pp[123]:lt[19].in:out[19],Yes
zksolid-paper/benchmarks/ed25519-099d19c/batchverify,wit-constr-diff,chunkedmul.circom,ChunkedMul,pp[124]:lt[19].in:out[19],Yes
zksolid-paper/benchmarks/ed25519-099d19c/batchverify,wit-constr-diff,chunkedmul.circom,ChunkedMul,pp[125]:lt[19].in:out[19],Yes
zksolid-paper/benchmarks/ed25519-099d19c/batchverify,wit-constr-diff,chunkedmul.circom,ChunkedMul,pp[126]:lt[19].in:out[19],Yes
zksolid-paper/benchmarks/ed25519-099d19c/batchverify,wit-constr-diff,chunkedmul.circom,ChunkedMul,pp[127]:lt[19].in:out[19],Yes
zksolid-paper/benchmarks/ed25519-099d19c/batchverify,wit-constr-diff,chunkedmul.circom,ChunkedMul,pp[128]:lt[19].in:out[19],Yes
zksolid-paper/benchmarks/ed25519-099d19c/batchverify,wit-constr-diff,chunkedmul.circom,ChunkedMul,pp[129]:lt[19].in:out[19],Yes
zksolid-paper/benchmarks/ed25519-099d19c/batchverify,wit-constr-diff,chunkedmul.circom,ChunkedMul,pp[12]:lt[13].in:out[13],Yes
zksolid-paper/benchmarks/ed25519-099d19c/batchverify,wit-constr-diff,chunkedmul.circom,ChunkedMul,pp[12]:lt[14].in:out[14],Yes
zksolid-paper/benchmarks/ed25519-099d19c/batchverify,wit-constr-diff,chunkedmul.circom,ChunkedMul,pp[12]:lt[15].in:out[15],Yes
zksolid-paper/benchmarks/ed25519-099d19c/batchverify,wit-constr-diff,chunkedmul.circom,ChunkedMul,pp[12]:lt[16].in:out[16],Yes
zksolid-paper/benchmarks/ed25519-099d19c/batchverify,wit-constr-diff,chunkedmul.circom,ChunkedMul,pp[12]:lt[17].in:out[17],Yes
zksolid-paper/benchmarks/ed25519-099d19c/batchverify,wit-constr-diff,chunkedmul.circom,ChunkedMul,pp[12]:lt[19].in:out[19],Yes
zksolid-paper/benchmarks/ed25519-099d19c/batchverify,wit-constr-diff,chunkedmul.circom,ChunkedMul,pp[12]:lt[5].in:out[5],Yes
zksolid-paper/benchmarks/ed25519-099d19c/batchverify,wit-constr-diff,chunkedmul.circom,ChunkedMul,pp[12]:lt[8].in:out[8],Yes
zksolid-paper/benchmarks/ed25519-099d19c/batchverify,wit-constr-diff,chunkedmul.circom,ChunkedMul,pp[130]:lt[19].in:out[19],Yes
zksolid-paper/benchmarks/ed25519-099d19c/batchverify,wit-constr-diff,chunkedmul.circom,ChunkedMul,pp[131]:lt[19].in:out[19],Yes
zksolid-paper/benchmarks/ed25519-099d19c/batchverify,wit-constr-diff,chunkedmul.circom,ChunkedMul,pp[132]:lt[19].in:out[19],Yes
zksolid-paper/benchmarks/ed25519-099d19c/batchverify,wit-constr-diff,chunkedmul.circom,ChunkedMul,pp[133]:lt[19].in:out[19],Yes
zksolid-paper/benchmarks/ed25519-099d19c/batchverify,wit-constr-diff,chunkedmul.circom,ChunkedMul,pp[134]:lt[19].in:out[19],Yes
zksolid-paper/benchmarks/ed25519-099d19c/batchverify,wit-constr-diff,chunkedmul.circom,ChunkedMul,pp[135]:lt[19].in:out[19],Yes
zksolid-paper/benchmarks/ed25519-099d19c/batchverify,wit-constr-diff,chunkedmul.circom,ChunkedMul,pp[136]:lt[19].in:out[19],Yes
zksolid-paper/benchmarks/ed25519-099d19c/batchverify,wit-constr-diff,chunkedmul.circom,ChunkedMul,pp[137]:lt[19].in:out[19],Yes
zksolid-paper/benchmarks/ed25519-099d19c/batchverify,wit-constr-diff,chunkedmul.circom,ChunkedMul,pp[138]:lt[19].in:out[19],Yes
zksolid-paper/benchmarks/ed25519-099d19c/batchverify,wit-constr-diff,chunkedmul.circom,ChunkedMul,pp[139]:lt[19].in:out[19],Yes
zksolid-paper/benchmarks/ed25519-099d19c/batchverify,wit-constr-diff,chunkedmul.circom,ChunkedMul,pp[13]:lt[13].in:out[13],Yes
zksolid-paper/benchmarks/ed25519-099d19c/batchverify,wit-constr-diff,chunkedmul.circom,ChunkedMul,pp[13]:lt[14].in:out[14],Yes
zksolid-paper/benchmarks/ed25519-099d19c/batchverify,wit-constr-diff,chunkedmul.circom,ChunkedMul,pp[13]:lt[15].in:out[15],Yes
zksolid-paper/benchmarks/ed25519-099d19c/batchverify,wit-constr-diff,chunkedmul.circom,ChunkedMul,pp[13]:lt[16].in:out[16],Yes
zksolid-paper/benchmarks/ed25519-099d19c/batchverify,wit-constr-diff,chunkedmul.circom,ChunkedMul,pp[13]:lt[17].in:out[17],Yes
zksolid-paper/benchmarks/ed25519-099d19c/batchverify,wit-constr-diff,chunkedmul.circom,ChunkedMul,pp[13]:lt[19].in:out[19],Yes
zksolid-paper/benchmarks/ed25519-099d19c/batchverify,wit-constr-diff,chunkedmul.circom,ChunkedMul,pp[13]:lt[5].in:out[5],Yes
zksolid-paper/benchmarks/ed25519-099d19c/batchverify,wit-constr-diff,chunkedmul.circom,ChunkedMul,pp[13]:lt[8].in:out[8],Yes
zksolid-paper/benchmarks/ed25519-099d19c/batchverify,wit-constr-diff,chunkedmul.circom,ChunkedMul,pp[140]:lt[19].in:out[19],Yes
zksolid-paper/benchmarks/ed25519-099d19c/batchverify,wit-constr-diff,chunkedmul.circom,ChunkedMul,pp[141]:lt[19].in:out[19],Yes
zksolid-paper/benchmarks/ed25519-099d19c/batchverify,wit-constr-diff,chunkedmul.circom,ChunkedMul,pp[142]:lt[19].in:out[19],Yes
zksolid-paper/benchmarks/ed25519-099d19c/batchverify,wit-constr-diff,chunkedmul.circom,ChunkedMul,pp[143]:lt[19].in:out[19],Yes
zksolid-paper/benchmarks/ed25519-099d19c/batchverify,wit-constr-diff,chunkedmul.circom,ChunkedMul,pp[144]:lt[19].in:out[19],Yes
zksolid-paper/benchmarks/ed25519-099d19c/batchverify,wit-constr-diff,chunkedmul.circom,ChunkedMul,pp[145]:lt[19].in:out[19],Yes
zksolid-paper/benchmarks/ed25519-099d19c/batchverify,wit-constr-diff,chunkedmul.circom,ChunkedMul,pp[146]:lt[19].in:out[19],Yes
zksolid-paper/benchmarks/ed25519-099d19c/batchverify,wit-constr-diff,chunkedmul.circom,ChunkedMul,pp[147]:lt[19].in:out[19],Yes
zksolid-paper/benchmarks/ed25519-099d19c/batchverify,wit-constr-diff,chunkedmul.circom,ChunkedMul,pp[148]:lt[19].in:out[19],Yes
zksolid-paper/benchmarks/ed25519-099d19c/batchverify,wit-constr-diff,chunkedmul.circom,ChunkedMul,pp[149]:lt[19].in:out[19],Yes
zksolid-paper/benchmarks/ed25519-099d19c/batchverify,wit-constr-diff,chunkedmul.circom,ChunkedMul,pp[14]:lt[13].in:out[13],Yes
zksolid-paper/benchmarks/ed25519-099d19c/batchverify,wit-constr-diff,chunkedmul.circom,ChunkedMul,pp[14]:lt[15].in:out[15],Yes
zksolid-paper/benchmarks/ed25519-099d19c/batchverify,wit-constr-diff,chunkedmul.circom,ChunkedMul,pp[14]:lt[16].in:out[16],Yes
zksolid-paper/benchmarks/ed25519-099d19c/batchverify,wit-constr-diff,chunkedmul.circom,ChunkedMul,pp[14]:lt[17].in:out[17],Yes
zksolid-paper/benchmarks/ed25519-099d19c/batchverify,wit-constr-diff,chunkedmul.circom,ChunkedMul,pp[14]:lt[19].in:out[19],Yes
zksolid-paper/benchmarks/ed25519-099d19c/batchverify,wit-constr-diff,chunkedmul.circom,ChunkedMul,pp[14]:lt[5].in:out[5],Yes
zksolid-paper/benchmarks/ed25519-099d19c/batchverify,wit-constr-diff,chunkedmul.circom,ChunkedMul,pp[14]:lt[8].in:out[8],Yes
zksolid-paper/benchmarks/ed25519-099d19c/batchverify,wit-constr-diff,chunkedmul.circom,ChunkedMul,pp[150]:lt[19].in:out[19],Yes
zksolid-paper/benchmarks/ed25519-099d19c/batchverify,wit-constr-diff,chunkedmul.circom,ChunkedMul,pp[151]:lt[19].in:out[19],Yes
zksolid-paper/benchmarks/ed25519-099d19c/batchverify,wit-constr-diff,chunkedmul.circom,ChunkedMul,pp[152]:lt[19].in:out[19],Yes
zksolid-paper/benchmarks/ed25519-099d19c/batchverify,wit-constr-diff,chunkedmul.circom,ChunkedMul,pp[153]:lt[19].in:out[19],Yes
zksolid-paper/benchmarks/ed25519-099d19c/batchverify,wit-constr-diff,chunkedmul.circom,ChunkedMul,pp[154]:lt[19].in:out[19],Yes
zksolid-paper/benchmarks/ed25519-099d19c/batchverify,wit-constr-diff,chunkedmul.circom,ChunkedMul,pp[155]:lt[19].in:out[19],Yes
zksolid-paper/benchmarks/ed25519-099d19c/batchverify,wit-constr-diff,chunkedmul.circom,ChunkedMul,pp[156]:lt[19].in:out[19],Yes
zksolid-paper/benchmarks/ed25519-099d19c/batchverify,wit-constr-diff,chunkedmul.circom,ChunkedMul,pp[157]:lt[19].in:out[19],Yes
zksolid-paper/benchmarks/ed25519-099d19c/batchverify,wit-constr-diff,chunkedmul.circom,ChunkedMul,pp[158]:lt[19].in:out[19],Yes
zksolid-paper/benchmarks/ed25519-099d19c/batchverify,wit-constr-diff,chunkedmul.circom,ChunkedMul,pp[159]:lt[19].in:out[19],Yes
zksolid-paper/benchmarks/ed25519-099d19c/batchverify,wit-constr-diff,chunkedmul.circom,ChunkedMul,pp[15]:lt[13].in:out[13],Yes
zksolid-paper/benchmarks/ed25519-099d19c/batchverify,wit-constr-diff,chunkedmul.circom,ChunkedMul,pp[15]:lt[16].in:out[16],Yes
zksolid-paper/benchmarks/ed25519-099d19c/batchverify,wit-constr-diff,chunkedmul.circom,ChunkedMul,pp[15]:lt[17].in:out[17],Yes
zksolid-paper/benchmarks/ed25519-099d19c/batchverify,wit-constr-diff,chunkedmul.circom,ChunkedMul,pp[15]:lt[19].in:out[19],Yes
zksolid-paper/benchmarks/ed25519-099d19c/batchverify,wit-constr-diff,chunkedmul.circom,ChunkedMul,pp[15]:lt[8].in:out[8],Yes
zksolid-paper/benchmarks/ed25519-099d19c/batchverify,wit-constr-diff,chunkedmul.circom,ChunkedMul,pp[160]:lt[19].in:out[19],Yes
zksolid-paper/benchmarks/ed25519-099d19c/batchverify,wit-constr-diff,chunkedmul.circom,ChunkedMul,pp[161]:lt[19].in:out[19],Yes
zksolid-paper/benchmarks/ed25519-099d19c/batchverify,wit-constr-diff,chunkedmul.circom,ChunkedMul,pp[162]:lt[19].in:out[19],Yes
zksolid-paper/benchmarks/ed25519-099d19c/batchverify,wit-constr-diff,chunkedmul.circom,ChunkedMul,pp[163]:lt[19].in:out[19],Yes
zksolid-paper/benchmarks/ed25519-099d19c/batchverify,wit-constr-diff,chunkedmul.circom,ChunkedMul,pp[164]:lt[19].in:out[19],Yes
zksolid-paper/benchmarks/ed25519-099d19c/batchverify,wit-constr-diff,chunkedmul.circom,ChunkedMul,pp[165]:lt[19].in:out[19],Yes
zksolid-paper/benchmarks/ed25519-099d19c/batchverify,wit-constr-diff,chunkedmul.circom,ChunkedMul,pp[166]:lt[19].in:out[19],Yes
zksolid-paper/benchmarks/ed25519-099d19c/batchverify,wit-constr-diff,chunkedmul.circom,ChunkedMul,pp[167]:lt[19].in:out[19],Yes
zksolid-paper/benchmarks/ed25519-099d19c/batchverify,wit-constr-diff,chunkedmul.circom,ChunkedMul,pp[168]:lt[19].in:out[19],Yes
zksolid-paper/benchmarks/ed25519-099d19c/batchverify,wit-constr-diff,chunkedmul.circom,ChunkedMul,pp[169]:lt[19].in:out[19],Yes
zksolid-paper/benchmarks/ed25519-099d19c/batchverify,wit-constr-diff,chunkedmul.circom,ChunkedMul,pp[16]:lt[13].in:out[13],Yes
zksolid-paper/benchmarks/ed25519-099d19c/batchverify,wit-constr-diff,chunkedmul.circom,ChunkedMul,pp[16]:lt[16].in:out[16],Yes
zksolid-paper/benchmarks/ed25519-099d19c/batchverify,wit-constr-diff,chunkedmul.circom,ChunkedMul,pp[16]:lt[17].in:out[17],Yes
zksolid-paper/benchmarks/ed25519-099d19c/batchverify,wit-constr-diff,chunkedmul.circom,ChunkedMul,pp[16]:lt[19].in:out[19],Yes
zksolid-paper/benchmarks/ed25519-099d19c/batchverify,wit-constr-diff,chunkedmul.circom,ChunkedMul,pp[16]:lt[8].in:out[8],Yes
zksolid-paper/benchmarks/ed25519-099d19c/batchverify,wit-constr-diff,chunkedmul.circom,ChunkedMul,pp[170]:lt[19].in:out[19],Yes
zksolid-paper/benchmarks/ed25519-099d19c/batchverify,wit-constr-diff,chunkedmul.circom,ChunkedMul,pp[171]:lt[19].in:out[19],Yes
zksolid-paper/benchmarks/ed25519-099d19c/batchverify,wit-constr-diff,chunkedmul.circom,ChunkedMul,pp[172]:lt[19].in:out[19],Yes
zksolid-paper/benchmarks/ed25519-099d19c/batchverify,wit-constr-diff,chunkedmul.circom,ChunkedMul,pp[173]:lt[19].in:out[19],Yes
zksolid-paper/benchmarks/ed25519-099d19c/batchverify,wit-constr-diff,chunkedmul.circom,ChunkedMul,pp[174]:lt[19].in:out[19],Yes
zksolid-paper/benchmarks/ed25519-099d19c/batchverify,wit-constr-diff,chunkedmul.circom,ChunkedMul,pp[175]:lt[19].in:out[19],Yes
zksolid-paper/benchmarks/ed25519-099d19c/batchverify,wit-constr-diff,chunkedmul.circom,ChunkedMul,pp[176]:lt[19].in:out[19],Yes
zksolid-paper/benchmarks/ed25519-099d19c/batchverify,wit-constr-diff,chunkedmul.circom,ChunkedMul,pp[177]:lt[19].in:out[19],Yes
zksolid-paper/benchmarks/ed25519-099d19c/batchverify,wit-constr-diff,chunkedmul.circom,ChunkedMul,pp[178]:lt[19].in:out[19],Yes
zksolid-paper/benchmarks/ed25519-099d19c/batchverify,wit-constr-diff,chunkedmul.circom,ChunkedMul,pp[179]:lt[19].in:out[19],Yes
zksolid-paper/benchmarks/ed25519-099d19c/batchverify,wit-constr-diff,chunkedmul.circom,ChunkedMul,pp[17]:lt[13].in:out[13],Yes
zksolid-paper/benchmarks/ed25519-099d19c/batchverify,wit-constr-diff,chunkedmul.circom,ChunkedMul,pp[17]:lt[16].in:out[16],Yes
zksolid-paper/benchmarks/ed25519-099d19c/batchverify,wit-constr-diff,chunkedmul.circom,ChunkedMul,pp[17]:lt[19].in:out[19],Yes
zksolid-paper/benchmarks/ed25519-099d19c/batchverify,wit-constr-diff,chunkedmul.circom,ChunkedMul,pp[17]:lt[8].in:out[8],Yes
zksolid-paper/benchmarks/ed25519-099d19c/batchverify,wit-constr-diff,chunkedmul.circom,ChunkedMul,pp[180]:lt[19].in:out[19],Yes
zksolid-paper/benchmarks/ed25519-099d19c/batchverify,wit-constr-diff,chunkedmul.circom,ChunkedMul,pp[181]:lt[19].in:out[19],Yes
zksolid-paper/benchmarks/ed25519-099d19c/batchverify,wit-constr-diff,chunkedmul.circom,ChunkedMul,pp[182]:lt[19].in:out[19],Yes
zksolid-paper/benchmarks/ed25519-099d19c/batchverify,wit-constr-diff,chunkedmul.circom,ChunkedMul,pp[183]:lt[19].in:out[19],Yes
zksolid-paper/benchmarks/ed25519-099d19c/batchverify,wit-constr-diff,chunkedmul.circom,ChunkedMul,pp[184]:lt[19].in:out[19],Yes
zksolid-paper/benchmarks/ed25519-099d19c/batchverify,wit-constr-diff,chunkedmul.circom,ChunkedMul,pp[185]:lt[19].in:out[19],Yes
zksolid-paper/benchmarks/ed25519-099d19c/batchverify,wit-constr-diff,chunkedmul.circom,ChunkedMul,pp[186]:lt[19].in:out[19],Yes
zksolid-paper/benchmarks/ed25519-099d19c/batchverify,wit-constr-diff,chunkedmul.circom,ChunkedMul,pp[187]:lt[19].in:out[19],Yes
zksolid-paper/benchmarks/ed25519-099d19c/batchverify,wit-constr-diff,chunkedmul.circom,ChunkedMul,pp[188]:lt[19].in:out[19],Yes
zksolid-paper/benchmarks/ed25519-099d19c/batchverify,wit-constr-diff,chunkedmul.circom,ChunkedMul,pp[189]:lt[19].in:out[19],Yes
zksolid-paper/benchmarks/ed25519-099d19c/batchverify,wit-constr-diff,chunkedmul.circom,ChunkedMul,pp[18]:lt[13].in:out[13],Yes
zksolid-paper/benchmarks/ed25519-099d19c/batchverify,wit-constr-diff,chunkedmul.circom,ChunkedMul,pp[18]:lt[16].in:out[16],Yes
zksolid-paper/benchmarks/ed25519-099d19c/batchverify,wit-constr-diff,chunkedmul.circom,ChunkedMul,pp[18]:lt[19].in:out[19],Yes
zksolid-paper/benchmarks/ed25519-099d19c/batchverify,wit-constr-diff,chunkedmul.circom,ChunkedMul,pp[18]:lt[8].in:out[8],Yes
zksolid-paper/benchmarks/ed25519-099d19c/batchverify,wit-constr-diff,chunkedmul.circom,ChunkedMul,pp[19]:lt[13].in:out[13],Yes
zksolid-paper/benchmarks/ed25519-099d19c/batchverify,wit-constr-diff,chunkedmul.circom,ChunkedMul,pp[19]:lt[16].in:out[16],Yes
zksolid-paper/benchmarks/ed25519-099d19c/batchverify,wit-constr-diff,chunkedmul.circom,ChunkedMul,pp[19]:lt[19].in:out[19],Yes
zksolid-paper/benchmarks/ed25519-099d19c/batchverify,wit-constr-diff,chunkedmul.circom,ChunkedMul,pp[19]:lt[8].in:out[8],Yes
zksolid-paper/benchmarks/ed25519-099d19c/batchverify,wit-constr-diff,chunkedmul.circom,ChunkedMul,pp[1]:lt[10].in:out[10],Yes
zksolid-paper/benchmarks/ed25519-099d19c/batchverify,wit-constr-diff,chunkedmul.circom,ChunkedMul,pp[1]:lt[11].in:out[11],Yes
zksolid-paper/benchmarks/ed25519-099d19c/batchverify,wit-constr-diff,chunkedmul.circom,ChunkedMul,pp[1]:lt[12].in:out[12],Yes
zksolid-paper/benchmarks/ed25519-099d19c/batchverify,wit-constr-diff,chunkedmul.circom,ChunkedMul,pp[1]:lt[13].in:out[13],Yes
zksolid-paper/benchmarks/ed25519-099d19c/batchverify,wit-constr-diff,chunkedmul.circom,ChunkedMul,pp[1]:lt[14].in:out[14],Yes
zksolid-paper/benchmarks/ed25519-099d19c/batchverify,wit-constr-diff,chunkedmul.circom,ChunkedMul,pp[1]:lt[15].in:out[15],Yes
zksolid-paper/benchmarks/ed25519-099d19c/batchverify,wit-constr-diff,chunkedmul.circom,ChunkedMul,pp[1]:lt[16].in:out[16],Yes
zksolid-paper/benchmarks/ed25519-099d19c/batchverify,wit-constr-diff,chunkedmul.circom,ChunkedMul,pp[1]:lt[17].in:out[17],Yes
zksolid-paper/benchmarks/ed25519-099d19c/batchverify,wit-constr-diff,chunkedmul.circom,ChunkedMul,pp[1]:lt[19].in:out[19],Yes
zksolid-paper/benchmarks/ed25519-099d19c/batchverify,wit-constr-diff,chunkedmul.circom,ChunkedMul,pp[1]:lt[2].in:out[2],Yes
zksolid-paper/benchmarks/ed25519-099d19c/batchverify,wit-constr-diff,chunkedmul.circom,ChunkedMul,pp[1]:lt[3].in:out[3],Yes
zksolid-paper/benchmarks/ed25519-099d19c/batchverify,wit-constr-diff,chunkedmul.circom,ChunkedMul,pp[1]:lt[4].in:out[4],Yes
zksolid-paper/benchmarks/ed25519-099d19c/batchverify,wit-constr-diff,chunkedmul.circom,ChunkedMul,pp[1]:lt[5].in:out[5],Yes
zksolid-paper/benchmarks/ed25519-099d19c/batchverify,wit-constr-diff,chunkedmul.circom,ChunkedMul,pp[1]:lt[6].in:out[6],Yes
zksolid-paper/benchmarks/ed25519-099d19c/batchverify,wit-constr-diff,chunkedmul.circom,ChunkedMul,pp[1]:lt[7].in:out[7],Yes
zksolid-paper/benchmarks/ed25519-099d19c/batchverify,wit-constr-diff,chunkedmul.circom,ChunkedMul,pp[1]:lt[8].in:out[8],Yes
zksolid-paper/benchmarks/ed25519-099d19c/batchverify,wit-constr-diff,chunkedmul.circom,ChunkedMul,pp[1]:lt[9].in:out[9],Yes
zksolid-paper/benchmarks/ed25519-099d19c/batchverify,wit-constr-diff,chunkedmul.circom,ChunkedMul,pp[20]:lt[13].in:out[13],Yes
zksolid-paper/benchmarks/ed25519-099d19c/batchverify,wit-constr-diff,chunkedmul.circom,ChunkedMul,pp[20]:lt[16].in:out[16],Yes
zksolid-paper/benchmarks/ed25519-099d19c/batchverify,wit-constr-diff,chunkedmul.circom,ChunkedMul,pp[20]:lt[19].in:out[19],Yes
zksolid-paper/benchmarks/ed25519-099d19c/batchverify,wit-constr-diff,chunkedmul.circom,ChunkedMul,pp[20]:lt[8].in:out[8],Yes
zksolid-paper/benchmarks/ed25519-099d19c/batchverify,wit-constr-diff,chunkedmul.circom,ChunkedMul,pp[21]:lt[13].in:out[13],Yes
zksolid-paper/benchmarks/ed25519-099d19c/batchverify,wit-constr-diff,chunkedmul.circom,ChunkedMul,pp[21]:lt[16].in:out[16],Yes
zksolid-paper/benchmarks/ed25519-099d19c/batchverify,wit-constr-diff,chunkedmul.circom,ChunkedMul,pp[21]:lt[19].in:out[19],Yes
zksolid-paper/benchmarks/ed25519-099d19c/batchverify,wit-constr-diff,chunkedmul.circom,ChunkedMul,pp[21]:lt[8].in:out[8],Yes
zksolid-paper/benchmarks/ed25519-099d19c/batchverify,wit-constr-diff,chunkedmul.circom,ChunkedMul,pp[22]:lt[13].in:out[13],Yes
zksolid-paper/benchmarks/ed25519-099d19c/batchverify,wit-constr-diff,chunkedmul.circom,ChunkedMul,pp[22]:lt[16].in:out[16],Yes
zksolid-paper/benchmarks/ed25519-099d19c/batchverify,wit-constr-diff,chunkedmul.circom,ChunkedMul,pp[22]:lt[19].in:out[19],Yes
zksolid-paper/benchmarks/ed25519-099d19c/batchverify,wit-constr-diff,chunkedmul.circom,ChunkedMul,pp[22]:lt[8].in:out[8],Yes
zksolid-paper/benchmarks/ed25519-099d19c/batchverify,wit-constr-diff,chunkedmul.circom,ChunkedMul,pp[23]:lt[13].in:out[13],Yes
zksolid-paper/benchmarks/ed25519-099d19c/batchverify,wit-constr-diff,chunkedmul.circom,ChunkedMul,pp[23]:lt[16].in:out[16],Yes
zksolid-paper/benchmarks/ed25519-099d19c/batchverify,wit-constr-diff,chunkedmul.circom,ChunkedMul,pp[23]:lt[19].in:out[19],Yes
zksolid-paper/benchmarks/ed25519-099d19c/batchverify,wit-constr-diff,chunkedmul.circom,ChunkedMul,pp[23]:lt[8].in:out[8],Yes
zksolid-paper/benchmarks/ed25519-099d19c/batchverify,wit-constr-diff,chunkedmul.circom,ChunkedMul,pp[24]:lt[13].in:out[13],Yes
zksolid-paper/benchmarks/ed25519-099d19c/batchverify,wit-constr-diff,chunkedmul.circom,ChunkedMul,pp[24]:lt[16].in:out[16],Yes
zksolid-paper/benchmarks/ed25519-099d19c/batchverify,wit-constr-diff,chunkedmul.circom,ChunkedMul,pp[24]:lt[19].in:out[19],Yes
zksolid-paper/benchmarks/ed25519-099d19c/batchverify,wit-constr-diff,chunkedmul.circom,ChunkedMul,pp[25]:lt[13].in:out[13],Yes
zksolid-paper/benchmarks/ed25519-099d19c/batchverify,wit-constr-diff,chunkedmul.circom,ChunkedMul,pp[25]:lt[16].in:out[16],Yes
zksolid-paper/benchmarks/ed25519-099d19c/batchverify,wit-constr-diff,chunkedmul.circom,ChunkedMul,pp[25]:lt[19].in:out[19],Yes
zksolid-paper/benchmarks/ed25519-099d19c/batchverify,wit-constr-diff,chunkedmul.circom,ChunkedMul,pp[26]:lt[13].in:out[13],Yes
zksolid-paper/benchmarks/ed25519-099d19c/batchverify,wit-constr-diff,chunkedmul.circom,ChunkedMul,pp[26]:lt[16].in:out[16],Yes
zksolid-paper/benchmarks/ed25519-099d19c/batchverify,wit-constr-diff,chunkedmul.circom,ChunkedMul,pp[26]:lt[19].in:out[19],Yes
zksolid-paper/benchmarks/ed25519-099d19c/batchverify,wit-constr-diff,chunkedmul.circom,ChunkedMul,pp[27]:lt[13].in:out[13],Yes
zksolid-paper/benchmarks/ed25519-099d19c/batchverify,wit-constr-diff,chunkedmul.circom,ChunkedMul,pp[27]:lt[16].in:out[16],Yes
zksolid-paper/benchmarks/ed25519-099d19c/batchverify,wit-constr-diff,chunkedmul.circom,ChunkedMul,pp[27]:lt[19].in:out[19],Yes
zksolid-paper/benchmarks/ed25519-099d19c/batchverify,wit-constr-diff,chunkedmul.circom,ChunkedMul,pp[28]:lt[13].in:out[13],Yes
zksolid-paper/benchmarks/ed25519-099d19c/batchverify,wit-constr-diff,chunkedmul.circom,ChunkedMul,pp[28]:lt[16].in:out[16],Yes
zksolid-paper/benchmarks/ed25519-099d19c/batchverify,wit-constr-diff,chunkedmul.circom,ChunkedMul,pp[28]:lt[19].in:out[19],Yes
zksolid-paper/benchmarks/ed25519-099d19c/batchverify,wit-constr-diff,chunkedmul.circom,ChunkedMul,pp[29]:lt[13].in:out[13],Yes
zksolid-paper/benchmarks/ed25519-099d19c/batchverify,wit-constr-diff,chunkedmul.circom,ChunkedMul,pp[29]:lt[16].in:out[16],Yes
zksolid-paper/benchmarks/ed25519-099d19c/batchverify,wit-constr-diff,chunkedmul.circom,ChunkedMul,pp[29]:lt[19].in:out[19],Yes
zksolid-paper/benchmarks/ed25519-099d19c/batchverify,wit-constr-diff,chunkedmul.circom,ChunkedMul,pp[2]:lt[10].in:out[10],Yes
zksolid-paper/benchmarks/ed25519-099d19c/batchverify,wit-constr-diff,chunkedmul.circom,ChunkedMul,pp[2]:lt[11].in:out[11],Yes
zksolid-paper/benchmarks/ed25519-099d19c/batchverify,wit-constr-diff,chunkedmul.circom,ChunkedMul,pp[2]:lt[12].in:out[12],Yes
zksolid-paper/benchmarks/ed25519-099d19c/batchverify,wit-constr-diff,chunkedmul.circom,ChunkedMul,pp[2]:lt[13].in:out[13],Yes
zksolid-paper/benchmarks/ed25519-099d19c/batchverify,wit-constr-diff,chunkedmul.circom,ChunkedMul,pp[2]:lt[14].in:out[14],Yes
zksolid-paper/benchmarks/ed25519-099d19c/batchverify,wit-constr-diff,chunkedmul.circom,ChunkedMul,pp[2]:lt[15].in:out[15],Yes
zksolid-paper/benchmarks/ed25519-099d19c/batchverify,wit-constr-diff,chunkedmul.circom,ChunkedMul,pp[2]:lt[16].in:out[16],Yes
zksolid-paper/benchmarks/ed25519-099d19c/batchverify,wit-constr-diff,chunkedmul.circom,ChunkedMul,pp[2]:lt[17].in:out[17],Yes
zksolid-paper/benchmarks/ed25519-099d19c/batchverify,wit-constr-diff,chunkedmul.circom,ChunkedMul,pp[2]:lt[19].in:out[19],Yes
zksolid-paper/benchmarks/ed25519-099d19c/batchverify,wit-constr-diff,chunkedmul.circom,ChunkedMul,pp[2]:lt[3].in:out[3],Yes
zksolid-paper/benchmarks/ed25519-099d19c/batchverify,wit-constr-diff,chunkedmul.circom,ChunkedMul,pp[2]:lt[4].in:out[4],Yes
zksolid-paper/benchmarks/ed25519-099d19c/batchverify,wit-constr-diff,chunkedmul.circom,ChunkedMul,pp[2]:lt[5].in:out[5],Yes
zksolid-paper/benchmarks/ed25519-099d19c/batchverify,wit-constr-diff,chunkedmul.circom,ChunkedMul,pp[2]:lt[6].in:out[6],Yes
zksolid-paper/benchmarks/ed25519-099d19c/batchverify,wit-constr-diff,chunkedmul.circom,ChunkedMul,pp[2]:lt[7].in:out[7],Yes
zksolid-paper/benchmarks/ed25519-099d19c/batchverify,wit-constr-diff,chunkedmul.circom,ChunkedMul,pp[2]:lt[8].in:out[8],Yes
zksolid-paper/benchmarks/ed25519-099d19c/batchverify,wit-constr-diff,chunkedmul.circom,ChunkedMul,pp[2]:lt[9].in:out[9],Yes
zksolid-paper/benchmarks/ed25519-099d19c/batchverify,wit-constr-diff,chunkedmul.circom,ChunkedMul,pp[30]:lt[13].in:out[13],Yes
zksolid-paper/benchmarks/ed25519-099d19c/batchverify,wit-constr-diff,chunkedmul.circom,ChunkedMul,pp[30]:lt[16].in:out[16],Yes
zksolid-paper/benchmarks/ed25519-099d19c/batchverify,wit-constr-diff,chunkedmul.circom,ChunkedMul,pp[30]:lt[19].in:out[19],Yes
zksolid-paper/benchmarks/ed25519-099d19c/batchverify,wit-constr-diff,chunkedmul.circom,ChunkedMul,pp[31]:lt[13].in:out[13],Yes
zksolid-paper/benchmarks/ed25519-099d19c/batchverify,wit-constr-diff,chunkedmul.circom,ChunkedMul,pp[31]:lt[16].in:out[16],Yes
zksolid-paper/benchmarks/ed25519-099d19c/batchverify,wit-constr-diff,chunkedmul.circom,ChunkedMul,pp[31]:lt[19].in:out[19],Yes
zksolid-paper/benchmarks/ed25519-099d19c/batchverify,wit-constr-diff,chunkedmul.circom,ChunkedMul,pp[32]:lt[13].in:out[13],Yes
zksolid-paper/benchmarks/ed25519-099d19c/batchverify,wit-constr-diff,chunkedmul.circom,ChunkedMul,pp[32]:lt[16].in:out[16],Yes
zksolid-paper/benchmarks/ed25519-099d19c/batchverify,wit-constr-diff,chunkedmul.circom,ChunkedMul,pp[32]:lt[19].in:out[19],Yes
zksolid-paper/benchmarks/ed25519-099d19c/batchverify,wit-constr-diff,chunkedmul.circom,ChunkedMul,pp[33]:lt[13].in:out[13],Yes
zksolid-paper/benchmarks/ed25519-099d19c/batchverify,wit-constr-diff,chunkedmul.circom,ChunkedMul,pp[33]:lt[16].in:out[16],Yes
zksolid-paper/benchmarks/ed25519-099d19c/batchverify,wit-constr-diff,chunkedmul.circom,ChunkedMul,pp[33]:lt[19].in:out[19],Yes
zksolid-paper/benchmarks/ed25519-099d19c/batchverify,wit-constr-diff,chunkedmul.circom,ChunkedMul,pp[34]:lt[13].in:out[13],Yes
zksolid-paper/benchmarks/ed25519-099d19c/batchverify,wit-constr-diff,chunkedmul.circom,ChunkedMul,pp[34]:lt[16].in:out[16],Yes
zksolid-paper/benchmarks/ed25519-099d19c/batchverify,wit-constr-diff,chunkedmul.circom,ChunkedMul,pp[34]:lt[19].in:out[19],Yes
zksolid-paper/benchmarks/ed25519-099d19c/batchverify,wit-constr-diff,chunkedmul.circom,ChunkedMul,pp[35]:lt[13].in:out[13],Yes
zksolid-paper/benchmarks/ed25519-099d19c/batchverify,wit-constr-diff,chunkedmul.circom,ChunkedMul,pp[35]:lt[16].in:out[16],Yes
zksolid-paper/benchmarks/ed25519-099d19c/batchverify,wit-constr-diff,chunkedmul.circom,ChunkedMul,pp[35]:lt[19].in:out[19],Yes
zksolid-paper/benchmarks/ed25519-099d19c/batchverify,wit-constr-diff,chunkedmul.circom,ChunkedMul,pp[36]:lt[13].in:out[13],Yes
zksolid-paper/benchmarks/ed25519-099d19c/batchverify,wit-constr-diff,chunkedmul.circom,ChunkedMul,pp[36]:lt[16].in:out[16],Yes
zksolid-paper/benchmarks/ed25519-099d19c/batchverify,wit-constr-diff,chunkedmul.circom,ChunkedMul,pp[36]:lt[19].in:out[19],Yes
zksolid-paper/benchmarks/ed25519-099d19c/batchverify,wit-constr-diff,chunkedmul.circom,ChunkedMul,pp[37]:lt[13].in:out[13],Yes
zksolid-paper/benchmarks/ed25519-099d19c/batchverify,wit-constr-diff,chunkedmul.circom,ChunkedMul,pp[37]:lt[16].in:out[16],Yes
zksolid-paper/benchmarks/ed25519-099d19c/batchverify,wit-constr-diff,chunkedmul.circom,ChunkedMul,pp[37]:lt[19].in:out[19],Yes
zksolid-paper/benchmarks/ed25519-099d19c/batchverify,wit-constr-diff,chunkedmul.circom,ChunkedMul,pp[38]:lt[13].in:out[13],Yes
zksolid-paper/benchmarks/ed25519-099d19c/batchverify,wit-constr-diff,chunkedmul.circom,ChunkedMul,pp[38]:lt[16].in:out[16],Yes
zksolid-paper/benchmarks/ed25519-099d19c/batchverify,wit-constr-diff,chunkedmul.circom,ChunkedMul,pp[38]:lt[19].in:out[19],Yes
zksolid-paper/benchmarks/ed25519-099d19c/batchverify,wit-constr-diff,chunkedmul.circom,ChunkedMul,pp[39]:lt[13].in:out[13],Yes
zksolid-paper/benchmarks/ed25519-099d19c/batchverify,wit-constr-diff,chunkedmul.circom,ChunkedMul,pp[39]:lt[16].in:out[16],Yes
zksolid-paper/benchmarks/ed25519-099d19c/batchverify,wit-constr-diff,chunkedmul.circom,ChunkedMul,pp[39]:lt[19].in:out[19],Yes
zksolid-paper/benchmarks/ed25519-099d19c/batchverify,wit-constr-diff,chunkedmul.circom,ChunkedMul,pp[3]:lt[10].in:out[10],Yes
zksolid-paper/benchmarks/ed25519-099d19c/batchverify,wit-constr-diff,chunkedmul.circom,ChunkedMul,pp[3]:lt[11].in:out[11],Yes
zksolid-paper/benchmarks/ed25519-099d19c/batchverify,wit-constr-diff,chunkedmul.circom,ChunkedMul,pp[3]:lt[12].in:out[12],Yes
zksolid-paper/benchmarks/ed25519-099d19c/batchverify,wit-constr-diff,chunkedmul.circom,ChunkedMul,pp[3]:lt[13].in:out[13],Yes
zksolid-paper/benchmarks/ed25519-099d19c/batchverify,wit-constr-diff,chunkedmul.circom,ChunkedMul,pp[3]:lt[14].in:out[14],Yes
zksolid-paper/benchmarks/ed25519-099d19c/batchverify,wit-constr-diff,chunkedmul.circom,ChunkedMul,pp[3]:lt[15].in:out[15],Yes
zksolid-paper/benchmarks/ed25519-099d19c/batchverify,wit-constr-diff,chunkedmul.circom,ChunkedMul,pp[3]:lt[16].in:out[16],Yes
zksolid-paper/benchmarks/ed25519-099d19c/batchverify,wit-constr-diff,chunkedmul.circom,ChunkedMul,pp[3]:lt[17].in:out[17],Yes
zksolid-paper/benchmarks/ed25519-099d19c/batchverify,wit-constr-diff,chunkedmul.circom,ChunkedMul,pp[3]:lt[19].in:out[19],Yes
zksolid-paper/benchmarks/ed25519-099d19c/batchverify,wit-constr-diff,chunkedmul.circom,ChunkedMul,pp[3]:lt[4].in:out[4],Yes
zksolid-paper/benchmarks/ed25519-099d19c/batchverify,wit-constr-diff,chunkedmul.circom,ChunkedMul,pp[3]:lt[5].in:out[5],Yes
zksolid-paper/benchmarks/ed25519-099d19c/batchverify,wit-constr-diff,chunkedmul.circom,ChunkedMul,pp[3]:lt[6].in:out[6],Yes
zksolid-paper/benchmarks/ed25519-099d19c/batchverify,wit-constr-diff,chunkedmul.circom,ChunkedMul,pp[3]:lt[7].in:out[7],Yes
zksolid-paper/benchmarks/ed25519-099d19c/batchverify,wit-constr-diff,chunkedmul.circom,ChunkedMul,pp[3]:lt[8].in:out[8],Yes
zksolid-paper/benchmarks/ed25519-099d19c/batchverify,wit-constr-diff,chunkedmul.circom,ChunkedMul,pp[3]:lt[9].in:out[9],Yes
zksolid-paper/benchmarks/ed25519-099d19c/batchverify,wit-constr-diff,chunkedmul.circom,ChunkedMul,pp[40]:lt[13].in:out[13],Yes
zksolid-paper/benchmarks/ed25519-099d19c/batchverify,wit-constr-diff,chunkedmul.circom,ChunkedMul,pp[40]:lt[16].in:out[16],Yes
zksolid-paper/benchmarks/ed25519-099d19c/batchverify,wit-constr-diff,chunkedmul.circom,ChunkedMul,pp[40]:lt[19].in:out[19],Yes
zksolid-paper/benchmarks/ed25519-099d19c/batchverify,wit-constr-diff,chunkedmul.circom,ChunkedMul,pp[41]:lt[13].in:out[13],Yes
zksolid-paper/benchmarks/ed25519-099d19c/batchverify,wit-constr-diff,chunkedmul.circom,ChunkedMul,pp[41]:lt[16].in:out[16],Yes
zksolid-paper/benchmarks/ed25519-099d19c/batchverify,wit-constr-diff,chunkedmul.circom,ChunkedMul,pp[41]:lt[19].in:out[19],Yes
zksolid-paper/benchmarks/ed25519-099d19c/batchverify,wit-constr-diff,chunkedmul.circom,ChunkedMul,pp[42]:lt[13].in:out[13],Yes
zksolid-paper/benchmarks/ed25519-099d19c/batchverify,wit-constr-diff,chunkedmul.circom,ChunkedMul,pp[42]:lt[16].in:out[16],Yes
zksolid-paper/benchmarks/ed25519-099d19c/batchverify,wit-constr-diff,chunkedmul.circom,ChunkedMul,pp[42]:lt[19].in:out[19],Yes
zksolid-paper/benchmarks/ed25519-099d19c/batchverify,wit-constr-diff,chunkedmul.circom,ChunkedMul,pp[43]:lt[13].in:out[13],Yes
zksolid-paper/benchmarks/ed25519-099d19c/batchverify,wit-constr-diff,chunkedmul.circom,ChunkedMul,pp[43]:lt[16].in:out[16],Yes
zksolid-paper/benchmarks/ed25519-099d19c/batchverify,wit-constr-diff,chunkedmul.circom,ChunkedMul,pp[43]:lt[19].in:out[19],Yes
zksolid-paper/benchmarks/ed25519-099d19c/batchverify,wit-constr-diff,chunkedmul.circom,ChunkedMul,pp[44]:lt[13].in:out[13],Yes
zksolid-paper/benchmarks/ed25519-099d19c/batchverify,wit-constr-diff,chunkedmul.circom,ChunkedMul,pp[44]:lt[16].in:out[16],Yes
zksolid-paper/benchmarks/ed25519-099d19c/batchverify,wit-constr-diff,chunkedmul.circom,ChunkedMul,pp[44]:lt[19].in:out[19],Yes
zksolid-paper/benchmarks/ed25519-099d19c/batchverify,wit-constr-diff,chunkedmul.circom,ChunkedMul,pp[45]:lt[13].in:out[13],Yes
zksolid-paper/benchmarks/ed25519-099d19c/batchverify,wit-constr-diff,chunkedmul.circom,ChunkedMul,pp[45]:lt[16].in:out[16],Yes
zksolid-paper/benchmarks/ed25519-099d19c/batchverify,wit-constr-diff,chunkedmul.circom,ChunkedMul,pp[45]:lt[19].in:out[19],Yes
zksolid-paper/benchmarks/ed25519-099d19c/batchverify,wit-constr-diff,chunkedmul.circom,ChunkedMul,pp[46]:lt[13].in:out[13],Yes
zksolid-paper/benchmarks/ed25519-099d19c/batchverify,wit-constr-diff,chunkedmul.circom,ChunkedMul,pp[46]:lt[16].in:out[16],Yes
zksolid-paper/benchmarks/ed25519-099d19c/batchverify,wit-constr-diff,chunkedmul.circom,ChunkedMul,pp[46]:lt[19].in:out[19],Yes
zksolid-paper/benchmarks/ed25519-099d19c/batchverify,wit-constr-diff,chunkedmul.circom,ChunkedMul,pp[47]:lt[13].in:out[13],Yes
zksolid-paper/benchmarks/ed25519-099d19c/batchverify,wit-constr-diff,chunkedmul.circom,ChunkedMul,pp[47]:lt[16].in:out[16],Yes
zksolid-paper/benchmarks/ed25519-099d19c/batchverify,wit-constr-diff,chunkedmul.circom,ChunkedMul,pp[47]:lt[19].in:out[19],Yes
zksolid-paper/benchmarks/ed25519-099d19c/batchverify,wit-constr-diff,chunkedmul.circom,ChunkedMul,pp[48]:lt[13].in:out[13],Yes
zksolid-paper/benchmarks/ed25519-099d19c/batchverify,wit-constr-diff,chunkedmul.circom,ChunkedMul,pp[48]:lt[16].in:out[16],Yes
zksolid-paper/benchmarks/ed25519-099d19c/batchverify,wit-constr-diff,chunkedmul.circom,ChunkedMul,pp[48]:lt[19].in:out[19],Yes
zksolid-paper/benchmarks/ed25519-099d19c/batchverify,wit-constr-diff,chunkedmul.circom,ChunkedMul,pp[49]:lt[13].in:out[13],Yes
zksolid-paper/benchmarks/ed25519-099d19c/batchverify,wit-constr-diff,chunkedmul.circom,ChunkedMul,pp[49]:lt[16].in:out[16],Yes
zksolid-paper/benchmarks/ed25519-099d19c/batchverify,wit-constr-diff,chunkedmul.circom,ChunkedMul,pp[49]:lt[19].in:out[19],Yes
zksolid-paper/benchmarks/ed25519-099d19c/batchverify,wit-constr-diff,chunkedmul.circom,ChunkedMul,pp[4]:lt[10].in:out[10],Yes
zksolid-paper/benchmarks/ed25519-099d19c/batchverify,wit-constr-diff,chunkedmul.circom,ChunkedMul,pp[4]:lt[11].in:out[11],Yes
zksolid-paper/benchmarks/ed25519-099d19c/batchverify,wit-constr-diff,chunkedmul.circom,ChunkedMul,pp[4]:lt[12].in:out[12],Yes
zksolid-paper/benchmarks/ed25519-099d19c/batchverify,wit-constr-diff,chunkedmul.circom,ChunkedMul,pp[4]:lt[13].in:out[13],Yes
zksolid-paper/benchmarks/ed25519-099d19c/batchverify,wit-constr-diff,chunkedmul.circom,ChunkedMul,pp[4]:lt[14].in:out[14],Yes
zksolid-paper/benchmarks/ed25519-099d19c/batchverify,wit-constr-diff,chunkedmul.circom,ChunkedMul,pp[4]:lt[15].in:out[15],Yes
zksolid-paper/benchmarks/ed25519-099d19c/batchverify,wit-constr-diff,chunkedmul.circom,ChunkedMul,pp[4]:lt[16].in:out[16],Yes
zksolid-paper/benchmarks/ed25519-099d19c/batchverify,wit-constr-diff,chunkedmul.circom,ChunkedMul,pp[4]:lt[17].in:out[17],Yes
zksolid-paper/benchmarks/ed25519-099d19c/batchverify,wit-constr-diff,chunkedmul.circom,ChunkedMul,pp[4]:lt[19].in:out[19],Yes
zksolid-paper/benchmarks/ed25519-099d19c/batchverify,wit-constr-diff,chunkedmul.circom,ChunkedMul,pp[4]:lt[5].in:out[5],Yes
zksolid-paper/benchmarks/ed25519-099d19c/batchverify,wit-constr-diff,chunkedmul.circom,ChunkedMul,pp[4]:lt[6].in:out[6],Yes
zksolid-paper/benchmarks/ed25519-099d19c/batchverify,wit-constr-diff,chunkedmul.circom,ChunkedMul,pp[4]:lt[7].in:out[7],Yes
zksolid-paper/benchmarks/ed25519-099d19c/batchverify,wit-constr-diff,chunkedmul.circom,ChunkedMul,pp[4]:lt[8].in:out[8],Yes
zksolid-paper/benchmarks/ed25519-099d19c/batchverify,wit-constr-diff,chunkedmul.circom,ChunkedMul,pp[4]:lt[9].in:out[9],Yes
zksolid-paper/benchmarks/ed25519-099d19c/batchverify,wit-constr-diff,chunkedmul.circom,ChunkedMul,pp[50]:lt[13].in:out[13],Yes
zksolid-paper/benchmarks/ed25519-099d19c/batchverify,wit-constr-diff,chunkedmul.circom,ChunkedMul,pp[50]:lt[16].in:out[16],Yes
zksolid-paper/benchmarks/ed25519-099d19c/batchverify,wit-constr-diff,chunkedmul.circom,ChunkedMul,pp[50]:lt[19].in:out[19],Yes
zksolid-paper/benchmarks/ed25519-099d19c/batchverify,wit-constr-diff,chunkedmul.circom,ChunkedMul,pp[51]:lt[13].in:out[13],Yes
zksolid-paper/benchmarks/ed25519-099d19c/batchverify,wit-constr-diff,chunkedmul.circom,ChunkedMul,pp[51]:lt[16].in:out[16],Yes
zksolid-paper/benchmarks/ed25519-099d19c/batchverify,wit-constr-diff,chunkedmul.circom,ChunkedMul,pp[51]:lt[19].in:out[19],Yes
zksolid-paper/benchmarks/ed25519-099d19c/batchverify,wit-constr-diff,chunkedmul.circom,ChunkedMul,pp[52]:lt[13].in:out[13],Yes
zksolid-paper/benchmarks/ed25519-099d19c/batchverify,wit-constr-diff,chunkedmul.circom,ChunkedMul,pp[52]:lt[16].in:out[16],Yes
zksolid-paper/benchmarks/ed25519-099d19c/batchverify,wit-constr-diff,chunkedmul.circom,ChunkedMul,pp[52]:lt[19].in:out[19],Yes
zksolid-paper/benchmarks/ed25519-099d19c/batchverify,wit-constr-diff,chunkedmul.circom,ChunkedMul,pp[53]:lt[13].in:out[13],Yes
zksolid-paper/benchmarks/ed25519-099d19c/batchverify,wit-constr-diff,chunkedmul.circom,ChunkedMul,pp[53]:lt[16].in:out[16],Yes
zksolid-paper/benchmarks/ed25519-099d19c/batchverify,wit-constr-diff,chunkedmul.circom,ChunkedMul,pp[53]:lt[19].in:out[19],Yes
zksolid-paper/benchmarks/ed25519-099d19c/batchverify,wit-constr-diff,chunkedmul.circom,ChunkedMul,pp[54]:lt[13].in:out[13],Yes
zksolid-paper/benchmarks/ed25519-099d19c/batchverify,wit-constr-diff,chunkedmul.circom,ChunkedMul,pp[54]:lt[16].in:out[16],Yes
zksolid-paper/benchmarks/ed25519-099d19c/batchverify,wit-constr-diff,chunkedmul.circom,ChunkedMul,pp[54]:lt[19].in:out[19],Yes
zksolid-paper/benchmarks/ed25519-099d19c/batchverify,wit-constr-diff,chunkedmul.circom,ChunkedMul,pp[55]:lt[13].in:out[13],Yes
zksolid-paper/benchmarks/ed25519-099d19c/batchverify,wit-constr-diff,chunkedmul.circom,ChunkedMul,pp[55]:lt[16].in:out[16],Yes
zksolid-paper/benchmarks/ed25519-099d19c/batchverify,wit-constr-diff,chunkedmul.circom,ChunkedMul,pp[55]:lt[19].in:out[19],Yes
zksolid-paper/benchmarks/ed25519-099d19c/batchverify,wit-constr-diff,chunkedmul.circom,ChunkedMul,pp[56]:lt[13].in:out[13],Yes
zksolid-paper/benchmarks/ed25519-099d19c/batchverify,wit-constr-diff,chunkedmul.circom,ChunkedMul,pp[56]:lt[16].in:out[16],Yes
zksolid-paper/benchmarks/ed25519-099d19c/batchverify,wit-constr-diff,chunkedmul.circom,ChunkedMul,pp[56]:lt[19].in:out[19],Yes
zksolid-paper/benchmarks/ed25519-099d19c/batchverify,wit-constr-diff,chunkedmul.circom,ChunkedMul,pp[57]:lt[13].in:out[13],Yes
zksolid-paper/benchmarks/ed25519-099d19c/batchverify,wit-constr-diff,chunkedmul.circom,ChunkedMul,pp[57]:lt[16].in:out[16],Yes
zksolid-paper/benchmarks/ed25519-099d19c/batchverify,wit-constr-diff,chunkedmul.circom,ChunkedMul,pp[57]:lt[19].in:out[19],Yes
zksolid-paper/benchmarks/ed25519-099d19c/batchverify,wit-constr-diff,chunkedmul.circom,ChunkedMul,pp[58]:lt[13].in:out[13],Yes
zksolid-paper/benchmarks/ed25519-099d19c/batchverify,wit-constr-diff,chunkedmul.circom,ChunkedMul,pp[58]:lt[16].in:out[16],Yes
zksolid-paper/benchmarks/ed25519-099d19c/batchverify,wit-constr-diff,chunkedmul.circom,ChunkedMul,pp[58]:lt[19].in:out[19],Yes
zksolid-paper/benchmarks/ed25519-099d19c/batchverify,wit-constr-diff,chunkedmul.circom,ChunkedMul,pp[59]:lt[13].in:out[13],Yes
zksolid-paper/benchmarks/ed25519-099d19c/batchverify,wit-constr-diff,chunkedmul.circom,ChunkedMul,pp[59]:lt[16].in:out[16],Yes
zksolid-paper/benchmarks/ed25519-099d19c/batchverify,wit-constr-diff,chunkedmul.circom,ChunkedMul,pp[59]:lt[19].in:out[19],Yes
zksolid-paper/benchmarks/ed25519-099d19c/batchverify,wit-constr-diff,chunkedmul.circom,ChunkedMul,pp[5]:lt[10].in:out[10],Yes
zksolid-paper/benchmarks/ed25519-099d19c/batchverify,wit-constr-diff,chunkedmul.circom,ChunkedMul,pp[5]:lt[11].in:out[11],Yes
zksolid-paper/benchmarks/ed25519-099d19c/batchverify,wit-constr-diff,chunkedmul.circom,ChunkedMul,pp[5]:lt[12].in:out[12],Yes
zksolid-paper/benchmarks/ed25519-099d19c/batchverify,wit-constr-diff,chunkedmul.circom,ChunkedMul,pp[5]:lt[13].in:out[13],Yes
zksolid-paper/benchmarks/ed25519-099d19c/batchverify,wit-constr-diff,chunkedmul.circom,ChunkedMul,pp[5]:lt[14].in:out[14],Yes
zksolid-paper/benchmarks/ed25519-099d19c/batchverify,wit-constr-diff,chunkedmul.circom,ChunkedMul,pp[5]:lt[15].in:out[15],Yes
zksolid-paper/benchmarks/ed25519-099d19c/batchverify,wit-constr-diff,chunkedmul.circom,ChunkedMul,pp[5]:lt[16].in:out[16],Yes
zksolid-paper/benchmarks/ed25519-099d19c/batchverify,wit-constr-diff,chunkedmul.circom,ChunkedMul,pp[5]:lt[17].in:out[17],Yes
zksolid-paper/benchmarks/ed25519-099d19c/batchverify,wit-constr-diff,chunkedmul.circom,ChunkedMul,pp[5]:lt[19].in:out[19],Yes
zksolid-paper/benchmarks/ed25519-099d19c/batchverify,wit-constr-diff,chunkedmul.circom,ChunkedMul,pp[5]:lt[5].in:out[5],Yes
zksolid-paper/benchmarks/ed25519-099d19c/batchverify,wit-constr-diff,chunkedmul.circom,ChunkedMul,pp[5]:lt[6].in:out[6],Yes
zksolid-paper/benchmarks/ed25519-099d19c/batchverify,wit-constr-diff,chunkedmul.circom,ChunkedMul,pp[5]:lt[7].in:out[7],Yes
zksolid-paper/benchmarks/ed25519-099d19c/batchverify,wit-constr-diff,chunkedmul.circom,ChunkedMul,pp[5]:lt[8].in:out[8],Yes
zksolid-paper/benchmarks/ed25519-099d19c/batchverify,wit-constr-diff,chunkedmul.circom,ChunkedMul,pp[5]:lt[9].in:out[9],Yes
zksolid-paper/benchmarks/ed25519-099d19c/batchverify,wit-constr-diff,chunkedmul.circom,ChunkedMul,pp[60]:lt[13].in:out[13],Yes
zksolid-paper/benchmarks/ed25519-099d19c/batchverify,wit-constr-diff,chunkedmul.circom,ChunkedMul,pp[60]:lt[16].in:out[16],Yes
zksolid-paper/benchmarks/ed25519-099d19c/batchverify,wit-constr-diff,chunkedmul.circom,ChunkedMul,pp[60]:lt[19].in:out[19],Yes
zksolid-paper/benchmarks/ed25519-099d19c/batchverify,wit-constr-diff,chunkedmul.circom,ChunkedMul,pp[61]:lt[13].in:out[13],Yes
zksolid-paper/benchmarks/ed25519-099d19c/batchverify,wit-constr-diff,chunkedmul.circom,ChunkedMul,pp[61]:lt[16].in:out[16],Yes
zksolid-paper/benchmarks/ed25519-099d19c/batchverify,wit-constr-diff,chunkedmul.circom,ChunkedMul,pp[61]:lt[19].in:out[19],Yes
zksolid-paper/benchmarks/ed25519-099d19c/batchverify,wit-constr-diff,chunkedmul.circom,ChunkedMul,pp[62]:lt[13].in:out[13],Yes
zksolid-paper/benchmarks/ed25519-099d19c/batchverify,wit-constr-diff,chunkedmul.circom,ChunkedMul,pp[62]:lt[16].in:out[16],Yes
zksolid-paper/benchmarks/ed25519-099d19c/batchverify,wit-constr-diff,chunkedmul.circom,ChunkedMul,pp[62]:lt[19].in:out[19],Yes
zksolid-paper/benchmarks/ed25519-099d19c/batchverify,wit-constr-diff,chunkedmul.circom,ChunkedMul,pp[63]:lt[13].in:out[13],Yes
zksolid-paper/benchmarks/ed25519-099d19c/batchverify,wit-constr-diff,chunkedmul.circom,ChunkedMul,pp[63]:lt[16].in:out[16],Yes
zksolid-paper/benchmarks/ed25519-099d19c/batchverify,wit-constr-diff,chunkedmul.circom,ChunkedMul,pp[63]:lt[19].in:out[19],Yes
zksolid-paper/benchmarks/ed25519-099d19c/batchverify,wit-constr-diff,chunkedmul.circom,ChunkedMul,pp[64]:lt[13].in:out[13],Yes
zksolid-paper/benchmarks/ed25519-099d19c/batchverify,wit-constr-diff,chunkedmul.circom,ChunkedMul,pp[64]:lt[16].in:out[16],Yes
zksolid-paper/benchmarks/ed25519-099d19c/batchverify,wit-constr-diff,chunkedmul.circom,ChunkedMul,pp[64]:lt[19].in:out[19],Yes
zksolid-paper/benchmarks/ed25519-099d19c/batchverify,wit-constr-diff,chunkedmul.circom,ChunkedMul,pp[65]:lt[13].in:out[13],Yes
zksolid-paper/benchmarks/ed25519-099d19c/batchverify,wit-constr-diff,chunkedmul.circom,ChunkedMul,pp[65]:lt[16].in:out[16],Yes
zksolid-paper/benchmarks/ed25519-099d19c/batchverify,wit-constr-diff,chunkedmul.circom,ChunkedMul,pp[65]:lt[19].in:out[19],Yes
zksolid-paper/benchmarks/ed25519-099d19c/batchverify,wit-constr-diff,chunkedmul.circom,ChunkedMul,pp[66]:lt[13].in:out[13],Yes
zksolid-paper/benchmarks/ed25519-099d19c/batchverify,wit-constr-diff,chunkedmul.circom,ChunkedMul,pp[66]:lt[16].in:out[16],Yes
zksolid-paper/benchmarks/ed25519-099d19c/batchverify,wit-constr-diff,chunkedmul.circom,ChunkedMul,pp[66]:lt[19].in:out[19],Yes
zksolid-paper/benchmarks/ed25519-099d19c/batchverify,wit-constr-diff,chunkedmul.circom,ChunkedMul,pp[67]:lt[13].in:out[13],Yes
zksolid-paper/benchmarks/ed25519-099d19c/batchverify,wit-constr-diff,chunkedmul.circom,ChunkedMul,pp[67]:lt[16].in:out[16],Yes
zksolid-paper/benchmarks/ed25519-099d19c/batchverify,wit-constr-diff,chunkedmul.circom,ChunkedMul,pp[67]:lt[19].in:out[19],Yes
zksolid-paper/benchmarks/ed25519-099d19c/batchverify,wit-constr-diff,chunkedmul.circom,ChunkedMul,pp[68]:lt[13].in:out[13],Yes
zksolid-paper/benchmarks/ed25519-099d19c/batchverify,wit-constr-diff,chunkedmul.circom,ChunkedMul,pp[68]:lt[16].in:out[16],Yes
zksolid-paper/benchmarks/ed25519-099d19c/batchverify,wit-constr-diff,chunkedmul.circom,ChunkedMul,pp[68]:lt[19].in:out[19],Yes
zksolid-paper/benchmarks/ed25519-099d19c/batchverify,wit-constr-diff,chunkedmul.circom,ChunkedMul,pp[69]:lt[13].in:out[13],Yes
zksolid-paper/benchmarks/ed25519-099d19c/batchverify,wit-constr-diff,chunkedmul.circom,ChunkedMul,pp[69]:lt[16].in:out[16],Yes
zksolid-paper/benchmarks/ed25519-099d19c/batchverify,wit-constr-diff,chunkedmul.circom,ChunkedMul,pp[69]:lt[19].in:out[19],Yes
zksolid-paper/benchmarks/ed25519-099d19c/batchverify,wit-constr-diff,chunkedmul.circom,ChunkedMul,pp[6]:lt[10].in:out[10],Yes
zksolid-paper/benchmarks/ed25519-099d19c/batchverify,wit-constr-diff,chunkedmul.circom,ChunkedMul,pp[6]:lt[11].in:out[11],Yes
zksolid-paper/benchmarks/ed25519-099d19c/batchverify,wit-constr-diff,chunkedmul.circom,ChunkedMul,pp[6]:lt[12].in:out[12],Yes
zksolid-paper/benchmarks/ed25519-099d19c/batchverify,wit-constr-diff,chunkedmul.circom,ChunkedMul,pp[6]:lt[13].in:out[13],Yes
zksolid-paper/benchmarks/ed25519-099d19c/batchverify,wit-constr-diff,chunkedmul.circom,ChunkedMul,pp[6]:lt[14].in:out[14],Yes
zksolid-paper/benchmarks/ed25519-099d19c/batchverify,wit-constr-diff,chunkedmul.circom,ChunkedMul,pp[6]:lt[15].in:out[15],Yes
zksolid-paper/benchmarks/ed25519-099d19c/batchverify,wit-constr-diff,chunkedmul.circom,ChunkedMul,pp[6]:lt[16].in:out[16],Yes
zksolid-paper/benchmarks/ed25519-099d19c/batchverify,wit-constr-diff,chunkedmul.circom,ChunkedMul,pp[6]:lt[17].in:out[17],Yes
zksolid-paper/benchmarks/ed25519-099d19c/batchverify,wit-constr-diff,chunkedmul.circom,ChunkedMul,pp[6]:lt[19].in:out[19],Yes
zksolid-paper/benchmarks/ed25519-099d19c/batchverify,wit-constr-diff,chunkedmul.circom,ChunkedMul,pp[6]:lt[5].in:out[5],Yes
zksolid-paper/benchmarks/ed25519-099d19c/batchverify,wit-constr-diff,chunkedmul.circom,ChunkedMul,pp[6]:lt[7].in:out[7],Yes
zksolid-paper/benchmarks/ed25519-099d19c/batchverify,wit-constr-diff,chunkedmul.circom,ChunkedMul,pp[6]:lt[8].in:out[8],Yes
zksolid-paper/benchmarks/ed25519-099d19c/batchverify,wit-constr-diff,chunkedmul.circom,ChunkedMul,pp[6]:lt[9].in:out[9],Yes
zksolid-paper/benchmarks/ed25519-099d19c/batchverify,wit-constr-diff,chunkedmul.circom,ChunkedMul,pp[70]:lt[13].in:out[13],Yes
zksolid-paper/benchmarks/ed25519-099d19c/batchverify,wit-constr-diff,chunkedmul.circom,ChunkedMul,pp[70]:lt[16].in:out[16],Yes
zksolid-paper/benchmarks/ed25519-099d19c/batchverify,wit-constr-diff,chunkedmul.circom,ChunkedMul,pp[70]:lt[19].in:out[19],Yes
zksolid-paper/benchmarks/ed25519-099d19c/batchverify,wit-constr-diff,chunkedmul.circom,ChunkedMul,pp[71]:lt[13].in:out[13],Yes
zksolid-paper/benchmarks/ed25519-099d19c/batchverify,wit-constr-diff,chunkedmul.circom,ChunkedMul,pp[71]:lt[16].in:out[16],Yes
zksolid-paper/benchmarks/ed25519-099d19c/batchverify,wit-constr-diff,chunkedmul.circom,ChunkedMul,pp[71]:lt[19].in:out[19],Yes
zksolid-paper/benchmarks/ed25519-099d19c/batchverify,wit-constr-diff,chunkedmul.circom,ChunkedMul,pp[72]:lt[13].in:out[13],Yes
zksolid-paper/benchmarks/ed25519-099d19c/batchverify,wit-constr-diff,chunkedmul.circom,ChunkedMul,pp[72]:lt[16].in:out[16],Yes
zksolid-paper/benchmarks/ed25519-099d19c/batchverify,wit-constr-diff,chunkedmul.circom,ChunkedMul,pp[72]:lt[19].in:out[19],Yes
zksolid-paper/benchmarks/ed25519-099d19c/batchverify,wit-constr-diff,chunkedmul.circom,ChunkedMul,pp[73]:lt[13].in:out[13],Yes
zksolid-paper/benchmarks/ed25519-099d19c/batchverify,wit-constr-diff,chunkedmul.circom,ChunkedMul,pp[73]:lt[16].in:out[16],Yes
zksolid-paper/benchmarks/ed25519-099d19c/batchverify,wit-constr-diff,chunkedmul.circom,ChunkedMul,pp[73]:lt[19].in:out[19],Yes
zksolid-paper/benchmarks/ed25519-099d19c/batchverify,wit-constr-diff,chunkedmul.circom,ChunkedMul,pp[74]:lt[13].in:out[13],Yes
zksolid-paper/benchmarks/ed25519-099d19c/batchverify,wit-constr-diff,chunkedmul.circom,ChunkedMul,pp[74]:lt[16].in:out[16],Yes
zksolid-paper/benchmarks/ed25519-099d19c/batchverify,wit-constr-diff,chunkedmul.circom,ChunkedMul,pp[74]:lt[19].in:out[19],Yes
zksolid-paper/benchmarks/ed25519-099d19c/batchverify,wit-constr-diff,chunkedmul.circom,ChunkedMul,pp[75]:lt[13].in:out[13],Yes
zksolid-paper/benchmarks/ed25519-099d19c/batchverify,wit-constr-diff,chunkedmul.circom,ChunkedMul,pp[75]:lt[16].in:out[16],Yes
zksolid-paper/benchmarks/ed25519-099d19c/batchverify,wit-constr-diff,chunkedmul.circom,ChunkedMul,pp[75]:lt[19].in:out[19],Yes
zksolid-paper/benchmarks/ed25519-099d19c/batchverify,wit-constr-diff,chunkedmul.circom,ChunkedMul,pp[76]:lt[13].in:out[13],Yes
zksolid-paper/benchmarks/ed25519-099d19c/batchverify,wit-constr-diff,chunkedmul.circom,ChunkedMul,pp[76]:lt[16].in:out[16],Yes
zksolid-paper/benchmarks/ed25519-099d19c/batchverify,wit-constr-diff,chunkedmul.circom,ChunkedMul,pp[76]:lt[19].in:out[19],Yes
zksolid-paper/benchmarks/ed25519-099d19c/batchverify,wit-constr-diff,chunkedmul.circom,ChunkedMul,pp[77]:lt[13].in:out[13],Yes
zksolid-paper/benchmarks/ed25519-099d19c/batchverify,wit-constr-diff,chunkedmul.circom,ChunkedMul,pp[77]:lt[16].in:out[16],Yes
zksolid-paper/benchmarks/ed25519-099d19c/batchverify,wit-constr-diff,chunkedmul.circom,ChunkedMul,pp[77]:lt[19].in:out[19],Yes
zksolid-paper/benchmarks/ed25519-099d19c/batchverify,wit-constr-diff,chunkedmul.circom,ChunkedMul,pp[78]:lt[13].in:out[13],Yes
zksolid-paper/benchmarks/ed25519-099d19c/batchverify,wit-constr-diff,chunkedmul.circom,ChunkedMul,pp[78]:lt[16].in:out[16],Yes
zksolid-paper/benchmarks/ed25519-099d19c/batchverify,wit-constr-diff,chunkedmul.circom,ChunkedMul,pp[78]:lt[19].in:out[19],Yes
zksolid-paper/benchmarks/ed25519-099d19c/batchverify,wit-constr-diff,chunkedmul.circom,ChunkedMul,pp[79]:lt[13].in:out[13],Yes
zksolid-paper/benchmarks/ed25519-099d19c/batchverify,wit-constr-diff,chunkedmul.circom,ChunkedMul,pp[79]:lt[16].in:out[16],Yes
zksolid-paper/benchmarks/ed25519-099d19c/batchverify,wit-constr-diff,chunkedmul.circom,ChunkedMul,pp[79]:lt[19].in:out[19],Yes
zksolid-paper/benchmarks/ed25519-099d19c/batchverify,wit-constr-diff,chunkedmul.circom,ChunkedMul,pp[7]:lt[10].in:out[10],Yes
zksolid-paper/benchmarks/ed25519-099d19c/batchverify,wit-constr-diff,chunkedmul.circom,ChunkedMul,pp[7]:lt[11].in:out[11],Yes
zksolid-paper/benchmarks/ed25519-099d19c/batchverify,wit-constr-diff,chunkedmul.circom,ChunkedMul,pp[7]:lt[12].in:out[12],Yes
zksolid-paper/benchmarks/ed25519-099d19c/batchverify,wit-constr-diff,chunkedmul.circom,ChunkedMul,pp[7]:lt[13].in:out[13],Yes
zksolid-paper/benchmarks/ed25519-099d19c/batchverify,wit-constr-diff,chunkedmul.circom,ChunkedMul,pp[7]:lt[14].in:out[14],Yes
zksolid-paper/benchmarks/ed25519-099d19c/batchverify,wit-constr-diff,chunkedmul.circom,ChunkedMul,pp[7]:lt[15].in:out[15],Yes
zksolid-paper/benchmarks/ed25519-099d19c/batchverify,wit-constr-diff,chunkedmul.circom,ChunkedMul,pp[7]:lt[16].in:out[16],Yes
zksolid-paper/benchmarks/ed25519-099d19c/batchverify,wit-constr-diff,chunkedmul.circom,ChunkedMul,pp[7]:lt[17].in:out[17],Yes
zksolid-paper/benchmarks/ed25519-099d19c/batchverify,wit-constr-diff,chunkedmul.circom,ChunkedMul,pp[7]:lt[19].in:out[19],Yes
zksolid-paper/benchmarks/ed25519-099d19c/batchverify,wit-constr-diff,chunkedmul.circom,ChunkedMul,pp[7]:lt[5].in:out[5],Yes
zksolid-paper/benchmarks/ed25519-099d19c/batchverify,wit-constr-diff,chunkedmul.circom,ChunkedMul,pp[7]:lt[8].in:out[8],Yes
zksolid-paper/benchmarks/ed25519-099d19c/batchverify,wit-constr-diff,chunkedmul.circom,ChunkedMul,pp[7]:lt[9].in:out[9],Yes
zksolid-paper/benchmarks/ed25519-099d19c/batchverify,wit-constr-diff,chunkedmul.circom,ChunkedMul,pp[80]:lt[13].in:out[13],Yes
zksolid-paper/benchmarks/ed25519-099d19c/batchverify,wit-constr-diff,chunkedmul.circom,ChunkedMul,pp[80]:lt[16].in:out[16],Yes
zksolid-paper/benchmarks/ed25519-099d19c/batchverify,wit-constr-diff,chunkedmul.circom,ChunkedMul,pp[80]:lt[19].in:out[19],Yes
zksolid-paper/benchmarks/ed25519-099d19c/batchverify,wit-constr-diff,chunkedmul.circom,ChunkedMul,pp[81]:lt[13].in:out[13],Yes
zksolid-paper/benchmarks/ed25519-099d19c/batchverify,wit-constr-diff,chunkedmul.circom,ChunkedMul,pp[81]:lt[16].in:out[16],Yes
zksolid-paper/benchmarks/ed25519-099d19c/batchverify,wit-constr-diff,chunkedmul.circom,ChunkedMul,pp[81]:lt[19].in:out[19],Yes
zksolid-paper/benchmarks/ed25519-099d19c/batchverify,wit-constr-diff,chunkedmul.circom,ChunkedMul,pp[82]:lt[13].in:out[13],Yes
zksolid-paper/benchmarks/ed25519-099d19c/batchverify,wit-constr-diff,chunkedmul.circom,ChunkedMul,pp[82]:lt[16].in:out[16],Yes
zksolid-paper/benchmarks/ed25519-099d19c/batchverify,wit-constr-diff,chunkedmul.circom,ChunkedMul,pp[82]:lt[19].in:out[19],Yes
zksolid-paper/benchmarks/ed25519-099d19c/batchverify,wit-constr-diff,chunkedmul.circom,ChunkedMul,pp[83]:lt[13].in:out[13],Yes
zksolid-paper/benchmarks/ed25519-099d19c/batchverify,wit-constr-diff,chunkedmul.circom,ChunkedMul,pp[83]:lt[16].in:out[16],Yes
zksolid-paper/benchmarks/ed25519-099d19c/batchverify,wit-constr-diff,chunkedmul.circom,ChunkedMul,pp[83]:lt[19].in:out[19],Yes
zksolid-paper/benchmarks/ed25519-099d19c/batchverify,wit-constr-diff,chunkedmul.circom,ChunkedMul,pp[84]:lt[13].in:out[13],Yes
zksolid-paper/benchmarks/ed25519-099d19c/batchverify,wit-constr-diff,chunkedmul.circom,ChunkedMul,pp[84]:lt[16].in:out[16],Yes
zksolid-paper/benchmarks/ed25519-099d19c/batchverify,wit-constr-diff,chunkedmul.circom,ChunkedMul,pp[84]:lt[19].in:out[19],Yes
zksolid-paper/benchmarks/ed25519-099d19c/batchverify,wit-constr-diff,chunkedmul.circom,ChunkedMul,pp[85]:lt[13].in:out[13],Yes
zksolid-paper/benchmarks/ed25519-099d19c/batchverify,wit-constr-diff,chunkedmul.circom,ChunkedMul,pp[85]:lt[16].in:out[16],Yes
zksolid-paper/benchmarks/ed25519-099d19c/batchverify,wit-constr-diff,chunkedmul.circom,ChunkedMul,pp[85]:lt[19].in:out[19],Yes
zksolid-paper/benchmarks/ed25519-099d19c/batchverify,wit-constr-diff,chunkedmul.circom,ChunkedMul,pp[86]:lt[13].in:out[13],Yes
zksolid-paper/benchmarks/ed25519-099d19c/batchverify,wit-constr-diff,chunkedmul.circom,ChunkedMul,pp[86]:lt[16].in:out[16],Yes
zksolid-paper/benchmarks/ed25519-099d19c/batchverify,wit-constr-diff,chunkedmul.circom,ChunkedMul,pp[86]:lt[19].in:out[19],Yes
zksolid-paper/benchmarks/ed25519-099d19c/batchverify,wit-constr-diff,chunkedmul.circom,ChunkedMul,pp[87]:lt[13].in:out[13],Yes
zksolid-paper/benchmarks/ed25519-099d19c/batchverify,wit-constr-diff,chunkedmul.circom,ChunkedMul,pp[87]:lt[16].in:out[16],Yes
zksolid-paper/benchmarks/ed25519-099d19c/batchverify,wit-constr-diff,chunkedmul.circom,ChunkedMul,pp[87]:lt[19].in:out[19],Yes
zksolid-paper/benchmarks/ed25519-099d19c/batchverify,wit-constr-diff,chunkedmul.circom,ChunkedMul,pp[88]:lt[13].in:out[13],Yes
zksolid-paper/benchmarks/ed25519-099d19c/batchverify,wit-constr-diff,chunkedmul.circom,ChunkedMul,pp[88]:lt[16].in:out[16],Yes
zksolid-paper/benchmarks/ed25519-099d19c/batchverify,wit-constr-diff,chunkedmul.circom,ChunkedMul,pp[88]:lt[19].in:out[19],Yes
zksolid-paper/benchmarks/ed25519-099d19c/batchverify,wit-constr-diff,chunkedmul.circom,ChunkedMul,pp[89]:lt[13].in:out[13],Yes
zksolid-paper/benchmarks/ed25519-099d19c/batchverify,wit-constr-diff,chunkedmul.circom,ChunkedMul,pp[89]:lt[16].in:out[16],Yes
zksolid-paper/benchmarks/ed25519-099d19c/batchverify,wit-constr-diff,chunkedmul.circom,ChunkedMul,pp[89]:lt[19].in:out[19],Yes
zksolid-paper/benchmarks/ed25519-099d19c/batchverify,wit-constr-diff,chunkedmul.circom,ChunkedMul,pp[8]:lt[10].in:out[10],Yes
zksolid-paper/benchmarks/ed25519-099d19c/batchverify,wit-constr-diff,chunkedmul.circom,ChunkedMul,pp[8]:lt[11].in:out[11],Yes
zksolid-paper/benchmarks/ed25519-099d19c/batchverify,wit-constr-diff,chunkedmul.circom,ChunkedMul,pp[8]:lt[12].in:out[12],Yes
zksolid-paper/benchmarks/ed25519-099d19c/batchverify,wit-constr-diff,chunkedmul.circom,ChunkedMul,pp[8]:lt[13].in:out[13],Yes
zksolid-paper/benchmarks/ed25519-099d19c/batchverify,wit-constr-diff,chunkedmul.circom,ChunkedMul,pp[8]:lt[14].in:out[14],Yes
zksolid-paper/benchmarks/ed25519-099d19c/batchverify,wit-constr-diff,chunkedmul.circom,ChunkedMul,pp[8]:lt[15].in:out[15],Yes
zksolid-paper/benchmarks/ed25519-099d19c/batchverify,wit-constr-diff,chunkedmul.circom,ChunkedMul,pp[8]:lt[16].in:out[16],Yes
zksolid-paper/benchmarks/ed25519-099d19c/batchverify,wit-constr-diff,chunkedmul.circom,ChunkedMul,pp[8]:lt[17].in:out[17],Yes
zksolid-paper/benchmarks/ed25519-099d19c/batchverify,wit-constr-diff,chunkedmul.circom,ChunkedMul,pp[8]:lt[19].in:out[19],Yes
zksolid-paper/benchmarks/ed25519-099d19c/batchverify,wit-constr-diff,chunkedmul.circom,ChunkedMul,pp[8]:lt[5].in:out[5],Yes
zksolid-paper/benchmarks/ed25519-099d19c/batchverify,wit-constr-diff,chunkedmul.circom,ChunkedMul,pp[8]:lt[8].in:out[8],Yes
zksolid-paper/benchmarks/ed25519-099d19c/batchverify,wit-constr-diff,chunkedmul.circom,ChunkedMul,pp[8]:lt[9].in:out[9],Yes
zksolid-paper/benchmarks/ed25519-099d19c/batchverify,wit-constr-diff,chunkedmul.circom,ChunkedMul,pp[90]:lt[13].in:out[13],Yes
zksolid-paper/benchmarks/ed25519-099d19c/batchverify,wit-constr-diff,chunkedmul.circom,ChunkedMul,pp[90]:lt[16].in:out[16],Yes
zksolid-paper/benchmarks/ed25519-099d19c/batchverify,wit-constr-diff,chunkedmul.circom,ChunkedMul,pp[90]:lt[19].in:out[19],Yes
zksolid-paper/benchmarks/ed25519-099d19c/batchverify,wit-constr-diff,chunkedmul.circom,ChunkedMul,pp[91]:lt[16].in:out[16],Yes
zksolid-paper/benchmarks/ed25519-099d19c/batchverify,wit-constr-diff,chunkedmul.circom,ChunkedMul,pp[91]:lt[19].in:out[19],Yes
zksolid-paper/benchmarks/ed25519-099d19c/batchverify,wit-constr-diff,chunkedmul.circom,ChunkedMul,pp[92]:lt[16].in:out[16],Yes
zksolid-paper/benchmarks/ed25519-099d19c/batchverify,wit-constr-diff,chunkedmul.circom,ChunkedMul,pp[92]:lt[19].in:out[19],Yes
zksolid-paper/benchmarks/ed25519-099d19c/batchverify,wit-constr-diff,chunkedmul.circom,ChunkedMul,pp[93]:lt[16].in:out[16],Yes
zksolid-paper/benchmarks/ed25519-099d19c/batchverify,wit-constr-diff,chunkedmul.circom,ChunkedMul,pp[93]:lt[19].in:out[19],Yes
zksolid-paper/benchmarks/ed25519-099d19c/batchverify,wit-constr-diff,chunkedmul.circom,ChunkedMul,pp[94]:lt[16].in:out[16],Yes
zksolid-paper/benchmarks/ed25519-099d19c/batchverify,wit-constr-diff,chunkedmul.circom,ChunkedMul,pp[94]:lt[19].in:out[19],Yes
zksolid-paper/benchmarks/ed25519-099d19c/batchverify,wit-constr-diff,chunkedmul.circom,ChunkedMul,pp[95]:lt[16].in:out[16],Yes
zksolid-paper/benchmarks/ed25519-099d19c/batchverify,wit-constr-diff,chunkedmul.circom,ChunkedMul,pp[95]:lt[19].in:out[19],Yes
zksolid-paper/benchmarks/ed25519-099d19c/batchverify,wit-constr-diff,chunkedmul.circom,ChunkedMul,pp[96]:lt[16].in:out[16],Yes
zksolid-paper/benchmarks/ed25519-099d19c/batchverify,wit-constr-diff,chunkedmul.circom,ChunkedMul,pp[96]:lt[19].in:out[19],Yes
zksolid-paper/benchmarks/ed25519-099d19c/batchverify,wit-constr-diff,chunkedmul.circom,ChunkedMul,pp[97]:lt[16].in:out[16],Yes
zksolid-paper/benchmarks/ed25519-099d19c/batchverify,wit-constr-diff,chunkedmul.circom,ChunkedMul,pp[97]:lt[19].in:out[19],Yes
zksolid-paper/benchmarks/ed25519-099d19c/batchverify,wit-constr-diff,chunkedmul.circom,ChunkedMul,pp[98]:lt[16].in:out[16],Yes
zksolid-paper/benchmarks/ed25519-099d19c/batchverify,wit-constr-diff,chunkedmul.circom,ChunkedMul,pp[98]:lt[19].in:out[19],Yes
zksolid-paper/benchmarks/ed25519-099d19c/batchverify,wit-constr-diff,chunkedmul.circom,ChunkedMul,pp[99]:lt[16].in:out[16],Yes
zksolid-paper/benchmarks/ed25519-099d19c/batchverify,wit-constr-diff,chunkedmul.circom,ChunkedMul,pp[99]:lt[19].in:out[19],Yes
zksolid-paper/benchmarks/ed25519-099d19c/batchverify,wit-constr-diff,chunkedmul.circom,ChunkedMul,pp[9]:lt[10].in:out[10],Yes
zksolid-paper/benchmarks/ed25519-099d19c/batchverify,wit-constr-diff,chunkedmul.circom,ChunkedMul,pp[9]:lt[11].in:out[11],Yes
zksolid-paper/benchmarks/ed25519-099d19c/batchverify,wit-constr-diff,chunkedmul.circom,ChunkedMul,pp[9]:lt[12].in:out[12],Yes
zksolid-paper/benchmarks/ed25519-099d19c/batchverify,wit-constr-diff,chunkedmul.circom,ChunkedMul,pp[9]:lt[13].in:out[13],Yes
zksolid-paper/benchmarks/ed25519-099d19c/batchverify,wit-constr-diff,chunkedmul.circom,ChunkedMul,pp[9]:lt[14].in:out[14],Yes
zksolid-paper/benchmarks/ed25519-099d19c/batchverify,wit-constr-diff,chunkedmul.circom,ChunkedMul,pp[9]:lt[15].in:out[15],Yes
zksolid-paper/benchmarks/ed25519-099d19c/batchverify,wit-constr-diff,chunkedmul.circom,ChunkedMul,pp[9]:lt[16].in:out[16],Yes
zksolid-paper/benchmarks/ed25519-099d19c/batchverify,wit-constr-diff,chunkedmul.circom,ChunkedMul,pp[9]:lt[17].in:out[17],Yes
zksolid-paper/benchmarks/ed25519-099d19c/batchverify,wit-constr-diff,chunkedmul.circom,ChunkedMul,pp[9]:lt[19].in:out[19],Yes
zksolid-paper/benchmarks/ed25519-099d19c/batchverify,wit-constr-diff,chunkedmul.circom,ChunkedMul,pp[9]:lt[5].in:out[5],Yes
zksolid-paper/benchmarks/ed25519-099d19c/batchverify,wit-constr-diff,chunkedmul.circom,ChunkedMul,pp[9]:lt[8].in:out[8],Yes
zksolid-paper/benchmarks/ed25519-099d19c/batchverify,wit-constr-diff,chunkedmul.circom,ChunkedMul,sum[0]:lt[10].in:out[10],Yes
zksolid-paper/benchmarks/ed25519-099d19c/batchverify,wit-constr-diff,chunkedmul.circom,ChunkedMul,sum[0]:lt[11].in:out[11],Yes
zksolid-paper/benchmarks/ed25519-099d19c/batchverify,wit-constr-diff,chunkedmul.circom,ChunkedMul,sum[0]:lt[12].in:out[12],Yes
zksolid-paper/benchmarks/ed25519-099d19c/batchverify,wit-constr-diff,chunkedmul.circom,ChunkedMul,sum[0]:lt[13].in:out[13],Yes
zksolid-paper/benchmarks/ed25519-099d19c/batchverify,wit-constr-diff,chunkedmul.circom,ChunkedMul,sum[0]:lt[14].in:out[14],Yes
zksolid-paper/benchmarks/ed25519-099d19c/batchverify,wit-constr-diff,chunkedmul.circom,ChunkedMul,sum[0]:lt[15].in:out[15],Yes
zksolid-paper/benchmarks/ed25519-099d19c/batchverify,wit-constr-diff,chunkedmul.circom,ChunkedMul,sum[0]:lt[16].in:out[16],Yes
zksolid-paper/benchmarks/ed25519-099d19c/batchverify,wit-constr-diff,chunkedmul.circom,ChunkedMul,sum[0]:lt[17].in:out[17],Yes
zksolid-paper/benchmarks/ed25519-099d19c/batchverify,wit-constr-diff,chunkedmul.circom,ChunkedMul,sum[0]:lt[19].in:out[19],Yes
zksolid-paper/benchmarks/ed25519-099d19c/batchverify,wit-constr-diff,chunkedmul.circom,ChunkedMul,sum[0]:lt[1].in:out[1],Yes
zksolid-paper/benchmarks/ed25519-099d19c/batchverify,wit-constr-diff,chunkedmul.circom,ChunkedMul,sum[0]:lt[2].in:out[2],Yes
zksolid-paper/benchmarks/ed25519-099d19c/batchverify,wit-constr-diff,chunkedmul.circom,ChunkedMul,sum[0]:lt[3].in:out[3],Yes
zksolid-paper/benchmarks/ed25519-099d19c/batchverify,wit-constr-diff,chunkedmul.circom,ChunkedMul,sum[0]:lt[4].in:out[4],Yes
zksolid-paper/benchmarks/ed25519-099d19c/batchverify,wit-constr-diff,chunkedmul.circom,ChunkedMul,sum[0]:lt[5].in:out[5],Yes
zksolid-paper/benchmarks/ed25519-099d19c/batchverify,wit-constr-diff,chunkedmul.circom,ChunkedMul,sum[0]:lt[6].in:out[6],Yes
zksolid-paper/benchmarks/ed25519-099d19c/batchverify,wit-constr-diff,chunkedmul.circom,ChunkedMul,sum[0]:lt[7].in:out[7],Yes
zksolid-paper/benchmarks/ed25519-099d19c/batchverify,wit-constr-diff,chunkedmul.circom,ChunkedMul,sum[0]:lt[8].in:out[8],Yes
zksolid-paper/benchmarks/ed25519-099d19c/batchverify,wit-constr-diff,chunkedmul.circom,ChunkedMul,sum[0]:lt[9].in:out[9],Yes
zksolid-paper/benchmarks/ed25519-099d19c/batchverify,wit-constr-diff,chunkedmul.circom,ChunkedMul,sum[10]:lt[11].in:out[11],Yes
zksolid-paper/benchmarks/ed25519-099d19c/batchverify,wit-constr-diff,chunkedmul.circom,ChunkedMul,sum[10]:lt[12].in:out[12],Yes
zksolid-paper/benchmarks/ed25519-099d19c/batchverify,wit-constr-diff,chunkedmul.circom,ChunkedMul,sum[10]:lt[13].in:out[13],Yes
zksolid-paper/benchmarks/ed25519-099d19c/batchverify,wit-constr-diff,chunkedmul.circom,ChunkedMul,sum[10]:lt[14].in:out[14],Yes
zksolid-paper/benchmarks/ed25519-099d19c/batchverify,wit-constr-diff,chunkedmul.circom,ChunkedMul,sum[10]:lt[15].in:out[15],Yes
zksolid-paper/benchmarks/ed25519-099d19c/batchverify,wit-constr-diff,chunkedmul.circom,ChunkedMul,sum[10]:lt[16].in:out[16],Yes
zksolid-paper/benchmarks/ed25519-099d19c/batchverify,wit-constr-diff,chunkedmul.circom,ChunkedMul,sum[10]:lt[17].in:out[17],Yes
zksolid-paper/benchmarks/ed25519-099d19c/batchverify,wit-constr-diff,chunkedmul.circom,ChunkedMul,sum[10]:lt[19].in:out[19],Yes
zksolid-paper/benchmarks/ed25519-099d19c/batchverify,wit-constr-diff,chunkedmul.circom,ChunkedMul,sum[11]:lt[12].in:out[12],Yes
zksolid-paper/benchmarks/ed25519-099d19c/batchverify,wit-constr-diff,chunkedmul.circom,ChunkedMul,sum[11]:lt[13].in:out[13],Yes
zksolid-paper/benchmarks/ed25519-099d19c/batchverify,wit-constr-diff,chunkedmul.circom,ChunkedMul,sum[11]:lt[14].in:out[14],Yes
zksolid-paper/benchmarks/ed25519-099d19c/batchverify,wit-constr-diff,chunkedmul.circom,ChunkedMul,sum[11]:lt[15].in:out[15],Yes
zksolid-paper/benchmarks/ed25519-099d19c/batchverify,wit-constr-diff,chunkedmul.circom,ChunkedMul,sum[11]:lt[16].in:out[16],Yes
zksolid-paper/benchmarks/ed25519-099d19c/batchverify,wit-constr-diff,chunkedmul.circom,ChunkedMul,sum[11]:lt[17].in:out[17],Yes
zksolid-paper/benchmarks/ed25519-099d19c/batchverify,wit-constr-diff,chunkedmul.circom,ChunkedMul,sum[11]:lt[19].in:out[19],Yes
zksolid-paper/benchmarks/ed25519-099d19c/batchverify,wit-constr-diff,chunkedmul.circom,ChunkedMul,sum[12]:lt[13].in:out[13],Yes
zksolid-paper/benchmarks/ed25519-099d19c/batchverify,wit-constr-diff,chunkedmul.circom,ChunkedMul,sum[12]:lt[14].in:out[14],Yes
zksolid-paper/benchmarks/ed25519-099d19c/batchverify,wit-constr-diff,chunkedmul.circom,ChunkedMul,sum[12]:lt[15].in:out[15],Yes
zksolid-paper/benchmarks/ed25519-099d19c/batchverify,wit-constr-diff,chunkedmul.circom,ChunkedMul,sum[12]:lt[16].in:out[16],Yes
zksolid-paper/benchmarks/ed25519-099d19c/batchverify,wit-constr-diff,chunkedmul.circom,ChunkedMul,sum[12]:lt[17].in:out[17],Yes
zksolid-paper/benchmarks/ed25519-099d19c/batchverify,wit-constr-diff,chunkedmul.circom,ChunkedMul,sum[12]:lt[19].in:out[19],Yes
zksolid-paper/benchmarks/ed25519-099d19c/batchverify,wit-constr-diff,chunkedmul.circom,ChunkedMul,sum[13]:lt[14].in:out[14],Yes
zksolid-paper/benchmarks/ed25519-099d19c/batchverify,wit-constr-diff,chunkedmul.circom,ChunkedMul,sum[13]:lt[15].in:out[15],Yes
zksolid-paper/benchmarks/ed25519-099d19c/batchverify,wit-constr-diff,chunkedmul.circom,ChunkedMul,sum[13]:lt[16].in:out[16],Yes
zksolid-paper/benchmarks/ed25519-099d19c/batchverify,wit-constr-diff,chunkedmul.circom,ChunkedMul,sum[13]:lt[17].in:out[17],Yes
zksolid-paper/benchmarks/ed25519-099d19c/batchverify,wit-constr-diff,chunkedmul.circom,ChunkedMul,sum[13]:lt[19].in:out[19],Yes
zksolid-paper/benchmarks/ed25519-099d19c/batchverify,wit-constr-diff,chunkedmul.circom,ChunkedMul,sum[14]:lt[15].in:out[15],Yes
zksolid-paper/benchmarks/ed25519-099d19c/batchverify,wit-constr-diff,chunkedmul.circom,ChunkedMul,sum[14]:lt[16].in:out[16],Yes
zksolid-paper/benchmarks/ed25519-099d19c/batchverify,wit-constr-diff,chunkedmul.circom,ChunkedMul,sum[14]:lt[17].in:out[17],Yes
zksolid-paper/benchmarks/ed25519-099d19c/batchverify,wit-constr-diff,chunkedmul.circom,ChunkedMul,sum[14]:lt[19].in:out[19],Yes
zksolid-paper/benchmarks/ed25519-099d19c/batchverify,wit-constr-diff,chunkedmul.circom,ChunkedMul,sum[15]:lt[16].in:out[16],Yes
zksolid-paper/benchmarks/ed25519-099d19c/batchverify,wit-constr-diff,chunkedmul.circom,ChunkedMul,sum[15]:lt[17].in:out[17],Yes
zksolid-paper/benchmarks/ed25519-099d19c/batchverify,wit-constr-diff,chunkedmul.circom,ChunkedMul,sum[15]:lt[19].in:out[19],Yes
zksolid-paper/benchmarks/ed25519-099d19c/batchverify,wit-constr-diff,chunkedmul.circom,ChunkedMul,sum[16]:lt[17].in:out[17],Yes
zksolid-paper/benchmarks/ed25519-099d19c/batchverify,wit-constr-diff,chunkedmul.circom,ChunkedMul,sum[16]:lt[19].in:out[19],Yes
zksolid-paper/benchmarks/ed25519-099d19c/batchverify,wit-constr-diff,chunkedmul.circom,ChunkedMul,sum[17]:lt[19].in:out[19],Yes
zksolid-paper/benchmarks/ed25519-099d19c/batchverify,wit-constr-diff,chunkedmul.circom,ChunkedMul,sum[18]:lt[19].in:out[19],Yes
zksolid-paper/benchmarks/ed25519-099d19c/batchverify,wit-constr-diff,chunkedmul.circom,ChunkedMul,sum[1]:lt[10].in:out[10],Yes
zksolid-paper/benchmarks/ed25519-099d19c/batchverify,wit-constr-diff,chunkedmul.circom,ChunkedMul,sum[1]:lt[11].in:out[11],Yes
zksolid-paper/benchmarks/ed25519-099d19c/batchverify,wit-constr-diff,chunkedmul.circom,ChunkedMul,sum[1]:lt[12].in:out[12],Yes
zksolid-paper/benchmarks/ed25519-099d19c/batchverify,wit-constr-diff,chunkedmul.circom,ChunkedMul,sum[1]:lt[13].in:out[13],Yes
zksolid-paper/benchmarks/ed25519-099d19c/batchverify,wit-constr-diff,chunkedmul.circom,ChunkedMul,sum[1]:lt[14].in:out[14],Yes
zksolid-paper/benchmarks/ed25519-099d19c/batchverify,wit-constr-diff,chunkedmul.circom,ChunkedMul,sum[1]:lt[15].in:out[15],Yes
zksolid-paper/benchmarks/ed25519-099d19c/batchverify,wit-constr-diff,chunkedmul.circom,ChunkedMul,sum[1]:lt[16].in:out[16],Yes
zksolid-paper/benchmarks/ed25519-099d19c/batchverify,wit-constr-diff,chunkedmul.circom,ChunkedMul,sum[1]:lt[17].in:out[17],Yes
zksolid-paper/benchmarks/ed25519-099d19c/batchverify,wit-constr-diff,chunkedmul.circom,ChunkedMul,sum[1]:lt[19].in:out[19],Yes
zksolid-paper/benchmarks/ed25519-099d19c/batchverify,wit-constr-diff,chunkedmul.circom,ChunkedMul,sum[1]:lt[2].in:out[2],Yes
zksolid-paper/benchmarks/ed25519-099d19c/batchverify,wit-constr-diff,chunkedmul.circom,ChunkedMul,sum[1]:lt[3].in:out[3],Yes
zksolid-paper/benchmarks/ed25519-099d19c/batchverify,wit-constr-diff,chunkedmul.circom,ChunkedMul,sum[1]:lt[4].in:out[4],Yes
zksolid-paper/benchmarks/ed25519-099d19c/batchverify,wit-constr-diff,chunkedmul.circom,ChunkedMul,sum[1]:lt[5].in:out[5],Yes
zksolid-paper/benchmarks/ed25519-099d19c/batchverify,wit-constr-diff,chunkedmul.circom,ChunkedMul,sum[1]:lt[6].in:out[6],Yes
zksolid-paper/benchmarks/ed25519-099d19c/batchverify,wit-constr-diff,chunkedmul.circom,ChunkedMul,sum[1]:lt[7].in:out[7],Yes
zksolid-paper/benchmarks/ed25519-099d19c/batchverify,wit-constr-diff,chunkedmul.circom,ChunkedMul,sum[1]:lt[8].in:out[8],Yes
zksolid-paper/benchmarks/ed25519-099d19c/batchverify,wit-constr-diff,chunkedmul.circom,ChunkedMul,sum[1]:lt[9].in:out[9],Yes
zksolid-paper/benchmarks/ed25519-099d19c/batchverify,wit-constr-diff,chunkedmul.circom,ChunkedMul,sum[2]:lt[10].in:out[10],Yes
zksolid-paper/benchmarks/ed25519-099d19c/batchverify,wit-constr-diff,chunkedmul.circom,ChunkedMul,sum[2]:lt[11].in:out[11],Yes
zksolid-paper/benchmarks/ed25519-099d19c/batchverify,wit-constr-diff,chunkedmul.circom,ChunkedMul,sum[2]:lt[12].in:out[12],Yes
zksolid-paper/benchmarks/ed25519-099d19c/batchverify,wit-constr-diff,chunkedmul.circom,ChunkedMul,sum[2]:lt[13].in:out[13],Yes
zksolid-paper/benchmarks/ed25519-099d19c/batchverify,wit-constr-diff,chunkedmul.circom,ChunkedMul,sum[2]:lt[14].in:out[14],Yes
zksolid-paper/benchmarks/ed25519-099d19c/batchverify,wit-constr-diff,chunkedmul.circom,ChunkedMul,sum[2]:lt[15].in:out[15],Yes
zksolid-paper/benchmarks/ed25519-099d19c/batchverify,wit-constr-diff,chunkedmul.circom,ChunkedMul,sum[2]:lt[16].in:out[16],Yes
zksolid-paper/benchmarks/ed25519-099d19c/batchverify,wit-constr-diff,chunkedmul.circom,ChunkedMul,sum[2]:lt[17].in:out[17],Yes
zksolid-paper/benchmarks/ed25519-099d19c/batchverify,wit-constr-diff,chunkedmul.circom,ChunkedMul,sum[2]:lt[19].in:out[19],Yes
zksolid-paper/benchmarks/ed25519-099d19c/batchverify,wit-constr-diff,chunkedmul.circom,ChunkedMul,sum[2]:lt[3].in:out[3],Yes
zksolid-paper/benchmarks/ed25519-099d19c/batchverify,wit-constr-diff,chunkedmul.circom,ChunkedMul,sum[2]:lt[4].in:out[4],Yes
zksolid-paper/benchmarks/ed25519-099d19c/batchverify,wit-constr-diff,chunkedmul.circom,ChunkedMul,sum[2]:lt[5].in:out[5],Yes
zksolid-paper/benchmarks/ed25519-099d19c/batchverify,wit-constr-diff,chunkedmul.circom,ChunkedMul,sum[2]:lt[6].in:out[6],Yes
zksolid-paper/benchmarks/ed25519-099d19c/batchverify,wit-constr-diff,chunkedmul.circom,ChunkedMul,sum[2]:lt[7].in:out[7],Yes
zksolid-paper/benchmarks/ed25519-099d19c/batchverify,wit-constr-diff,chunkedmul.circom,ChunkedMul,sum[2]:lt[8].in:out[8],Yes
zksolid-paper/benchmarks/ed25519-099d19c/batchverify,wit-constr-diff,chunkedmul.circom,ChunkedMul,sum[2]:lt[9].in:out[9],Yes
zksolid-paper/benchmarks/ed25519-099d19c/batchverify,wit-constr-diff,chunkedmul.circom,ChunkedMul,sum[3]:lt[10].in:out[10],Yes
zksolid-paper/benchmarks/ed25519-099d19c/batchverify,wit-constr-diff,chunkedmul.circom,ChunkedMul,sum[3]:lt[11].in:out[11],Yes
zksolid-paper/benchmarks/ed25519-099d19c/batchverify,wit-constr-diff,chunkedmul.circom,ChunkedMul,sum[3]:lt[12].in:out[12],Yes
zksolid-paper/benchmarks/ed25519-099d19c/batchverify,wit-constr-diff,chunkedmul.circom,ChunkedMul,sum[3]:lt[13].in:out[13],Yes
zksolid-paper/benchmarks/ed25519-099d19c/batchverify,wit-constr-diff,chunkedmul.circom,ChunkedMul,sum[3]:lt[14].in:out[14],Yes
zksolid-paper/benchmarks/ed25519-099d19c/batchverify,wit-constr-diff,chunkedmul.circom,ChunkedMul,sum[3]:lt[15].in:out[15],Yes
zksolid-paper/benchmarks/ed25519-099d19c/batchverify,wit-constr-diff,chunkedmul.circom,ChunkedMul,sum[3]:lt[16].in:out[16],Yes
zksolid-paper/benchmarks/ed25519-099d19c/batchverify,wit-constr-diff,chunkedmul.circom,ChunkedMul,sum[3]:lt[17].in:out[17],Yes
zksolid-paper/benchmarks/ed25519-099d19c/batchverify,wit-constr-diff,chunkedmul.circom,ChunkedMul,sum[3]:lt[19].in:out[19],Yes
zksolid-paper/benchmarks/ed25519-099d19c/batchverify,wit-constr-diff,chunkedmul.circom,ChunkedMul,sum[3]:lt[4].in:out[4],Yes
zksolid-paper/benchmarks/ed25519-099d19c/batchverify,wit-constr-diff,chunkedmul.circom,ChunkedMul,sum[3]:lt[5].in:out[5],Yes
zksolid-paper/benchmarks/ed25519-099d19c/batchverify,wit-constr-diff,chunkedmul.circom,ChunkedMul,sum[3]:lt[6].in:out[6],Yes
zksolid-paper/benchmarks/ed25519-099d19c/batchverify,wit-constr-diff,chunkedmul.circom,ChunkedMul,sum[3]:lt[7].in:out[7],Yes
zksolid-paper/benchmarks/ed25519-099d19c/batchverify,wit-constr-diff,chunkedmul.circom,ChunkedMul,sum[3]:lt[8].in:out[8],Yes
zksolid-paper/benchmarks/ed25519-099d19c/batchverify,wit-constr-diff,chunkedmul.circom,ChunkedMul,sum[3]:lt[9].in:out[9],Yes
zksolid-paper/benchmarks/ed25519-099d19c/batchverify,wit-constr-diff,chunkedmul.circom,ChunkedMul,sum[4]:lt[10].in:out[10],Yes
zksolid-paper/benchmarks/ed25519-099d19c/batchverify,wit-constr-diff,chunkedmul.circom,ChunkedMul,sum[4]:lt[11].in:out[11],Yes
zksolid-paper/benchmarks/ed25519-099d19c/batchverify,wit-constr-diff,chunkedmul.circom,ChunkedMul,sum[4]:lt[12].in:out[12],Yes
zksolid-paper/benchmarks/ed25519-099d19c/batchverify,wit-constr-diff,chunkedmul.circom,ChunkedMul,sum[4]:lt[13].in:out[13],Yes
zksolid-paper/benchmarks/ed25519-099d19c/batchverify,wit-constr-diff,chunkedmul.circom,ChunkedMul,sum[4]:lt[14].in:out[14],Yes
zksolid-paper/benchmarks/ed25519-099d19c/batchverify,wit-constr-diff,chunkedmul.circom,ChunkedMul,sum[4]:lt[15].in:out[15],Yes
zksolid-paper/benchmarks/ed25519-099d19c/batchverify,wit-constr-diff,chunkedmul.circom,ChunkedMul,sum[4]:lt[16].in:out[16],Yes
zksolid-paper/benchmarks/ed25519-099d19c/batchverify,wit-constr-diff,chunkedmul.circom,ChunkedMul,sum[4]:lt[17].in:out[17],Yes
zksolid-paper/benchmarks/ed25519-099d19c/batchverify,wit-constr-diff,chunkedmul.circom,ChunkedMul,sum[4]:lt[19].in:out[19],Yes
zksolid-paper/benchmarks/ed25519-099d19c/batchverify,wit-constr-diff,chunkedmul.circom,ChunkedMul,sum[4]:lt[5].in:out[5],Yes
zksolid-paper/benchmarks/ed25519-099d19c/batchverify,wit-constr-diff,chunkedmul.circom,ChunkedMul,sum[4]:lt[6].in:out[6],Yes
zksolid-paper/benchmarks/ed25519-099d19c/batchverify,wit-constr-diff,chunkedmul.circom,ChunkedMul,sum[4]:lt[7].in:out[7],Yes
zksolid-paper/benchmarks/ed25519-099d19c/batchverify,wit-constr-diff,chunkedmul.circom,ChunkedMul,sum[4]:lt[8].in:out[8],Yes
zksolid-paper/benchmarks/ed25519-099d19c/batchverify,wit-constr-diff,chunkedmul.circom,ChunkedMul,sum[4]:lt[9].in:out[9],Yes
zksolid-paper/benchmarks/ed25519-099d19c/batchverify,wit-constr-diff,chunkedmul.circom,ChunkedMul,sum[5]:lt[10].in:out[10],Yes
zksolid-paper/benchmarks/ed25519-099d19c/batchverify,wit-constr-diff,chunkedmul.circom,ChunkedMul,sum[5]:lt[11].in:out[11],Yes
zksolid-paper/benchmarks/ed25519-099d19c/batchverify,wit-constr-diff,chunkedmul.circom,ChunkedMul,sum[5]:lt[12].in:out[12],Yes
zksolid-paper/benchmarks/ed25519-099d19c/batchverify,wit-constr-diff,chunkedmul.circom,ChunkedMul,sum[5]:lt[13].in:out[13],Yes
zksolid-paper/benchmarks/ed25519-099d19c/batchverify,wit-constr-diff,chunkedmul.circom,ChunkedMul,sum[5]:lt[14].in:out[14],Yes
zksolid-paper/benchmarks/ed25519-099d19c/batchverify,wit-constr-diff,chunkedmul.circom,ChunkedMul,sum[5]:lt[15].in:out[15],Yes
zksolid-paper/benchmarks/ed25519-099d19c/batchverify,wit-constr-diff,chunkedmul.circom,ChunkedMul,sum[5]:lt[16].in:out[16],Yes
zksolid-paper/benchmarks/ed25519-099d19c/batchverify,wit-constr-diff,chunkedmul.circom,ChunkedMul,sum[5]:lt[17].in:out[17],Yes
zksolid-paper/benchmarks/ed25519-099d19c/batchverify,wit-constr-diff,chunkedmul.circom,ChunkedMul,sum[5]:lt[19].in:out[19],Yes
zksolid-paper/benchmarks/ed25519-099d19c/batchverify,wit-constr-diff,chunkedmul.circom,ChunkedMul,sum[5]:lt[6].in:out[6],Yes
zksolid-paper/benchmarks/ed25519-099d19c/batchverify,wit-constr-diff,chunkedmul.circom,ChunkedMul,sum[5]:lt[7].in:out[7],Yes
zksolid-paper/benchmarks/ed25519-099d19c/batchverify,wit-constr-diff,chunkedmul.circom,ChunkedMul,sum[5]:lt[8].in:out[8],Yes
zksolid-paper/benchmarks/ed25519-099d19c/batchverify,wit-constr-diff,chunkedmul.circom,ChunkedMul,sum[5]:lt[9].in:out[9],Yes
zksolid-paper/benchmarks/ed25519-099d19c/batchverify,wit-constr-diff,chunkedmul.circom,ChunkedMul,sum[6]:lt[10].in:out[10],Yes
zksolid-paper/benchmarks/ed25519-099d19c/batchverify,wit-constr-diff,chunkedmul.circom,ChunkedMul,sum[6]:lt[11].in:out[11],Yes
zksolid-paper/benchmarks/ed25519-099d19c/batchverify,wit-constr-diff,chunkedmul.circom,ChunkedMul,sum[6]:lt[12].in:out[12],Yes
zksolid-paper/benchmarks/ed25519-099d19c/batchverify,wit-constr-diff,chunkedmul.circom,ChunkedMul,sum[6]:lt[13].in:out[13],Yes
zksolid-paper/benchmarks/ed25519-099d19c/batchverify,wit-constr-diff,chunkedmul.circom,ChunkedMul,sum[6]:lt[14].in:out[14],Yes
zksolid-paper/benchmarks/ed25519-099d19c/batchverify,wit-constr-diff,chunkedmul.circom,ChunkedMul,sum[6]:lt[15].in:out[15],Yes
zksolid-paper/benchmarks/ed25519-099d19c/batchverify,wit-constr-diff,chunkedmul.circom,ChunkedMul,sum[6]:lt[16].in:out[16],Yes
zksolid-paper/benchmarks/ed25519-099d19c/batchverify,wit-constr-diff,chunkedmul.circom,ChunkedMul,sum[6]:lt[17].in:out[17],Yes
zksolid-paper/benchmarks/ed25519-099d19c/batchverify,wit-constr-diff,chunkedmul.circom,ChunkedMul,sum[6]:lt[19].in:out[19],Yes
zksolid-paper/benchmarks/ed25519-099d19c/batchverify,wit-constr-diff,chunkedmul.circom,ChunkedMul,sum[6]:lt[7].in:out[7],Yes
zksolid-paper/benchmarks/ed25519-099d19c/batchverify,wit-constr-diff,chunkedmul.circom,ChunkedMul,sum[6]:lt[8].in:out[8],Yes
zksolid-paper/benchmarks/ed25519-099d19c/batchverify,wit-constr-diff,chunkedmul.circom,ChunkedMul,sum[6]:lt[9].in:out[9],Yes
zksolid-paper/benchmarks/ed25519-099d19c/batchverify,wit-constr-diff,chunkedmul.circom,ChunkedMul,sum[7]:lt[10].in:out[10],Yes
zksolid-paper/benchmarks/ed25519-099d19c/batchverify,wit-constr-diff,chunkedmul.circom,ChunkedMul,sum[7]:lt[11].in:out[11],Yes
zksolid-paper/benchmarks/ed25519-099d19c/batchverify,wit-constr-diff,chunkedmul.circom,ChunkedMul,sum[7]:lt[12].in:out[12],Yes
zksolid-paper/benchmarks/ed25519-099d19c/batchverify,wit-constr-diff,chunkedmul.circom,ChunkedMul,sum[7]:lt[13].in:out[13],Yes
zksolid-paper/benchmarks/ed25519-099d19c/batchverify,wit-constr-diff,chunkedmul.circom,ChunkedMul,sum[7]:lt[14].in:out[14],Yes
zksolid-paper/benchmarks/ed25519-099d19c/batchverify,wit-constr-diff,chunkedmul.circom,ChunkedMul,sum[7]:lt[15].in:out[15],Yes
zksolid-paper/benchmarks/ed25519-099d19c/batchverify,wit-constr-diff,chunkedmul.circom,ChunkedMul,sum[7]:lt[16].in:out[16],Yes
zksolid-paper/benchmarks/ed25519-099d19c/batchverify,wit-constr-diff,chunkedmul.circom,ChunkedMul,sum[7]:lt[17].in:out[17],Yes
zksolid-paper/benchmarks/ed25519-099d19c/batchverify,wit-constr-diff,chunkedmul.circom,ChunkedMul,sum[7]:lt[19].in:out[19],Yes
zksolid-paper/benchmarks/ed25519-099d19c/batchverify,wit-constr-diff,chunkedmul.circom,ChunkedMul,sum[7]:lt[8].in:out[8],Yes
zksolid-paper/benchmarks/ed25519-099d19c/batchverify,wit-constr-diff,chunkedmul.circom,ChunkedMul,sum[7]:lt[9].in:out[9],Yes
zksolid-paper/benchmarks/ed25519-099d19c/batchverify,wit-constr-diff,chunkedmul.circom,ChunkedMul,sum[8]:lt[10].in:out[10],Yes
zksolid-paper/benchmarks/ed25519-099d19c/batchverify,wit-constr-diff,chunkedmul.circom,ChunkedMul,sum[8]:lt[11].in:out[11],Yes
zksolid-paper/benchmarks/ed25519-099d19c/batchverify,wit-constr-diff,chunkedmul.circom,ChunkedMul,sum[8]:lt[12].in:out[12],Yes
zksolid-paper/benchmarks/ed25519-099d19c/batchverify,wit-constr-diff,chunkedmul.circom,ChunkedMul,sum[8]:lt[13].in:out[13],Yes
zksolid-paper/benchmarks/ed25519-099d19c/batchverify,wit-constr-diff,chunkedmul.circom,ChunkedMul,sum[8]:lt[14].in:out[14],Yes
zksolid-paper/benchmarks/ed25519-099d19c/batchverify,wit-constr-diff,chunkedmul.circom,ChunkedMul,sum[8]:lt[15].in:out[15],Yes
zksolid-paper/benchmarks/ed25519-099d19c/batchverify,wit-constr-diff,chunkedmul.circom,ChunkedMul,sum[8]:lt[16].in:out[16],Yes
zksolid-paper/benchmarks/ed25519-099d19c/batchverify,wit-constr-diff,chunkedmul.circom,ChunkedMul,sum[8]:lt[17].in:out[17],Yes
zksolid-paper/benchmarks/ed25519-099d19c/batchverify,wit-constr-diff,chunkedmul.circom,ChunkedMul,sum[8]:lt[19].in:out[19],Yes
zksolid-paper/benchmarks/ed25519-099d19c/batchverify,wit-constr-diff,chunkedmul.circom,ChunkedMul,sum[8]:lt[9].in:out[9],Yes
zksolid-paper/benchmarks/ed25519-099d19c/batchverify,wit-constr-diff,chunkedmul.circom,ChunkedMul,sum[9]:lt[10].in:out[10],Yes
zksolid-paper/benchmarks/ed25519-099d19c/batchverify,wit-constr-diff,chunkedmul.circom,ChunkedMul,sum[9]:lt[11].in:out[11],Yes
zksolid-paper/benchmarks/ed25519-099d19c/batchverify,wit-constr-diff,chunkedmul.circom,ChunkedMul,sum[9]:lt[12].in:out[12],Yes
zksolid-paper/benchmarks/ed25519-099d19c/batchverify,wit-constr-diff,chunkedmul.circom,ChunkedMul,sum[9]:lt[13].in:out[13],Yes
zksolid-paper/benchmarks/ed25519-099d19c/batchverify,wit-constr-diff,chunkedmul.circom,ChunkedMul,sum[9]:lt[14].in:out[14],Yes
zksolid-paper/benchmarks/ed25519-099d19c/batchverify,wit-constr-diff,chunkedmul.circom,ChunkedMul,sum[9]:lt[15].in:out[15],Yes
zksolid-paper/benchmarks/ed25519-099d19c/batchverify,wit-constr-diff,chunkedmul.circom,ChunkedMul,sum[9]:lt[16].in:out[16],Yes
zksolid-paper/benchmarks/ed25519-099d19c/batchverify,wit-constr-diff,chunkedmul.circom,ChunkedMul,sum[9]:lt[17].in:out[17],Yes
zksolid-paper/benchmarks/ed25519-099d19c/batchverify,wit-constr-diff,chunkedmul.circom,ChunkedMul,sum[9]:lt[19].in:out[19],Yes
zksolid-paper/benchmarks/ed25519-099d19c/batchverify,wit-constr-diff,lt.circom,LessThanBounded,in[0]:out,Yes
zksolid-paper/benchmarks/ed25519-099d19c/batchverify,wit-constr-diff,lt.circom,LessThanBounded,in[1]:out,Yes
zksolid-paper/benchmarks/ed25519-099d19c/batchverify,wit-constr-diff,lt.circom,LessThanPower,in:out,Yes
zksolid-paper/benchmarks/ed25519-099d19c/batchverify,wit-constr-diff,pointcompress.circom,PointCompress,mod_x.out[0]:out[255],Yes
zksolid-paper/benchmarks/ed25519-099d19c/binadd1,uc-outputs,binadd.circom,BinAdd,out[0..9],Yes
zksolid-paper/benchmarks/ed25519-099d19c/binadd1,uc-outputs,binadd.circom,fulladder,carry_out,Yes
zksolid-paper/benchmarks/ed25519-099d19c/binadd1,uc-outputs,binadd.circom,fulladder,val,Yes
zksolid-paper/benchmarks/ed25519-099d19c/binadd1,wit-constr-diff,binadd.circom,fulladder,bit1:carry_out:val,Yes
zksolid-paper/benchmarks/ed25519-099d19c/binadd1,wit-constr-diff,binadd.circom,fulladder,bit2:carry_out:val,Yes
zksolid-paper/benchmarks/ed25519-099d19c/binadd1,wit-constr-diff,binadd.circom,fulladder,carry:carry_out:val,Yes
zksolid-paper/benchmarks/ed25519-099d19c/binadd2,uc-outputs,binadd.circom,BinAdd,out[0..257],Yes
zksolid-paper/benchmarks/ed25519-099d19c/binadd2,uc-outputs,binadd.circom,fulladder,carry_out,Yes
zksolid-paper/benchmarks/ed25519-099d19c/binadd2,uc-outputs,binadd.circom,fulladder,val,Yes
zksolid-paper/benchmarks/ed25519-099d19c/binadd2,wit-constr-diff,binadd.circom,fulladder,bit1:carry_out:val,Yes
zksolid-paper/benchmarks/ed25519-099d19c/binadd2,wit-constr-diff,binadd.circom,fulladder,bit2:carry_out:val,Yes
zksolid-paper/benchmarks/ed25519-099d19c/binadd2,wit-constr-diff,binadd.circom,fulladder,carry:carry_out:val,Yes
zksolid-paper/benchmarks/ed25519-099d19c/binaddirr,uc-outputs,binadd.circom,BinAddIrregular,out[0..57],Yes
zksolid-paper/benchmarks/ed25519-099d19c/binaddirr,uc-outputs,binadd.circom,fulladder,carry_out,Yes
zksolid-paper/benchmarks/ed25519-099d19c/binaddirr,uc-outputs,binadd.circom,fulladder,val,Yes
zksolid-paper/benchmarks/ed25519-099d19c/binaddirr,uc-outputs,binadd.circom,onlycarry,carry_out,Yes
zksolid-paper/benchmarks/ed25519-099d19c/binaddirr,wit-constr-diff,binadd.circom,fulladder,bit1:carry_out:val,Yes
zksolid-paper/benchmarks/ed25519-099d19c/binaddirr,wit-constr-diff,binadd.circom,fulladder,bit2:carry_out:val,Yes
zksolid-paper/benchmarks/ed25519-099d19c/binaddirr,wit-constr-diff,binadd.circom,fulladder,carry:carry_out:val,Yes
zksolid-paper/benchmarks/ed25519-099d19c/binaddirr,wit-constr-diff,binadd.circom,onlycarry,bit:carry_out:val,Yes
zksolid-paper/benchmarks/ed25519-099d19c/binaddirr,wit-constr-diff,binadd.circom,onlycarry,carry:carry_out,Yes
zksolid-paper/benchmarks/ed25519-099d19c/binmul1,uc-outputs,binadd.circom,BinAdd,out[0..145],Yes
zksolid-paper/benchmarks/ed25519-099d19c/binmul1,uc-outputs,binadd.circom,fulladder,carry_out,Yes
zksolid-paper/benchmarks/ed25519-099d19c/binmul1,uc-outputs,binadd.circom,fulladder,val,Yes
zksolid-paper/benchmarks/ed25519-099d19c/binmul1,uc-outputs,chunkedmul.circom,BinMul,out[0..144],Yes
zksolid-paper/benchmarks/ed25519-099d19c/binmul1,uc-subcmp-outputs,chunkedmul.circom,BinMul,adders[0..40].out[144],Yes
zksolid-paper/benchmarks/ed25519-099d19c/binmul1,wit-constr-diff,binadd.circom,fulladder,bit1:carry_out:val,Yes
zksolid-paper/benchmarks/ed25519-099d19c/binmul1,wit-constr-diff,binadd.circom,fulladder,bit2:carry_out:val,Yes
zksolid-paper/benchmarks/ed25519-099d19c/binmul1,wit-constr-diff,binadd.circom,fulladder,carry:carry_out:val,Yes
zksolid-paper/benchmarks/ed25519-099d19c/binmulfast1,uc-outputs,binadd.circom,BinAdd,out[0..145],Yes
zksolid-paper/benchmarks/ed25519-099d19c/binmulfast1,uc-outputs,binadd.circom,fulladder,carry_out,Yes
zksolid-paper/benchmarks/ed25519-099d19c/binmulfast1,uc-outputs,binadd.circom,fulladder,val,Yes
zksolid-paper/benchmarks/ed25519-099d19c/binmulfast1,uc-outputs,chunkedmul.circom,BinMulFast,out[0..144],Yes
zksolid-paper/benchmarks/ed25519-099d19c/binmulfast1,uc-subcmp-outputs,chunkedmul.circom,BinMulFast,adders[0..2].out[144],Yes
zksolid-paper/benchmarks/ed25519-099d19c/binmulfast1,wit-constr-diff,binadd.circom,fulladder,bit1:carry_out:val,Yes
zksolid-paper/benchmarks/ed25519-099d19c/binmulfast1,wit-constr-diff,binadd.circom,fulladder,bit2:carry_out:val,Yes
zksolid-paper/benchmarks/ed25519-099d19c/binmulfast1,wit-constr-diff,binadd.circom,fulladder,carry:carry_out:val,Yes
zksolid-paper/benchmarks/ed25519-099d19c/binmulfast51,non-det-wit,lt.circom,LessThanPower,in,Yes
zksolid-paper/benchmarks/ed25519-099d19c/binmulfast51,uc-outputs,chunkedmul.circom,ChunkedMul,out[7],Yes
zksolid-paper/benchmarks/ed25519-099d19c/binmulfast51,uc-outputs,lt.circom,LessThanPower,out,Yes
zksolid-paper/benchmarks/ed25519-099d19c/binmulfast51,wit-constr-diff,chunkedmul.circom,ChunkedMul,carry[0]:lt[7].in:out[7],Yes
zksolid-paper/benchmarks/ed25519-099d19c/binmulfast51,wit-constr-diff,chunkedmul.circom,ChunkedMul,carry[1]:lt[7].in:out[7],Yes
zksolid-paper/benchmarks/ed25519-099d19c/binmulfast51,wit-constr-diff,chunkedmul.circom,ChunkedMul,carry[2]:lt[7].in:out[7],Yes
zksolid-paper/benchmarks/ed25519-099d19c/binmulfast51,wit-constr-diff,chunkedmul.circom,ChunkedMul,carry[3]:lt[7].in:out[7],Yes
zksolid-paper/benchmarks/ed25519-099d19c/binmulfast51,wit-constr-diff,chunkedmul.circom,ChunkedMul,carry[4]:lt[7].in:out[7],Yes
zksolid-paper/benchmarks/ed25519-099d19c/binmulfast51,wit-constr-diff,chunkedmul.circom,ChunkedMul,carry[5]:lt[7].in:out[7],Yes
zksolid-paper/benchmarks/ed25519-099d19c/binmulfast51,wit-constr-diff,chunkedmul.circom,ChunkedMul,carry[6]:lt[7].in:out[7],Yes
zksolid-paper/benchmarks/ed25519-099d19c/binmulfast51,wit-constr-diff,chunkedmul.circom,ChunkedMul,carry[7]:lt[7].in:out[7],Yes
zksolid-paper/benchmarks/ed25519-099d19c/binmulfast51,wit-constr-diff,chunkedmul.circom,ChunkedMul,in1[0]:lt[7].in:out[7],Yes
zksolid-paper/benchmarks/ed25519-099d19c/binmulfast51,wit-constr-diff,chunkedmul.circom,ChunkedMul,in1[1]:lt[7].in:out[7],Yes
zksolid-paper/benchmarks/ed25519-099d19c/binmulfast51,wit-constr-diff,chunkedmul.circom,ChunkedMul,in1[2]:lt[7].in:out[7],Yes
zksolid-paper/benchmarks/ed25519-099d19c/binmulfast51,wit-constr-diff,chunkedmul.circom,ChunkedMul,in1[3]:lt[7].in:out[7],Yes
zksolid-paper/benchmarks/ed25519-099d19c/binmulfast51,wit-constr-diff,chunkedmul.circom,ChunkedMul,in2[0]:lt[7].in:out[7],Yes
zksolid-paper/benchmarks/ed25519-099d19c/binmulfast51,wit-constr-diff,chunkedmul.circom,ChunkedMul,in2[1]:lt[7].in:out[7],Yes
zksolid-paper/benchmarks/ed25519-099d19c/binmulfast51,wit-constr-diff,chunkedmul.circom,ChunkedMul,in2[2]:lt[7].in:out[7],Yes
zksolid-paper/benchmarks/ed25519-099d19c/binmulfast51,wit-constr-diff,chunkedmul.circom,ChunkedMul,in2[3]:lt[7].in:out[7],Yes
zksolid-paper/benchmarks/ed25519-099d19c/binmulfast51,wit-constr-diff,chunkedmul.circom,ChunkedMul,pp[0]:lt[7].in:out[7],Yes
zksolid-paper/benchmarks/ed25519-099d19c/binmulfast51,wit-constr-diff,chunkedmul.circom,ChunkedMul,pp[10]:lt[7].in:out[7],Yes
zksolid-paper/benchmarks/ed25519-099d19c/binmulfast51,wit-constr-diff,chunkedmul.circom,ChunkedMul,pp[11]:lt[7].in:out[7],Yes
zksolid-paper/benchmarks/ed25519-099d19c/binmulfast51,wit-constr-diff,chunkedmul.circom,ChunkedMul,pp[12]:lt[7].in:out[7],Yes
zksolid-paper/benchmarks/ed25519-099d19c/binmulfast51,wit-constr-diff,chunkedmul.circom,ChunkedMul,pp[13]:lt[7].in:out[7],Yes
zksolid-paper/benchmarks/ed25519-099d19c/binmulfast51,wit-constr-diff,chunkedmul.circom,ChunkedMul,pp[14]:lt[7].in:out[7],Yes
zksolid-paper/benchmarks/ed25519-099d19c/binmulfast51,wit-constr-diff,chunkedmul.circom,ChunkedMul,pp[15]:lt[7].in:out[7],Yes
zksolid-paper/benchmarks/ed25519-099d19c/binmulfast51,wit-constr-diff,chunkedmul.circom,ChunkedMul,pp[16]:lt[7].in:out[7],Yes
zksolid-paper/benchmarks/ed25519-099d19c/binmulfast51,wit-constr-diff,chunkedmul.circom,ChunkedMul,pp[17]:lt[7].in:out[7],Yes
zksolid-paper/benchmarks/ed25519-099d19c/binmulfast51,wit-constr-diff,chunkedmul.circom,ChunkedMul,pp[18]:lt[7].in:out[7],Yes
zksolid-paper/benchmarks/ed25519-099d19c/binmulfast51,wit-constr-diff,chunkedmul.circom,ChunkedMul,pp[19]:lt[7].in:out[7],Yes
zksolid-paper/benchmarks/ed25519-099d19c/binmulfast51,wit-constr-diff,chunkedmul.circom,ChunkedMul,pp[1]:lt[7].in:out[7],Yes
zksolid-paper/benchmarks/ed25519-099d19c/binmulfast51,wit-constr-diff,chunkedmul.circom,ChunkedMul,pp[20]:lt[7].in:out[7],Yes
zksolid-paper/benchmarks/ed25519-099d19c/binmulfast51,wit-constr-diff,chunkedmul.circom,ChunkedMul,pp[21]:lt[7].in:out[7],Yes
zksolid-paper/benchmarks/ed25519-099d19c/binmulfast51,wit-constr-diff,chunkedmul.circom,ChunkedMul,pp[22]:lt[7].in:out[7],Yes
zksolid-paper/benchmarks/ed25519-099d19c/binmulfast51,wit-constr-diff,chunkedmul.circom,ChunkedMul,pp[23]:lt[7].in:out[7],Yes
zksolid-paper/benchmarks/ed25519-099d19c/binmulfast51,wit-constr-diff,chunkedmul.circom,ChunkedMul,pp[24]:lt[7].in:out[7],Yes
zksolid-paper/benchmarks/ed25519-099d19c/binmulfast51,wit-constr-diff,chunkedmul.circom,ChunkedMul,pp[25]:lt[7].in:out[7],Yes
zksolid-paper/benchmarks/ed25519-099d19c/binmulfast51,wit-constr-diff,chunkedmul.circom,ChunkedMul,pp[26]:lt[7].in:out[7],Yes
zksolid-paper/benchmarks/ed25519-099d19c/binmulfast51,wit-constr-diff,chunkedmul.circom,ChunkedMul,pp[27]:lt[7].in:out[7],Yes
zksolid-paper/benchmarks/ed25519-099d19c/binmulfast51,wit-constr-diff,chunkedmul.circom,ChunkedMul,pp[2]:lt[7].in:out[7],Yes
zksolid-paper/benchmarks/ed25519-099d19c/binmulfast51,wit-constr-diff,chunkedmul.circom,ChunkedMul,pp[3]:lt[7].in:out[7],Yes
zksolid-paper/benchmarks/ed25519-099d19c/binmulfast51,wit-constr-diff,chunkedmul.circom,ChunkedMul,pp[4]:lt[7].in:out[7],Yes
zksolid-paper/benchmarks/ed25519-099d19c/binmulfast51,wit-constr-diff,chunkedmul.circom,ChunkedMul,pp[5]:lt[7].in:out[7],Yes
zksolid-paper/benchmarks/ed25519-099d19c/binmulfast51,wit-constr-diff,chunkedmul.circom,ChunkedMul,pp[6]:lt[7].in:out[7],Yes
zksolid-paper/benchmarks/ed25519-099d19c/binmulfast51,wit-constr-diff,chunkedmul.circom,ChunkedMul,pp[7]:lt[7].in:out[7],Yes
zksolid-paper/benchmarks/ed25519-099d19c/binmulfast51,wit-constr-diff,chunkedmul.circom,ChunkedMul,pp[8]:lt[7].in:out[7],Yes
zksolid-paper/benchmarks/ed25519-099d19c/binmulfast51,wit-constr-diff,chunkedmul.circom,ChunkedMul,pp[9]:lt[7].in:out[7],Yes
zksolid-paper/benchmarks/ed25519-099d19c/binmulfast51,wit-constr-diff,chunkedmul.circom,ChunkedMul,sum[0]:lt[7].in:out[7],Yes
zksolid-paper/benchmarks/ed25519-099d19c/binmulfast51,wit-constr-diff,chunkedmul.circom,ChunkedMul,sum[1]:lt[7].in:out[7],Yes
zksolid-paper/benchmarks/ed25519-099d19c/binmulfast51,wit-constr-diff,chunkedmul.circom,ChunkedMul,sum[2]:lt[7].in:out[7],Yes
zksolid-paper/benchmarks/ed25519-099d19c/binmulfast51,wit-constr-diff,chunkedmul.circom,ChunkedMul,sum[3]:lt[7].in:out[7],Yes
zksolid-paper/benchmarks/ed25519-099d19c/binmulfast51,wit-constr-diff,chunkedmul.circom,ChunkedMul,sum[4]:lt[7].in:out[7],Yes
zksolid-paper/benchmarks/ed25519-099d19c/binmulfast51,wit-constr-diff,chunkedmul.circom,ChunkedMul,sum[5]:lt[7].in:out[7],Yes
zksolid-paper/benchmarks/ed25519-099d19c/binmulfast51,wit-constr-diff,chunkedmul.circom,ChunkedMul,sum[6]:lt[7].in:out[7],Yes
zksolid-paper/benchmarks/ed25519-099d19c/binmulfast51,wit-constr-diff,lt.circom,LessThanPower,in:out,Yes
zksolid-paper/benchmarks/ed25519-099d19c/binmulfast51_1,non-det-wit,lt.circom,LessThanPower,in,Yes
zksolid-paper/benchmarks/ed25519-099d19c/binmulfast51_1,uc-outputs,chunkedmul.circom,ChunkedMul,out[7],Yes
zksolid-paper/benchmarks/ed25519-099d19c/binmulfast51_1,uc-outputs,lt.circom,LessThanPower,out,Yes
zksolid-paper/benchmarks/ed25519-099d19c/binmulfast51_1,wit-constr-diff,chunkedmul.circom,ChunkedMul,carry[0]:lt[7].in:out[7],Yes
zksolid-paper/benchmarks/ed25519-099d19c/binmulfast51_1,wit-constr-diff,chunkedmul.circom,ChunkedMul,carry[1]:lt[7].in:out[7],Yes
zksolid-paper/benchmarks/ed25519-099d19c/binmulfast51_1,wit-constr-diff,chunkedmul.circom,ChunkedMul,carry[2]:lt[7].in:out[7],Yes
zksolid-paper/benchmarks/ed25519-099d19c/binmulfast51_1,wit-constr-diff,chunkedmul.circom,ChunkedMul,carry[3]:lt[7].in:out[7],Yes
zksolid-paper/benchmarks/ed25519-099d19c/binmulfast51_1,wit-constr-diff,chunkedmul.circom,ChunkedMul,carry[4]:lt[7].in:out[7],Yes
zksolid-paper/benchmarks/ed25519-099d19c/binmulfast51_1,wit-constr-diff,chunkedmul.circom,ChunkedMul,carry[5]:lt[7].in:out[7],Yes
zksolid-paper/benchmarks/ed25519-099d19c/binmulfast51_1,wit-constr-diff,chunkedmul.circom,ChunkedMul,carry[6]:lt[7].in:out[7],Yes
zksolid-paper/benchmarks/ed25519-099d19c/binmulfast51_1,wit-constr-diff,chunkedmul.circom,ChunkedMul,carry[7]:lt[7].in:out[7],Yes
zksolid-paper/benchmarks/ed25519-099d19c/binmulfast51_1,wit-constr-diff,chunkedmul.circom,ChunkedMul,in1[0]:lt[7].in:out[7],Yes
zksolid-paper/benchmarks/ed25519-099d19c/binmulfast51_1,wit-constr-diff,chunkedmul.circom,ChunkedMul,in1[1]:lt[7].in:out[7],Yes
zksolid-paper/benchmarks/ed25519-099d19c/binmulfast51_1,wit-constr-diff,chunkedmul.circom,ChunkedMul,in1[2]:lt[7].in:out[7],Yes
zksolid-paper/benchmarks/ed25519-099d19c/binmulfast51_1,wit-constr-diff,chunkedmul.circom,ChunkedMul,in1[3]:lt[7].in:out[7],Yes
zksolid-paper/benchmarks/ed25519-099d19c/binmulfast51_1,wit-constr-diff,chunkedmul.circom,ChunkedMul,in2[0]:lt[7].in:out[7],Yes
zksolid-paper/benchmarks/ed25519-099d19c/binmulfast51_1,wit-constr-diff,chunkedmul.circom,ChunkedMul,in2[1]:lt[7].in:out[7],Yes
zksolid-paper/benchmarks/ed25519-099d19c/binmulfast51_1,wit-constr-diff,chunkedmul.circom,ChunkedMul,in2[2]:lt[7].in:out[7],Yes
zksolid-paper/benchmarks/ed25519-099d19c/binmulfast51_1,wit-constr-diff,chunkedmul.circom,ChunkedMul,in2[3]:lt[7].in:out[7],Yes
zksolid-paper/benchmarks/ed25519-099d19c/binmulfast51_1,wit-constr-diff,chunkedmul.circom,ChunkedMul,pp[0]:lt[7].in:out[7],Yes
zksolid-paper/benchmarks/ed25519-099d19c/binmulfast51_1,wit-constr-diff,chunkedmul.circom,ChunkedMul,pp[10]:lt[7].in:out[7],Yes
zksolid-paper/benchmarks/ed25519-099d19c/binmulfast51_1,wit-constr-diff,chunkedmul.circom,ChunkedMul,pp[11]:lt[7].in:out[7],Yes
zksolid-paper/benchmarks/ed25519-099d19c/binmulfast51_1,wit-constr-diff,chunkedmul.circom,ChunkedMul,pp[12]:lt[7].in:out[7],Yes
zksolid-paper/benchmarks/ed25519-099d19c/binmulfast51_1,wit-constr-diff,chunkedmul.circom,ChunkedMul,pp[13]:lt[7].in:out[7],Yes
zksolid-paper/benchmarks/ed25519-099d19c/binmulfast51_1,wit-constr-diff,chunkedmul.circom,ChunkedMul,pp[14]:lt[7].in:out[7],Yes
zksolid-paper/benchmarks/ed25519-099d19c/binmulfast51_1,wit-constr-diff,chunkedmul.circom,ChunkedMul,pp[15]:lt[7].in:out[7],Yes
zksolid-paper/benchmarks/ed25519-099d19c/binmulfast51_1,wit-constr-diff,chunkedmul.circom,ChunkedMul,pp[16]:lt[7].in:out[7],Yes
zksolid-paper/benchmarks/ed25519-099d19c/binmulfast51_1,wit-constr-diff,chunkedmul.circom,ChunkedMul,pp[17]:lt[7].in:out[7],Yes
zksolid-paper/benchmarks/ed25519-099d19c/binmulfast51_1,wit-constr-diff,chunkedmul.circom,ChunkedMul,pp[18]:lt[7].in:out[7],Yes
zksolid-paper/benchmarks/ed25519-099d19c/binmulfast51_1,wit-constr-diff,chunkedmul.circom,ChunkedMul,pp[19]:lt[7].in:out[7],Yes
zksolid-paper/benchmarks/ed25519-099d19c/binmulfast51_1,wit-constr-diff,chunkedmul.circom,ChunkedMul,pp[1]:lt[7].in:out[7],Yes
zksolid-paper/benchmarks/ed25519-099d19c/binmulfast51_1,wit-constr-diff,chunkedmul.circom,ChunkedMul,pp[20]:lt[7].in:out[7],Yes
zksolid-paper/benchmarks/ed25519-099d19c/binmulfast51_1,wit-constr-diff,chunkedmul.circom,ChunkedMul,pp[21]:lt[7].in:out[7],Yes
zksolid-paper/benchmarks/ed25519-099d19c/binmulfast51_1,wit-constr-diff,chunkedmul.circom,ChunkedMul,pp[22]:lt[7].in:out[7],Yes
zksolid-paper/benchmarks/ed25519-099d19c/binmulfast51_1,wit-constr-diff,chunkedmul.circom,ChunkedMul,pp[23]:lt[7].in:out[7],Yes
zksolid-paper/benchmarks/ed25519-099d19c/binmulfast51_1,wit-constr-diff,chunkedmul.circom,ChunkedMul,pp[24]:lt[7].in:out[7],Yes
zksolid-paper/benchmarks/ed25519-099d19c/binmulfast51_1,wit-constr-diff,chunkedmul.circom,ChunkedMul,pp[25]:lt[7].in:out[7],Yes
zksolid-paper/benchmarks/ed25519-099d19c/binmulfast51_1,wit-constr-diff,chunkedmul.circom,ChunkedMul,pp[26]:lt[7].in:out[7],Yes
zksolid-paper/benchmarks/ed25519-099d19c/binmulfast51_1,wit-constr-diff,chunkedmul.circom,ChunkedMul,pp[27]:lt[7].in:out[7],Yes
zksolid-paper/benchmarks/ed25519-099d19c/binmulfast51_1,wit-constr-diff,chunkedmul.circom,ChunkedMul,pp[2]:lt[7].in:out[7],Yes
zksolid-paper/benchmarks/ed25519-099d19c/binmulfast51_1,wit-constr-diff,chunkedmul.circom,ChunkedMul,pp[3]:lt[7].in:out[7],Yes
zksolid-paper/benchmarks/ed25519-099d19c/binmulfast51_1,wit-constr-diff,chunkedmul.circom,ChunkedMul,pp[4]:lt[7].in:out[7],Yes
zksolid-paper/benchmarks/ed25519-099d19c/binmulfast51_1,wit-constr-diff,chunkedmul.circom,ChunkedMul,pp[5]:lt[7].in:out[7],Yes
zksolid-paper/benchmarks/ed25519-099d19c/binmulfast51_1,wit-constr-diff,chunkedmul.circom,ChunkedMul,pp[6]:lt[7].in:out[7],Yes
zksolid-paper/benchmarks/ed25519-099d19c/binmulfast51_1,wit-constr-diff,chunkedmul.circom,ChunkedMul,pp[7]:lt[7].in:out[7],Yes
zksolid-paper/benchmarks/ed25519-099d19c/binmulfast51_1,wit-constr-diff,chunkedmul.circom,ChunkedMul,pp[8]:lt[7].in:out[7],Yes
zksolid-paper/benchmarks/ed25519-099d19c/binmulfast51_1,wit-constr-diff,chunkedmul.circom,ChunkedMul,pp[9]:lt[7].in:out[7],Yes
zksolid-paper/benchmarks/ed25519-099d19c/binmulfast51_1,wit-constr-diff,chunkedmul.circom,ChunkedMul,sum[0]:lt[7].in:out[7],Yes
zksolid-paper/benchmarks/ed25519-099d19c/binmulfast51_1,wit-constr-diff,chunkedmul.circom,ChunkedMul,sum[1]:lt[7].in:out[7],Yes
zksolid-paper/benchmarks/ed25519-099d19c/binmulfast51_1,wit-constr-diff,chunkedmul.circom,ChunkedMul,sum[2]:lt[7].in:out[7],Yes
zksolid-paper/benchmarks/ed25519-099d19c/binmulfast51_1,wit-constr-diff,chunkedmul.circom,ChunkedMul,sum[3]:lt[7].in:out[7],Yes
zksolid-paper/benchmarks/ed25519-099d19c/binmulfast51_1,wit-constr-diff,chunkedmul.circom,ChunkedMul,sum[4]:lt[7].in:out[7],Yes
zksolid-paper/benchmarks/ed25519-099d19c/binmulfast51_1,wit-constr-diff,chunkedmul.circom,ChunkedMul,sum[5]:lt[7].in:out[7],Yes
zksolid-paper/benchmarks/ed25519-099d19c/binmulfast51_1,wit-constr-diff,chunkedmul.circom,ChunkedMul,sum[6]:lt[7].in:out[7],Yes
zksolid-paper/benchmarks/ed25519-099d19c/binmulfast51_1,wit-constr-diff,lt.circom,LessThanPower,in:out,Yes
zksolid-paper/benchmarks/ed25519-099d19c/binmulfast51_2,non-det-wit,lt.circom,LessThanPower,in,Yes
zksolid-paper/benchmarks/ed25519-099d19c/binmulfast51_2,uc-outputs,chunkedmul.circom,ChunkedMul,out[4],Yes
zksolid-paper/benchmarks/ed25519-099d19c/binmulfast51_2,uc-outputs,lt.circom,LessThanPower,out,Yes
zksolid-paper/benchmarks/ed25519-099d19c/binmulfast51_2,wit-constr-diff,chunkedmul.circom,ChunkedMul,carry[0]:lt[4].in:out[4],Yes
zksolid-paper/benchmarks/ed25519-099d19c/binmulfast51_2,wit-constr-diff,chunkedmul.circom,ChunkedMul,carry[1]:lt[4].in:out[4],Yes
zksolid-paper/benchmarks/ed25519-099d19c/binmulfast51_2,wit-constr-diff,chunkedmul.circom,ChunkedMul,carry[2]:lt[4].in:out[4],Yes
zksolid-paper/benchmarks/ed25519-099d19c/binmulfast51_2,wit-constr-diff,chunkedmul.circom,ChunkedMul,carry[3]:lt[4].in:out[4],Yes
zksolid-paper/benchmarks/ed25519-099d19c/binmulfast51_2,wit-constr-diff,chunkedmul.circom,ChunkedMul,carry[4]:lt[4].in:out[4],Yes
zksolid-paper/benchmarks/ed25519-099d19c/binmulfast51_2,wit-constr-diff,chunkedmul.circom,ChunkedMul,in1[0]:lt[4].in:out[4],Yes
zksolid-paper/benchmarks/ed25519-099d19c/binmulfast51_2,wit-constr-diff,chunkedmul.circom,ChunkedMul,in1[1]:lt[4].in:out[4],Yes
zksolid-paper/benchmarks/ed25519-099d19c/binmulfast51_2,wit-constr-diff,chunkedmul.circom,ChunkedMul,in1[2]:lt[4].in:out[4],Yes
zksolid-paper/benchmarks/ed25519-099d19c/binmulfast51_2,wit-constr-diff,chunkedmul.circom,ChunkedMul,in1[3]:lt[4].in:out[4],Yes
zksolid-paper/benchmarks/ed25519-099d19c/binmulfast51_2,wit-constr-diff,chunkedmul.circom,ChunkedMul,in2[0]:lt[4].in:out[4],Yes
zksolid-paper/benchmarks/ed25519-099d19c/binmulfast51_2,wit-constr-diff,chunkedmul.circom,ChunkedMul,pp[0]:lt[4].in:out[4],Yes
zksolid-paper/benchmarks/ed25519-099d19c/binmulfast51_2,wit-constr-diff,chunkedmul.circom,ChunkedMul,pp[1]:lt[4].in:out[4],Yes
zksolid-paper/benchmarks/ed25519-099d19c/binmulfast51_2,wit-constr-diff,chunkedmul.circom,ChunkedMul,pp[2]:lt[4].in:out[4],Yes
zksolid-paper/benchmarks/ed25519-099d19c/binmulfast51_2,wit-constr-diff,chunkedmul.circom,ChunkedMul,pp[3]:lt[4].in:out[4],Yes
zksolid-paper/benchmarks/ed25519-099d19c/binmulfast51_2,wit-constr-diff,chunkedmul.circom,ChunkedMul,sum[0]:lt[4].in:out[4],Yes
zksolid-paper/benchmarks/ed25519-099d19c/binmulfast51_2,wit-constr-diff,chunkedmul.circom,ChunkedMul,sum[1]:lt[4].in:out[4],Yes
zksolid-paper/benchmarks/ed25519-099d19c/binmulfast51_2,wit-constr-diff,chunkedmul.circom,ChunkedMul,sum[2]:lt[4].in:out[4],Yes
zksolid-paper/benchmarks/ed25519-099d19c/binmulfast51_2,wit-constr-diff,chunkedmul.circom,ChunkedMul,sum[3]:lt[4].in:out[4],Yes
zksolid-paper/benchmarks/ed25519-099d19c/binmulfast51_2,wit-constr-diff,lt.circom,LessThanPower,in:out,Yes
zksolid-paper/benchmarks/ed25519-099d19c/binmullessthan51,non-det-wit,lt.circom,LessThanPower,in,Yes
zksolid-paper/benchmarks/ed25519-099d19c/binmullessthan51,uc-outputs,lt.circom,LessThanPower,out,Yes
zksolid-paper/benchmarks/ed25519-099d19c/binmullessthan51,wit-constr-diff,lt.circom,LessThanPower,in:out,Yes
zksolid-paper/benchmarks/ed25519-099d19c/binsub1,uc-outputs,binadd.circom,BinAdd,out[0..202],Yes
zksolid-paper/benchmarks/ed25519-099d19c/binsub1,uc-outputs,binadd.circom,fulladder,carry_out,Yes
zksolid-paper/benchmarks/ed25519-099d19c/binsub1,uc-outputs,binadd.circom,fulladder,val,Yes
zksolid-paper/benchmarks/ed25519-099d19c/binsub1,uc-outputs,binsub.circom,BinSub,out[0..201],Yes
zksolid-paper/benchmarks/ed25519-099d19c/binsub1,uc-subcmp-outputs,binsub.circom,BinSub,add1ToFlipped.out[201],Yes
zksolid-paper/benchmarks/ed25519-099d19c/binsub1,uc-subcmp-outputs,binsub.circom,BinSub,addWithComplement.out[201],Yes
zksolid-paper/benchmarks/ed25519-099d19c/binsub1,wit-constr-diff,binadd.circom,fulladder,bit1:carry_out:val,Yes
zksolid-paper/benchmarks/ed25519-099d19c/binsub1,wit-constr-diff,binadd.circom,fulladder,bit2:carry_out:val,Yes
zksolid-paper/benchmarks/ed25519-099d19c/binsub1,wit-constr-diff,binadd.circom,fulladder,carry:carry_out:val,Yes
zksolid-paper/benchmarks/ed25519-099d19c/chunkedadd,non-det-wit,lt.circom,LessThanPower,in,Yes
zksolid-paper/benchmarks/ed25519-099d19c/chunkedadd,uc-outputs,lt.circom,LessThanPower,out,Yes
zksolid-paper/benchmarks/ed25519-099d19c/chunkedadd,wit-constr-diff,lt.circom,LessThanPower,in:out,Yes
zksolid-paper/benchmarks/ed25519-099d19c/chunkedadd1,non-det-wit,lt.circom,LessThanPower,in,Yes
zksolid-paper/benchmarks/ed25519-099d19c/chunkedadd1,uc-outputs,lt.circom,LessThanPower,out,Yes
zksolid-paper/benchmarks/ed25519-099d19c/chunkedadd1,wit-constr-diff,lt.circom,LessThanPower,in:out,Yes
zksolid-paper/benchmarks/ed25519-099d19c/chunkedmodulus,non-det-wit,lt.circom,LessThanBounded,in[0..2],Yes
zksolid-paper/benchmarks/ed25519-099d19c/chunkedmodulus,non-det-wit,lt.circom,LessThanPower,in,Yes
zksolid-paper/benchmarks/ed25519-099d19c/chunkedmodulus,uc-outputs,chunkedmul.circom,ChunkedMul,out[11],Yes
zksolid-paper/benchmarks/ed25519-099d19c/chunkedmodulus,uc-outputs,chunkedmul.circom,ChunkedMul,out[13],Yes
zksolid-paper/benchmarks/ed25519-099d19c/chunkedmodulus,uc-outputs,chunkedmul.circom,ChunkedMul,out[15],Yes
zksolid-paper/benchmarks/ed25519-099d19c/chunkedmodulus,uc-outputs,chunkedmul.circom,ChunkedMul,out[17],Yes
zksolid-paper/benchmarks/ed25519-099d19c/chunkedmodulus,uc-outputs,chunkedmul.circom,ChunkedMul,out[1],Yes
zksolid-paper/benchmarks/ed25519-099d19c/chunkedmodulus,uc-outputs,chunkedmul.circom,ChunkedMul,out[3],Yes
zksolid-paper/benchmarks/ed25519-099d19c/chunkedmodulus,uc-outputs,chunkedmul.circom,ChunkedMul,out[5],Yes
zksolid-paper/benchmarks/ed25519-099d19c/chunkedmodulus,uc-outputs,chunkedmul.circom,ChunkedMul,out[7],Yes
zksolid-paper/benchmarks/ed25519-099d19c/chunkedmodulus,uc-outputs,chunkedmul.circom,ChunkedMul,out[9],Yes
zksolid-paper/benchmarks/ed25519-099d19c/chunkedmodulus,uc-outputs,lt.circom,LessThanBounded,out,Yes
zksolid-paper/benchmarks/ed25519-099d19c/chunkedmodulus,uc-outputs,lt.circom,LessThanPower,out,Yes
zksolid-paper/benchmarks/ed25519-099d19c/chunkedmodulus,uc-subcmp-outputs,modulus.circom,ModulusAgainst2PChunked51,mux.out[3],Yes
zksolid-paper/benchmarks/ed25519-099d19c/chunkedmodulus,wit-constr-diff,chunkedmul.circom,ChunkedMul,carry[0]:lt[11].in:out[11],Yes
zksolid-paper/benchmarks/ed25519-099d19c/chunkedmodulus,wit-constr-diff,chunkedmul.circom,ChunkedMul,carry[0]:lt[13].in:out[13],Yes
zksolid-paper/benchmarks/ed25519-099d19c/chunkedmodulus,wit-constr-diff,chunkedmul.circom,ChunkedMul,carry[0]:lt[15].in:out[15],Yes
zksolid-paper/benchmarks/ed25519-099d19c/chunkedmodulus,wit-constr-diff,chunkedmul.circom,ChunkedMul,carry[0]:lt[17].in:out[17],Yes
zksolid-paper/benchmarks/ed25519-099d19c/chunkedmodulus,wit-constr-diff,chunkedmul.circom,ChunkedMul,carry[0]:lt[1].in:out[1],Yes
zksolid-paper/benchmarks/ed25519-099d19c/chunkedmodulus,wit-constr-diff,chunkedmul.circom,ChunkedMul,carry[0]:lt[3].in:out[3],Yes
zksolid-paper/benchmarks/ed25519-099d19c/chunkedmodulus,wit-constr-diff,chunkedmul.circom,ChunkedMul,carry[0]:lt[5].in:out[5],Yes
zksolid-paper/benchmarks/ed25519-099d19c/chunkedmodulus,wit-constr-diff,chunkedmul.circom,ChunkedMul,carry[0]:lt[7].in:out[7],Yes
zksolid-paper/benchmarks/ed25519-099d19c/chunkedmodulus,wit-constr-diff,chunkedmul.circom,ChunkedMul,carry[0]:lt[9].in:out[9],Yes
zksolid-paper/benchmarks/ed25519-099d19c/chunkedmodulus,wit-constr-diff,chunkedmul.circom,ChunkedMul,carry[10]:lt[11].in:out[11],Yes
zksolid-paper/benchmarks/ed25519-099d19c/chunkedmodulus,wit-constr-diff,chunkedmul.circom,ChunkedMul,carry[10]:lt[13].in:out[13],Yes
zksolid-paper/benchmarks/ed25519-099d19c/chunkedmodulus,wit-constr-diff,chunkedmul.circom,ChunkedMul,carry[10]:lt[15].in:out[15],Yes
zksolid-paper/benchmarks/ed25519-099d19c/chunkedmodulus,wit-constr-diff,chunkedmul.circom,ChunkedMul,carry[10]:lt[17].in:out[17],Yes
zksolid-paper/benchmarks/ed25519-099d19c/chunkedmodulus,wit-constr-diff,chunkedmul.circom,ChunkedMul,carry[11]:lt[11].in:out[11],Yes
zksolid-paper/benchmarks/ed25519-099d19c/chunkedmodulus,wit-constr-diff,chunkedmul.circom,ChunkedMul,carry[11]:lt[13].in:out[13],Yes
zksolid-paper/benchmarks/ed25519-099d19c/chunkedmodulus,wit-constr-diff,chunkedmul.circom,ChunkedMul,carry[11]:lt[15].in:out[15],Yes
zksolid-paper/benchmarks/ed25519-099d19c/chunkedmodulus,wit-constr-diff,chunkedmul.circom,ChunkedMul,carry[11]:lt[17].in:out[17],Yes
zksolid-paper/benchmarks/ed25519-099d19c/chunkedmodulus,wit-constr-diff,chunkedmul.circom,ChunkedMul,carry[12]:lt[13].in:out[13],Yes
zksolid-paper/benchmarks/ed25519-099d19c/chunkedmodulus,wit-constr-diff,chunkedmul.circom,ChunkedMul,carry[12]:lt[15].in:out[15],Yes
zksolid-paper/benchmarks/ed25519-099d19c/chunkedmodulus,wit-constr-diff,chunkedmul.circom,ChunkedMul,carry[12]:lt[17].in:out[17],Yes
zksolid-paper/benchmarks/ed25519-099d19c/chunkedmodulus,wit-constr-diff,chunkedmul.circom,ChunkedMul,carry[13]:lt[13].in:out[13],Yes
zksolid-paper/benchmarks/ed25519-099d19c/chunkedmodulus,wit-constr-diff,chunkedmul.circom,ChunkedMul,carry[13]:lt[15].in:out[15],Yes
zksolid-paper/benchmarks/ed25519-099d19c/chunkedmodulus,wit-constr-diff,chunkedmul.circom,ChunkedMul,carry[13]:lt[17].in:out[17],Yes
zksolid-paper/benchmarks/ed25519-099d19c/chunkedmodulus,wit-constr-diff,chunkedmul.circom,ChunkedMul,carry[14]:lt[15].in:out[15],Yes
zksolid-paper/benchmarks/ed25519-099d19c/chunkedmodulus,wit-constr-diff,chunkedmul.circom,ChunkedMul,carry[14]:lt[17].in:out[17],Yes
zksolid-paper/benchmarks/ed25519-099d19c/chunkedmodulus,wit-constr-diff,chunkedmul.circom,ChunkedMul,carry[15]:lt[15].in:out[15],Yes
zksolid-paper/benchmarks/ed25519-099d19c/chunkedmodulus,wit-constr-diff,chunkedmul.circom,ChunkedMul,carry[15]:lt[17].in:out[17],Yes
zksolid-paper/benchmarks/ed25519-099d19c/chunkedmodulus,wit-constr-diff,chunkedmul.circom,ChunkedMul,carry[16]:lt[17].in:out[17],Yes
zksolid-paper/benchmarks/ed25519-099d19c/chunkedmodulus,wit-constr-diff,chunkedmul.circom,ChunkedMul,carry[17]:lt[17].in:out[17],Yes
zksolid-paper/benchmarks/ed25519-099d19c/chunkedmodulus,wit-constr-diff,chunkedmul.circom,ChunkedMul,carry[1]:lt[11].in:out[11],Yes
zksolid-paper/benchmarks/ed25519-099d19c/chunkedmodulus,wit-constr-diff,chunkedmul.circom,ChunkedMul,carry[1]:lt[13].in:out[13],Yes
zksolid-paper/benchmarks/ed25519-099d19c/chunkedmodulus,wit-constr-diff,chunkedmul.circom,ChunkedMul,carry[1]:lt[15].in:out[15],Yes
zksolid-paper/benchmarks/ed25519-099d19c/chunkedmodulus,wit-constr-diff,chunkedmul.circom,ChunkedMul,carry[1]:lt[17].in:out[17],Yes
zksolid-paper/benchmarks/ed25519-099d19c/chunkedmodulus,wit-constr-diff,chunkedmul.circom,ChunkedMul,carry[1]:lt[1].in:out[1],Yes
zksolid-paper/benchmarks/ed25519-099d19c/chunkedmodulus,wit-constr-diff,chunkedmul.circom,ChunkedMul,carry[1]:lt[3].in:out[3],Yes
zksolid-paper/benchmarks/ed25519-099d19c/chunkedmodulus,wit-constr-diff,chunkedmul.circom,ChunkedMul,carry[1]:lt[5].in:out[5],Yes
zksolid-paper/benchmarks/ed25519-099d19c/chunkedmodulus,wit-constr-diff,chunkedmul.circom,ChunkedMul,carry[1]:lt[7].in:out[7],Yes
zksolid-paper/benchmarks/ed25519-099d19c/chunkedmodulus,wit-constr-diff,chunkedmul.circom,ChunkedMul,carry[1]:lt[9].in:out[9],Yes
zksolid-paper/benchmarks/ed25519-099d19c/chunkedmodulus,wit-constr-diff,chunkedmul.circom,ChunkedMul,carry[2]:lt[11].in:out[11],Yes
zksolid-paper/benchmarks/ed25519-099d19c/chunkedmodulus,wit-constr-diff,chunkedmul.circom,ChunkedMul,carry[2]:lt[13].in:out[13],Yes
zksolid-paper/benchmarks/ed25519-099d19c/chunkedmodulus,wit-constr-diff,chunkedmul.circom,ChunkedMul,carry[2]:lt[15].in:out[15],Yes
zksolid-paper/benchmarks/ed25519-099d19c/chunkedmodulus,wit-constr-diff,chunkedmul.circom,ChunkedMul,carry[2]:lt[17].in:out[17],Yes
zksolid-paper/benchmarks/ed25519-099d19c/chunkedmodulus,wit-constr-diff,chunkedmul.circom,ChunkedMul,carry[2]:lt[3].in:out[3],Yes
zksolid-paper/benchmarks/ed25519-099d19c/chunkedmodulus,wit-constr-diff,chunkedmul.circom,ChunkedMul,carry[2]:lt[5].in:out[5],Yes
zksolid-paper/benchmarks/ed25519-099d19c/chunkedmodulus,wit-constr-diff,chunkedmul.circom,ChunkedMul,carry[2]:lt[7].in:out[7],Yes
zksolid-paper/benchmarks/ed25519-099d19c/chunkedmodulus,wit-constr-diff,chunkedmul.circom,ChunkedMul,carry[2]:lt[9].in:out[9],Yes
zksolid-paper/benchmarks/ed25519-099d19c/chunkedmodulus,wit-constr-diff,chunkedmul.circom,ChunkedMul,carry[3]:lt[11].in:out[11],Yes
zksolid-paper/benchmarks/ed25519-099d19c/chunkedmodulus,wit-constr-diff,chunkedmul.circom,ChunkedMul,carry[3]:lt[13].in:out[13],Yes
zksolid-paper/benchmarks/ed25519-099d19c/chunkedmodulus,wit-constr-diff,chunkedmul.circom,ChunkedMul,carry[3]:lt[15].in:out[15],Yes
zksolid-paper/benchmarks/ed25519-099d19c/chunkedmodulus,wit-constr-diff,chunkedmul.circom,ChunkedMul,carry[3]:lt[17].in:out[17],Yes
zksolid-paper/benchmarks/ed25519-099d19c/chunkedmodulus,wit-constr-diff,chunkedmul.circom,ChunkedMul,carry[3]:lt[3].in:out[3],Yes
zksolid-paper/benchmarks/ed25519-099d19c/chunkedmodulus,wit-constr-diff,chunkedmul.circom,ChunkedMul,carry[3]:lt[5].in:out[5],Yes
zksolid-paper/benchmarks/ed25519-099d19c/chunkedmodulus,wit-constr-diff,chunkedmul.circom,ChunkedMul,carry[3]:lt[7].in:out[7],Yes
zksolid-paper/benchmarks/ed25519-099d19c/chunkedmodulus,wit-constr-diff,chunkedmul.circom,ChunkedMul,carry[3]:lt[9].in:out[9],Yes
zksolid-paper/benchmarks/ed25519-099d19c/chunkedmodulus,wit-constr-diff,chunkedmul.circom,ChunkedMul,carry[4]:lt[11].in:out[11],Yes
zksolid-paper/benchmarks/ed25519-099d19c/chunkedmodulus,wit-constr-diff,chunkedmul.circom,ChunkedMul,carry[4]:lt[13].in:out[13],Yes
zksolid-paper/benchmarks/ed25519-099d19c/chunkedmodulus,wit-constr-diff,chunkedmul.circom,ChunkedMul,carry[4]:lt[15].in:out[15],Yes
zksolid-paper/benchmarks/ed25519-099d19c/chunkedmodulus,wit-constr-diff,chunkedmul.circom,ChunkedMul,carry[4]:lt[17].in:out[17],Yes
zksolid-paper/benchmarks/ed25519-099d19c/chunkedmodulus,wit-constr-diff,chunkedmul.circom,ChunkedMul,carry[4]:lt[5].in:out[5],Yes
zksolid-paper/benchmarks/ed25519-099d19c/chunkedmodulus,wit-constr-diff,chunkedmul.circom,ChunkedMul,carry[4]:lt[7].in:out[7],Yes
zksolid-paper/benchmarks/ed25519-099d19c/chunkedmodulus,wit-constr-diff,chunkedmul.circom,ChunkedMul,carry[4]:lt[9].in:out[9],Yes
zksolid-paper/benchmarks/ed25519-099d19c/chunkedmodulus,wit-constr-diff,chunkedmul.circom,ChunkedMul,carry[5]:lt[11].in:out[11],Yes
zksolid-paper/benchmarks/ed25519-099d19c/chunkedmodulus,wit-constr-diff,chunkedmul.circom,ChunkedMul,carry[5]:lt[13].in:out[13],Yes
zksolid-paper/benchmarks/ed25519-099d19c/chunkedmodulus,wit-constr-diff,chunkedmul.circom,ChunkedMul,carry[5]:lt[15].in:out[15],Yes
zksolid-paper/benchmarks/ed25519-099d19c/chunkedmodulus,wit-constr-diff,chunkedmul.circom,ChunkedMul,carry[5]:lt[17].in:out[17],Yes
zksolid-paper/benchmarks/ed25519-099d19c/chunkedmodulus,wit-constr-diff,chunkedmul.circom,ChunkedMul,carry[5]:lt[5].in:out[5],Yes
zksolid-paper/benchmarks/ed25519-099d19c/chunkedmodulus,wit-constr-diff,chunkedmul.circom,ChunkedMul,carry[5]:lt[7].in:out[7],Yes
zksolid-paper/benchmarks/ed25519-099d19c/chunkedmodulus,wit-constr-diff,chunkedmul.circom,ChunkedMul,carry[5]:lt[9].in:out[9],Yes
zksolid-paper/benchmarks/ed25519-099d19c/chunkedmodulus,wit-constr-diff,chunkedmul.circom,ChunkedMul,carry[6]:lt[11].in:out[11],Yes
zksolid-paper/benchmarks/ed25519-099d19c/chunkedmodulus,wit-constr-diff,chunkedmul.circom,ChunkedMul,carry[6]:lt[13].in:out[13],Yes
zksolid-paper/benchmarks/ed25519-099d19c/chunkedmodulus,wit-constr-diff,chunkedmul.circom,ChunkedMul,carry[6]:lt[15].in:out[15],Yes
zksolid-paper/benchmarks/ed25519-099d19c/chunkedmodulus,wit-constr-diff,chunkedmul.circom,ChunkedMul,carry[6]:lt[17].in:out[17],Yes
zksolid-paper/benchmarks/ed25519-099d19c/chunkedmodulus,wit-constr-diff,chunkedmul.circom,ChunkedMul,carry[6]:lt[7].in:out[7],Yes
zksolid-paper/benchmarks/ed25519-099d19c/chunkedmodulus,wit-constr-diff,chunkedmul.circom,ChunkedMul,carry[6]:lt[9].in:out[9],Yes
zksolid-paper/benchmarks/ed25519-099d19c/chunkedmodulus,wit-constr-diff,chunkedmul.circom,ChunkedMul,carry[7]:lt[11].in:out[11],Yes
zksolid-paper/benchmarks/ed25519-099d19c/chunkedmodulus,wit-constr-diff,chunkedmul.circom,ChunkedMul,carry[7]:lt[13].in:out[13],Yes
zksolid-paper/benchmarks/ed25519-099d19c/chunkedmodulus,wit-constr-diff,chunkedmul.circom,ChunkedMul,carry[7]:lt[15].in:out[15],Yes
zksolid-paper/benchmarks/ed25519-099d19c/chunkedmodulus,wit-constr-diff,chunkedmul.circom,ChunkedMul,carry[7]:lt[17].in:out[17],Yes
zksolid-paper/benchmarks/ed25519-099d19c/chunkedmodulus,wit-constr-diff,chunkedmul.circom,ChunkedMul,carry[7]:lt[7].in:out[7],Yes
zksolid-paper/benchmarks/ed25519-099d19c/chunkedmodulus,wit-constr-diff,chunkedmul.circom,ChunkedMul,carry[7]:lt[9].in:out[9],Yes
zksolid-paper/benchmarks/ed25519-099d19c/chunkedmodulus,wit-constr-diff,chunkedmul.circom,ChunkedMul,carry[8]:lt[11].in:out[11],Yes
zksolid-paper/benchmarks/ed25519-099d19c/chunkedmodulus,wit-constr-diff,chunkedmul.circom,ChunkedMul,carry[8]:lt[13].in:out[13],Yes
zksolid-paper/benchmarks/ed25519-099d19c/chunkedmodulus,wit-constr-diff,chunkedmul.circom,ChunkedMul,carry[8]:lt[15].in:out[15],Yes
zksolid-paper/benchmarks/ed25519-099d19c/chunkedmodulus,wit-constr-diff,chunkedmul.circom,ChunkedMul,carry[8]:lt[17].in:out[17],Yes
zksolid-paper/benchmarks/ed25519-099d19c/chunkedmodulus,wit-constr-diff,chunkedmul.circom,ChunkedMul,carry[8]:lt[9].in:out[9],Yes
zksolid-paper/benchmarks/ed25519-099d19c/chunkedmodulus,wit-constr-diff,chunkedmul.circom,ChunkedMul,carry[9]:lt[11].in:out[11],Yes
zksolid-paper/benchmarks/ed25519-099d19c/chunkedmodulus,wit-constr-diff,chunkedmul.circom,ChunkedMul,carry[9]:lt[13].in:out[13],Yes
zksolid-paper/benchmarks/ed25519-099d19c/chunkedmodulus,wit-constr-diff,chunkedmul.circom,ChunkedMul,carry[9]:lt[15].in:out[15],Yes
zksolid-paper/benchmarks/ed25519-099d19c/chunkedmodulus,wit-constr-diff,chunkedmul.circom,ChunkedMul,carry[9]:lt[17].in:out[17],Yes
zksolid-paper/benchmarks/ed25519-099d19c/chunkedmodulus,wit-constr-diff,chunkedmul.circom,ChunkedMul,carry[9]:lt[9].in:out[9],Yes
zksolid-paper/benchmarks/ed25519-099d19c/chunkedmodulus,wit-constr-diff,chunkedmul.circom,ChunkedMul,in1[0]:lt[11].in:out[11],Yes
zksolid-paper/benchmarks/ed25519-099d19c/chunkedmodulus,wit-constr-diff,chunkedmul.circom,ChunkedMul,in1[0]:lt[13].in:out[13],Yes
zksolid-paper/benchmarks/ed25519-099d19c/chunkedmodulus,wit-constr-diff,chunkedmul.circom,ChunkedMul,in1[0]:lt[15].in:out[15],Yes
zksolid-paper/benchmarks/ed25519-099d19c/chunkedmodulus,wit-constr-diff,chunkedmul.circom,ChunkedMul,in1[0]:lt[17].in:out[17],Yes
zksolid-paper/benchmarks/ed25519-099d19c/chunkedmodulus,wit-constr-diff,chunkedmul.circom,ChunkedMul,in1[0]:lt[1].in:out[1],Yes
zksolid-paper/benchmarks/ed25519-099d19c/chunkedmodulus,wit-constr-diff,chunkedmul.circom,ChunkedMul,in1[0]:lt[3].in:out[3],Yes
zksolid-paper/benchmarks/ed25519-099d19c/chunkedmodulus,wit-constr-diff,chunkedmul.circom,ChunkedMul,in1[0]:lt[5].in:out[5],Yes
zksolid-paper/benchmarks/ed25519-099d19c/chunkedmodulus,wit-constr-diff,chunkedmul.circom,ChunkedMul,in1[0]:lt[7].in:out[7],Yes
zksolid-paper/benchmarks/ed25519-099d19c/chunkedmodulus,wit-constr-diff,chunkedmul.circom,ChunkedMul,in1[0]:lt[9].in:out[9],Yes
zksolid-paper/benchmarks/ed25519-099d19c/chunkedmodulus,wit-constr-diff,chunkedmul.circom,ChunkedMul,in1[10]:lt[11].in:out[11],Yes
zksolid-paper/benchmarks/ed25519-099d19c/chunkedmodulus,wit-constr-diff,chunkedmul.circom,ChunkedMul,in1[10]:lt[13].in:out[13],Yes
zksolid-paper/benchmarks/ed25519-099d19c/chunkedmodulus,wit-constr-diff,chunkedmul.circom,ChunkedMul,in1[10]:lt[15].in:out[15],Yes
zksolid-paper/benchmarks/ed25519-099d19c/chunkedmodulus,wit-constr-diff,chunkedmul.circom,ChunkedMul,in1[10]:lt[17].in:out[17],Yes
zksolid-paper/benchmarks/ed25519-099d19c/chunkedmodulus,wit-constr-diff,chunkedmul.circom,ChunkedMul,in1[11]:lt[13].in:out[13],Yes
zksolid-paper/benchmarks/ed25519-099d19c/chunkedmodulus,wit-constr-diff,chunkedmul.circom,ChunkedMul,in1[11]:lt[15].in:out[15],Yes
zksolid-paper/benchmarks/ed25519-099d19c/chunkedmodulus,wit-constr-diff,chunkedmul.circom,ChunkedMul,in1[11]:lt[17].in:out[17],Yes
zksolid-paper/benchmarks/ed25519-099d19c/chunkedmodulus,wit-constr-diff,chunkedmul.circom,ChunkedMul,in1[12]:lt[13].in:out[13],Yes
zksolid-paper/benchmarks/ed25519-099d19c/chunkedmodulus,wit-constr-diff,chunkedmul.circom,ChunkedMul,in1[12]:lt[15].in:out[15],Yes
zksolid-paper/benchmarks/ed25519-099d19c/chunkedmodulus,wit-constr-diff,chunkedmul.circom,ChunkedMul,in1[12]:lt[17].in:out[17],Yes
zksolid-paper/benchmarks/ed25519-099d19c/chunkedmodulus,wit-constr-diff,chunkedmul.circom,ChunkedMul,in1[13]:lt[15].in:out[15],Yes
zksolid-paper/benchmarks/ed25519-099d19c/chunkedmodulus,wit-constr-diff,chunkedmul.circom,ChunkedMul,in1[13]:lt[17].in:out[17],Yes
zksolid-paper/benchmarks/ed25519-099d19c/chunkedmodulus,wit-constr-diff,chunkedmul.circom,ChunkedMul,in1[14]:lt[15].in:out[15],Yes
zksolid-paper/benchmarks/ed25519-099d19c/chunkedmodulus,wit-constr-diff,chunkedmul.circom,ChunkedMul,in1[14]:lt[17].in:out[17],Yes
zksolid-paper/benchmarks/ed25519-099d19c/chunkedmodulus,wit-constr-diff,chunkedmul.circom,ChunkedMul,in1[15]:lt[17].in:out[17],Yes
zksolid-paper/benchmarks/ed25519-099d19c/chunkedmodulus,wit-constr-diff,chunkedmul.circom,ChunkedMul,in1[16]:lt[17].in:out[17],Yes
zksolid-paper/benchmarks/ed25519-099d19c/chunkedmodulus,wit-constr-diff,chunkedmul.circom,ChunkedMul,in1[1]:lt[11].in:out[11],Yes
zksolid-paper/benchmarks/ed25519-099d19c/chunkedmodulus,wit-constr-diff,chunkedmul.circom,ChunkedMul,in1[1]:lt[13].in:out[13],Yes
zksolid-paper/benchmarks/ed25519-099d19c/chunkedmodulus,wit-constr-diff,chunkedmul.circom,ChunkedMul,in1[1]:lt[15].in:out[15],Yes
zksolid-paper/benchmarks/ed25519-099d19c/chunkedmodulus,wit-constr-diff,chunkedmul.circom,ChunkedMul,in1[1]:lt[17].in:out[17],Yes
zksolid-paper/benchmarks/ed25519-099d19c/chunkedmodulus,wit-constr-diff,chunkedmul.circom,ChunkedMul,in1[1]:lt[3].in:out[3],Yes
zksolid-paper/benchmarks/ed25519-099d19c/chunkedmodulus,wit-constr-diff,chunkedmul.circom,ChunkedMul,in1[1]:lt[5].in:out[5],Yes
zksolid-paper/benchmarks/ed25519-099d19c/chunkedmodulus,wit-constr-diff,chunkedmul.circom,ChunkedMul,in1[1]:lt[7].in:out[7],Yes
zksolid-paper/benchmarks/ed25519-099d19c/chunkedmodulus,wit-constr-diff,chunkedmul.circom,ChunkedMul,in1[1]:lt[9].in:out[9],Yes
zksolid-paper/benchmarks/ed25519-099d19c/chunkedmodulus,wit-constr-diff,chunkedmul.circom,ChunkedMul,in1[2]:lt[11].in:out[11],Yes
zksolid-paper/benchmarks/ed25519-099d19c/chunkedmodulus,wit-constr-diff,chunkedmul.circom,ChunkedMul,in1[2]:lt[13].in:out[13],Yes
zksolid-paper/benchmarks/ed25519-099d19c/chunkedmodulus,wit-constr-diff,chunkedmul.circom,ChunkedMul,in1[2]:lt[15].in:out[15],Yes
zksolid-paper/benchmarks/ed25519-099d19c/chunkedmodulus,wit-constr-diff,chunkedmul.circom,ChunkedMul,in1[2]:lt[17].in:out[17],Yes
zksolid-paper/benchmarks/ed25519-099d19c/chunkedmodulus,wit-constr-diff,chunkedmul.circom,ChunkedMul,in1[2]:lt[3].in:out[3],Yes
zksolid-paper/benchmarks/ed25519-099d19c/chunkedmodulus,wit-constr-diff,chunkedmul.circom,ChunkedMul,in1[2]:lt[5].in:out[5],Yes
zksolid-paper/benchmarks/ed25519-099d19c/chunkedmodulus,wit-constr-diff,chunkedmul.circom,ChunkedMul,in1[2]:lt[7].in:out[7],Yes
zksolid-paper/benchmarks/ed25519-099d19c/chunkedmodulus,wit-constr-diff,chunkedmul.circom,ChunkedMul,in1[2]:lt[9].in:out[9],Yes
zksolid-paper/benchmarks/ed25519-099d19c/chunkedmodulus,wit-constr-diff,chunkedmul.circom,ChunkedMul,in1[3]:lt[11].in:out[11],Yes
zksolid-paper/benchmarks/ed25519-099d19c/chunkedmodulus,wit-constr-diff,chunkedmul.circom,ChunkedMul,in1[3]:lt[13].in:out[13],Yes
zksolid-paper/benchmarks/ed25519-099d19c/chunkedmodulus,wit-constr-diff,chunkedmul.circom,ChunkedMul,in1[3]:lt[15].in:out[15],Yes
zksolid-paper/benchmarks/ed25519-099d19c/chunkedmodulus,wit-constr-diff,chunkedmul.circom,ChunkedMul,in1[3]:lt[17].in:out[17],Yes
zksolid-paper/benchmarks/ed25519-099d19c/chunkedmodulus,wit-constr-diff,chunkedmul.circom,ChunkedMul,in1[3]:lt[5].in:out[5],Yes
zksolid-paper/benchmarks/ed25519-099d19c/chunkedmodulus,wit-constr-diff,chunkedmul.circom,ChunkedMul,in1[3]:lt[7].in:out[7],Yes
zksolid-paper/benchmarks/ed25519-099d19c/chunkedmodulus,wit-constr-diff,chunkedmul.circom,ChunkedMul,in1[3]:lt[9].in:out[9],Yes
zksolid-paper/benchmarks/ed25519-099d19c/chunkedmodulus,wit-constr-diff,chunkedmul.circom,ChunkedMul,in1[4]:lt[11].in:out[11],Yes
zksolid-paper/benchmarks/ed25519-099d19c/chunkedmodulus,wit-constr-diff,chunkedmul.circom,ChunkedMul,in1[4]:lt[13].in:out[13],Yes
zksolid-paper/benchmarks/ed25519-099d19c/chunkedmodulus,wit-constr-diff,chunkedmul.circom,ChunkedMul,in1[4]:lt[15].in:out[15],Yes
zksolid-paper/benchmarks/ed25519-099d19c/chunkedmodulus,wit-constr-diff,chunkedmul.circom,ChunkedMul,in1[4]:lt[17].in:out[17],Yes
zksolid-paper/benchmarks/ed25519-099d19c/chunkedmodulus,wit-constr-diff,chunkedmul.circom,ChunkedMul,in1[4]:lt[5].in:out[5],Yes
zksolid-paper/benchmarks/ed25519-099d19c/chunkedmodulus,wit-constr-diff,chunkedmul.circom,ChunkedMul,in1[4]:lt[7].in:out[7],Yes
zksolid-paper/benchmarks/ed25519-099d19c/chunkedmodulus,wit-constr-diff,chunkedmul.circom,ChunkedMul,in1[4]:lt[9].in:out[9],Yes
zksolid-paper/benchmarks/ed25519-099d19c/chunkedmodulus,wit-constr-diff,chunkedmul.circom,ChunkedMul,in1[5]:lt[11].in:out[11],Yes
zksolid-paper/benchmarks/ed25519-099d19c/chunkedmodulus,wit-constr-diff,chunkedmul.circom,ChunkedMul,in1[5]:lt[13].in:out[13],Yes
zksolid-paper/benchmarks/ed25519-099d19c/chunkedmodulus,wit-constr-diff,chunkedmul.circom,ChunkedMul,in1[5]:lt[15].in:out[15],Yes
zksolid-paper/benchmarks/ed25519-099d19c/chunkedmodulus,wit-constr-diff,chunkedmul.circom,ChunkedMul,in1[5]:lt[17].in:out[17],Yes
zksolid-paper/benchmarks/ed25519-099d19c/chunkedmodulus,wit-constr-diff,chunkedmul.circom,ChunkedMul,in1[5]:lt[7].in:out[7],Yes
zksolid-paper/benchmarks/ed25519-099d19c/chunkedmodulus,wit-constr-diff,chunkedmul.circom,ChunkedMul,in1[5]:lt[9].in:out[9],Yes
zksolid-paper/benchmarks/ed25519-099d19c/chunkedmodulus,wit-constr-diff,chunkedmul.circom,ChunkedMul,in1[6]:lt[11].in:out[11],Yes
zksolid-paper/benchmarks/ed25519-099d19c/chunkedmodulus,wit-constr-diff,chunkedmul.circom,ChunkedMul,in1[6]:lt[13].in:out[13],Yes
zksolid-paper/benchmarks/ed25519-099d19c/chunkedmodulus,wit-constr-diff,chunkedmul.circom,ChunkedMul,in1[6]:lt[15].in:out[15],Yes
zksolid-paper/benchmarks/ed25519-099d19c/chunkedmodulus,wit-constr-diff,chunkedmul.circom,ChunkedMul,in1[6]:lt[17].in:out[17],Yes
zksolid-paper/benchmarks/ed25519-099d19c/chunkedmodulus,wit-constr-diff,chunkedmul.circom,ChunkedMul,in1[6]:lt[7].in:out[7],Yes
zksolid-paper/benchmarks/ed25519-099d19c/chunkedmodulus,wit-constr-diff,chunkedmul.circom,ChunkedMul,in1[6]:lt[9].in:out[9],Yes
zksolid-paper/benchmarks/ed25519-099d19c/chunkedmodulus,wit-constr-diff,chunkedmul.circom,ChunkedMul,in1[7]:lt[11].in:out[11],Yes
zksolid-paper/benchmarks/ed25519-099d19c/chunkedmodulus,wit-constr-diff,chunkedmul.circom,ChunkedMul,in1[7]:lt[13].in:out[13],Yes
zksolid-paper/benchmarks/ed25519-099d19c/chunkedmodulus,wit-constr-diff,chunkedmul.circom,ChunkedMul,in1[7]:lt[15].in:out[15],Yes
zksolid-paper/benchmarks/ed25519-099d19c/chunkedmodulus,wit-constr-diff,chunkedmul.circom,ChunkedMul,in1[7]:lt[17].in:out[17],Yes
zksolid-paper/benchmarks/ed25519-099d19c/chunkedmodulus,wit-constr-diff,chunkedmul.circom,ChunkedMul,in1[7]:lt[9].in:out[9],Yes
zksolid-paper/benchmarks/ed25519-099d19c/chunkedmodulus,wit-constr-diff,chunkedmul.circom,ChunkedMul,in1[8]:lt[11].in:out[11],Yes
zksolid-paper/benchmarks/ed25519-099d19c/chunkedmodulus,wit-constr-diff,chunkedmul.circom,ChunkedMul,in1[8]:lt[13].in:out[13],Yes
zksolid-paper/benchmarks/ed25519-099d19c/chunkedmodulus,wit-constr-diff,chunkedmul.circom,ChunkedMul,in1[8]:lt[15].in:out[15],Yes
zksolid-paper/benchmarks/ed25519-099d19c/chunkedmodulus,wit-constr-diff,chunkedmul.circom,ChunkedMul,in1[8]:lt[17].in:out[17],Yes
zksolid-paper/benchmarks/ed25519-099d19c/chunkedmodulus,wit-constr-diff,chunkedmul.circom,ChunkedMul,in1[8]:lt[9].in:out[9],Yes
zksolid-paper/benchmarks/ed25519-099d19c/chunkedmodulus,wit-constr-diff,chunkedmul.circom,ChunkedMul,in1[9]:lt[11].in:out[11],Yes
zksolid-paper/benchmarks/ed25519-099d19c/chunkedmodulus,wit-constr-diff,chunkedmul.circom,ChunkedMul,in1[9]:lt[13].in:out[13],Yes
zksolid-paper/benchmarks/ed25519-099d19c/chunkedmodulus,wit-constr-diff,chunkedmul.circom,ChunkedMul,in1[9]:lt[15].in:out[15],Yes
zksolid-paper/benchmarks/ed25519-099d19c/chunkedmodulus,wit-constr-diff,chunkedmul.circom,ChunkedMul,in1[9]:lt[17].in:out[17],Yes
zksolid-paper/benchmarks/ed25519-099d19c/chunkedmodulus,wit-constr-diff,chunkedmul.circom,ChunkedMul,in2[0]:lt[11].in:out[11],Yes
zksolid-paper/benchmarks/ed25519-099d19c/chunkedmodulus,wit-constr-diff,chunkedmul.circom,ChunkedMul,in2[0]:lt[13].in:out[13],Yes
zksolid-paper/benchmarks/ed25519-099d19c/chunkedmodulus,wit-constr-diff,chunkedmul.circom,ChunkedMul,in2[0]:lt[15].in:out[15],Yes
zksolid-paper/benchmarks/ed25519-099d19c/chunkedmodulus,wit-constr-diff,chunkedmul.circom,ChunkedMul,in2[0]:lt[17].in:out[17],Yes
zksolid-paper/benchmarks/ed25519-099d19c/chunkedmodulus,wit-constr-diff,chunkedmul.circom,ChunkedMul,in2[0]:lt[1].in:out[1],Yes
zksolid-paper/benchmarks/ed25519-099d19c/chunkedmodulus,wit-constr-diff,chunkedmul.circom,ChunkedMul,in2[0]:lt[3].in:out[3],Yes
zksolid-paper/benchmarks/ed25519-099d19c/chunkedmodulus,wit-constr-diff,chunkedmul.circom,ChunkedMul,in2[0]:lt[5].in:out[5],Yes
zksolid-paper/benchmarks/ed25519-099d19c/chunkedmodulus,wit-constr-diff,chunkedmul.circom,ChunkedMul,in2[0]:lt[7].in:out[7],Yes
zksolid-paper/benchmarks/ed25519-099d19c/chunkedmodulus,wit-constr-diff,chunkedmul.circom,ChunkedMul,in2[0]:lt[9].in:out[9],Yes
zksolid-paper/benchmarks/ed25519-099d19c/chunkedmodulus,wit-constr-diff,chunkedmul.circom,ChunkedMul,pp[0]:lt[11].in:out[11],Yes
zksolid-paper/benchmarks/ed25519-099d19c/chunkedmodulus,wit-constr-diff,chunkedmul.circom,ChunkedMul,pp[0]:lt[13].in:out[13],Yes
zksolid-paper/benchmarks/ed25519-099d19c/chunkedmodulus,wit-constr-diff,chunkedmul.circom,ChunkedMul,pp[0]:lt[15].in:out[15],Yes
zksolid-paper/benchmarks/ed25519-099d19c/chunkedmodulus,wit-constr-diff,chunkedmul.circom,ChunkedMul,pp[0]:lt[17].in:out[17],Yes
zksolid-paper/benchmarks/ed25519-099d19c/chunkedmodulus,wit-constr-diff,chunkedmul.circom,ChunkedMul,pp[0]:lt[1].in:out[1],Yes
zksolid-paper/benchmarks/ed25519-099d19c/chunkedmodulus,wit-constr-diff,chunkedmul.circom,ChunkedMul,pp[0]:lt[3].in:out[3],Yes
zksolid-paper/benchmarks/ed25519-099d19c/chunkedmodulus,wit-constr-diff,chunkedmul.circom,ChunkedMul,pp[0]:lt[5].in:out[5],Yes
zksolid-paper/benchmarks/ed25519-099d19c/chunkedmodulus,wit-constr-diff,chunkedmul.circom,ChunkedMul,pp[0]:lt[7].in:out[7],Yes
zksolid-paper/benchmarks/ed25519-099d19c/chunkedmodulus,wit-constr-diff,chunkedmul.circom,ChunkedMul,pp[0]:lt[9].in:out[9],Yes
zksolid-paper/benchmarks/ed25519-099d19c/chunkedmodulus,wit-constr-diff,chunkedmul.circom,ChunkedMul,pp[10]:lt[11].in:out[11],Yes
zksolid-paper/benchmarks/ed25519-099d19c/chunkedmodulus,wit-constr-diff,chunkedmul.circom,ChunkedMul,pp[10]:lt[13].in:out[13],Yes
zksolid-paper/benchmarks/ed25519-099d19c/chunkedmodulus,wit-constr-diff,chunkedmul.circom,ChunkedMul,pp[10]:lt[15].in:out[15],Yes
zksolid-paper/benchmarks/ed25519-099d19c/chunkedmodulus,wit-constr-diff,chunkedmul.circom,ChunkedMul,pp[10]:lt[17].in:out[17],Yes
zksolid-paper/benchmarks/ed25519-099d19c/chunkedmodulus,wit-constr-diff,chunkedmul.circom,ChunkedMul,pp[11]:lt[13].in:out[13],Yes
zksolid-paper/benchmarks/ed25519-099d19c/chunkedmodulus,wit-constr-diff,chunkedmul.circom,ChunkedMul,pp[11]:lt[15].in:out[15],Yes
zksolid-paper/benchmarks/ed25519-099d19c/chunkedmodulus,wit-constr-diff,chunkedmul.circom,ChunkedMul,pp[11]:lt[17].in:out[17],Yes
zksolid-paper/benchmarks/ed25519-099d19c/chunkedmodulus,wit-constr-diff,chunkedmul.circom,ChunkedMul,pp[12]:lt[13].in:out[13],Yes
zksolid-paper/benchmarks/ed25519-099d19c/chunkedmodulus,wit-constr-diff,chunkedmul.circom,ChunkedMul,pp[12]:lt[15].in:out[15],Yes
zksolid-paper/benchmarks/ed25519-099d19c/chunkedmodulus,wit-constr-diff,chunkedmul.circom,ChunkedMul,pp[12]:lt[17].in:out[17],Yes
zksolid-paper/benchmarks/ed25519-099d19c/chunkedmodulus,wit-constr-diff,chunkedmul.circom,ChunkedMul,pp[13]:lt[15].in:out[15],Yes
zksolid-paper/benchmarks/ed25519-099d19c/chunkedmodulus,wit-constr-diff,chunkedmul.circom,ChunkedMul,pp[13]:lt[17].in:out[17],Yes
zksolid-paper/benchmarks/ed25519-099d19c/chunkedmodulus,wit-constr-diff,chunkedmul.circom,ChunkedMul,pp[14]:lt[15].in:out[15],Yes
zksolid-paper/benchmarks/ed25519-099d19c/chunkedmodulus,wit-constr-diff,chunkedmul.circom,ChunkedMul,pp[14]:lt[17].in:out[17],Yes
zksolid-paper/benchmarks/ed25519-099d19c/chunkedmodulus,wit-constr-diff,chunkedmul.circom,ChunkedMul,pp[15]:lt[17].in:out[17],Yes
zksolid-paper/benchmarks/ed25519-099d19c/chunkedmodulus,wit-constr-diff,chunkedmul.circom,ChunkedMul,pp[16]:lt[17].in:out[17],Yes
zksolid-paper/benchmarks/ed25519-099d19c/chunkedmodulus,wit-constr-diff,chunkedmul.circom,ChunkedMul,pp[1]:lt[11].in:out[11],Yes
zksolid-paper/benchmarks/ed25519-099d19c/chunkedmodulus,wit-constr-diff,chunkedmul.circom,ChunkedMul,pp[1]:lt[13].in:out[13],Yes
zksolid-paper/benchmarks/ed25519-099d19c/chunkedmodulus,wit-constr-diff,chunkedmul.circom,ChunkedMul,pp[1]:lt[15].in:out[15],Yes
zksolid-paper/benchmarks/ed25519-099d19c/chunkedmodulus,wit-constr-diff,chunkedmul.circom,ChunkedMul,pp[1]:lt[17].in:out[17],Yes
zksolid-paper/benchmarks/ed25519-099d19c/chunkedmodulus,wit-constr-diff,chunkedmul.circom,ChunkedMul,pp[1]:lt[3].in:out[3],Yes
zksolid-paper/benchmarks/ed25519-099d19c/chunkedmodulus,wit-constr-diff,chunkedmul.circom,ChunkedMul,pp[1]:lt[5].in:out[5],Yes
zksolid-paper/benchmarks/ed25519-099d19c/chunkedmodulus,wit-constr-diff,chunkedmul.circom,ChunkedMul,pp[1]:lt[7].in:out[7],Yes
zksolid-paper/benchmarks/ed25519-099d19c/chunkedmodulus,wit-constr-diff,chunkedmul.circom,ChunkedMul,pp[1]:lt[9].in:out[9],Yes
zksolid-paper/benchmarks/ed25519-099d19c/chunkedmodulus,wit-constr-diff,chunkedmul.circom,ChunkedMul,pp[2]:lt[11].in:out[11],Yes
zksolid-paper/benchmarks/ed25519-099d19c/chunkedmodulus,wit-constr-diff,chunkedmul.circom,ChunkedMul,pp[2]:lt[13].in:out[13],Yes
zksolid-paper/benchmarks/ed25519-099d19c/chunkedmodulus,wit-constr-diff,chunkedmul.circom,ChunkedMul,pp[2]:lt[15].in:out[15],Yes
zksolid-paper/benchmarks/ed25519-099d19c/chunkedmodulus,wit-constr-diff,chunkedmul.circom,ChunkedMul,pp[2]:lt[17].in:out[17],Yes
zksolid-paper/benchmarks/ed25519-099d19c/chunkedmodulus,wit-constr-diff,chunkedmul.circom,ChunkedMul,pp[2]:lt[3].in:out[3],Yes
zksolid-paper/benchmarks/ed25519-099d19c/chunkedmodulus,wit-constr-diff,chunkedmul.circom,ChunkedMul,pp[2]:lt[5].in:out[5],Yes
zksolid-paper/benchmarks/ed25519-099d19c/chunkedmodulus,wit-constr-diff,chunkedmul.circom,ChunkedMul,pp[2]:lt[7].in:out[7],Yes
zksolid-paper/benchmarks/ed25519-099d19c/chunkedmodulus,wit-constr-diff,chunkedmul.circom,ChunkedMul,pp[2]:lt[9].in:out[9],Yes
zksolid-paper/benchmarks/ed25519-099d19c/chunkedmodulus,wit-constr-diff,chunkedmul.circom,ChunkedMul,pp[3]:lt[11].in:out[11],Yes
zksolid-paper/benchmarks/ed25519-099d19c/chunkedmodulus,wit-constr-diff,chunkedmul.circom,ChunkedMul,pp[3]:lt[13].in:out[13],Yes
zksolid-paper/benchmarks/ed25519-099d19c/chunkedmodulus,wit-constr-diff,chunkedmul.circom,ChunkedMul,pp[3]:lt[15].in:out[15],Yes
zksolid-paper/benchmarks/ed25519-099d19c/chunkedmodulus,wit-constr-diff,chunkedmul.circom,ChunkedMul,pp[3]:lt[17].in:out[17],Yes
zksolid-paper/benchmarks/ed25519-099d19c/chunkedmodulus,wit-constr-diff,chunkedmul.circom,ChunkedMul,pp[3]:lt[5].in:out[5],Yes
zksolid-paper/benchmarks/ed25519-099d19c/chunkedmodulus,wit-constr-diff,chunkedmul.circom,ChunkedMul,pp[3]:lt[7].in:out[7],Yes
zksolid-paper/benchmarks/ed25519-099d19c/chunkedmodulus,wit-constr-diff,chunkedmul.circom,ChunkedMul,pp[3]:lt[9].in:out[9],Yes
zksolid-paper/benchmarks/ed25519-099d19c/chunkedmodulus,wit-constr-diff,chunkedmul.circom,ChunkedMul,pp[4]:lt[11].in:out[11],Yes
zksolid-paper/benchmarks/ed25519-099d19c/chunkedmodulus,wit-constr-diff,chunkedmul.circom,ChunkedMul,pp[4]:lt[13].in:out[13],Yes
zksolid-paper/benchmarks/ed25519-099d19c/chunkedmodulus,wit-constr-diff,chunkedmul.circom,ChunkedMul,pp[4]:lt[15].in:out[15],Yes
zksolid-paper/benchmarks/ed25519-099d19c/chunkedmodulus,wit-constr-diff,chunkedmul.circom,ChunkedMul,pp[4]:lt[17].in:out[17],Yes
zksolid-paper/benchmarks/ed25519-099d19c/chunkedmodulus,wit-constr-diff,chunkedmul.circom,ChunkedMul,pp[4]:lt[5].in:out[5],Yes
zksolid-paper/benchmarks/ed25519-099d19c/chunkedmodulus,wit-constr-diff,chunkedmul.circom,ChunkedMul,pp[4]:lt[7].in:out[7],Yes
zksolid-paper/benchmarks/ed25519-099d19c/chunkedmodulus,wit-constr-diff,chunkedmul.circom,ChunkedMul,pp[4]:lt[9].in:out[9],Yes
zksolid-paper/benchmarks/ed25519-099d19c/chunkedmodulus,wit-constr-diff,chunkedmul.circom,ChunkedMul,pp[5]:lt[11].in:out[11],Yes
zksolid-paper/benchmarks/ed25519-099d19c/chunkedmodulus,wit-constr-diff,chunkedmul.circom,ChunkedMul,pp[5]:lt[13].in:out[13],Yes
zksolid-paper/benchmarks/ed25519-099d19c/chunkedmodulus,wit-constr-diff,chunkedmul.circom,ChunkedMul,pp[5]:lt[15].in:out[15],Yes
zksolid-paper/benchmarks/ed25519-099d19c/chunkedmodulus,wit-constr-diff,chunkedmul.circom,ChunkedMul,pp[5]:lt[17].in:out[17],Yes
zksolid-paper/benchmarks/ed25519-099d19c/chunkedmodulus,wit-constr-diff,chunkedmul.circom,ChunkedMul,pp[5]:lt[7].in:out[7],Yes
zksolid-paper/benchmarks/ed25519-099d19c/chunkedmodulus,wit-constr-diff,chunkedmul.circom,ChunkedMul,pp[5]:lt[9].in:out[9],Yes
zksolid-paper/benchmarks/ed25519-099d19c/chunkedmodulus,wit-constr-diff,chunkedmul.circom,ChunkedMul,pp[6]:lt[11].in:out[11],Yes
zksolid-paper/benchmarks/ed25519-099d19c/chunkedmodulus,wit-constr-diff,chunkedmul.circom,ChunkedMul,pp[6]:lt[13].in:out[13],Yes
zksolid-paper/benchmarks/ed25519-099d19c/chunkedmodulus,wit-constr-diff,chunkedmul.circom,ChunkedMul,pp[6]:lt[15].in:out[15],Yes
zksolid-paper/benchmarks/ed25519-099d19c/chunkedmodulus,wit-constr-diff,chunkedmul.circom,ChunkedMul,pp[6]:lt[17].in:out[17],Yes
zksolid-paper/benchmarks/ed25519-099d19c/chunkedmodulus,wit-constr-diff,chunkedmul.circom,ChunkedMul,pp[6]:lt[7].in:out[7],Yes
zksolid-paper/benchmarks/ed25519-099d19c/chunkedmodulus,wit-constr-diff,chunkedmul.circom,ChunkedMul,pp[6]:lt[9].in:out[9],Yes
zksolid-paper/benchmarks/ed25519-099d19c/chunkedmodulus,wit-constr-diff,chunkedmul.circom,ChunkedMul,pp[7]:lt[11].in:out[11],Yes
zksolid-paper/benchmarks/ed25519-099d19c/chunkedmodulus,wit-constr-diff,chunkedmul.circom,ChunkedMul,pp[7]:lt[13].in:out[13],Yes
zksolid-paper/benchmarks/ed25519-099d19c/chunkedmodulus,wit-constr-diff,chunkedmul.circom,ChunkedMul,pp[7]:lt[15].in:out[15],Yes
zksolid-paper/benchmarks/ed25519-099d19c/chunkedmodulus,wit-constr-diff,chunkedmul.circom,ChunkedMul,pp[7]:lt[17].in:out[17],Yes
zksolid-paper/benchmarks/ed25519-099d19c/chunkedmodulus,wit-constr-diff,chunkedmul.circom,ChunkedMul,pp[7]:lt[9].in:out[9],Yes
zksolid-paper/benchmarks/ed25519-099d19c/chunkedmodulus,wit-constr-diff,chunkedmul.circom,ChunkedMul,pp[8]:lt[11].in:out[11],Yes
zksolid-paper/benchmarks/ed25519-099d19c/chunkedmodulus,wit-constr-diff,chunkedmul.circom,ChunkedMul,pp[8]:lt[13].in:out[13],Yes
zksolid-paper/benchmarks/ed25519-099d19c/chunkedmodulus,wit-constr-diff,chunkedmul.circom,ChunkedMul,pp[8]:lt[15].in:out[15],Yes
zksolid-paper/benchmarks/ed25519-099d19c/chunkedmodulus,wit-constr-diff,chunkedmul.circom,ChunkedMul,pp[8]:lt[17].in:out[17],Yes
zksolid-paper/benchmarks/ed25519-099d19c/chunkedmodulus,wit-constr-diff,chunkedmul.circom,ChunkedMul,pp[8]:lt[9].in:out[9],Yes
zksolid-paper/benchmarks/ed25519-099d19c/chunkedmodulus,wit-constr-diff,chunkedmul.circom,ChunkedMul,pp[9]:lt[11].in:out[11],Yes
zksolid-paper/benchmarks/ed25519-099d19c/chunkedmodulus,wit-constr-diff,chunkedmul.circom,ChunkedMul,pp[9]:lt[13].in:out[13],Yes
zksolid-paper/benchmarks/ed25519-099d19c/chunkedmodulus,wit-constr-diff,chunkedmul.circom,ChunkedMul,pp[9]:lt[15].in:out[15],Yes
zksolid-paper/benchmarks/ed25519-099d19c/chunkedmodulus,wit-constr-diff,chunkedmul.circom,ChunkedMul,pp[9]:lt[17].in:out[17],Yes
zksolid-paper/benchmarks/ed25519-099d19c/chunkedmodulus,wit-constr-diff,chunkedmul.circom,ChunkedMul,sum[0]:lt[11].in:out[11],Yes
zksolid-paper/benchmarks/ed25519-099d19c/chunkedmodulus,wit-constr-diff,chunkedmul.circom,ChunkedMul,sum[0]:lt[13].in:out[13],Yes
zksolid-paper/benchmarks/ed25519-099d19c/chunkedmodulus,wit-constr-diff,chunkedmul.circom,ChunkedMul,sum[0]:lt[15].in:out[15],Yes
zksolid-paper/benchmarks/ed25519-099d19c/chunkedmodulus,wit-constr-diff,chunkedmul.circom,ChunkedMul,sum[0]:lt[17].in:out[17],Yes
zksolid-paper/benchmarks/ed25519-099d19c/chunkedmodulus,wit-constr-diff,chunkedmul.circom,ChunkedMul,sum[0]:lt[1].in:out[1],Yes
zksolid-paper/benchmarks/ed25519-099d19c/chunkedmodulus,wit-constr-diff,chunkedmul.circom,ChunkedMul,sum[0]:lt[3].in:out[3],Yes
zksolid-paper/benchmarks/ed25519-099d19c/chunkedmodulus,wit-constr-diff,chunkedmul.circom,ChunkedMul,sum[0]:lt[5].in:out[5],Yes
zksolid-paper/benchmarks/ed25519-099d19c/chunkedmodulus,wit-constr-diff,chunkedmul.circom,ChunkedMul,sum[0]:lt[7].in:out[7],Yes
zksolid-paper/benchmarks/ed25519-099d19c/chunkedmodulus,wit-constr-diff,chunkedmul.circom,ChunkedMul,sum[0]:lt[9].in:out[9],Yes
zksolid-paper/benchmarks/ed25519-099d19c/chunkedmodulus,wit-constr-diff,chunkedmul.circom,ChunkedMul,sum[10]:lt[11].in:out[11],Yes
zksolid-paper/benchmarks/ed25519-099d19c/chunkedmodulus,wit-constr-diff,chunkedmul.circom,ChunkedMul,sum[10]:lt[13].in:out[13],Yes
zksolid-paper/benchmarks/ed25519-099d19c/chunkedmodulus,wit-constr-diff,chunkedmul.circom,ChunkedMul,sum[10]:lt[15].in:out[15],Yes
zksolid-paper/benchmarks/ed25519-099d19c/chunkedmodulus,wit-constr-diff,chunkedmul.circom,ChunkedMul,sum[10]:lt[17].in:out[17],Yes
zksolid-paper/benchmarks/ed25519-099d19c/chunkedmodulus,wit-constr-diff,chunkedmul.circom,ChunkedMul,sum[11]:lt[13].in:out[13],Yes
zksolid-paper/benchmarks/ed25519-099d19c/chunkedmodulus,wit-constr-diff,chunkedmul.circom,ChunkedMul,sum[11]:lt[15].in:out[15],Yes
zksolid-paper/benchmarks/ed25519-099d19c/chunkedmodulus,wit-constr-diff,chunkedmul.circom,ChunkedMul,sum[11]:lt[17].in:out[17],Yes
zksolid-paper/benchmarks/ed25519-099d19c/chunkedmodulus,wit-constr-diff,chunkedmul.circom,ChunkedMul,sum[12]:lt[13].in:out[13],Yes
zksolid-paper/benchmarks/ed25519-099d19c/chunkedmodulus,wit-constr-diff,chunkedmul.circom,ChunkedMul,sum[12]:lt[15].in:out[15],Yes
zksolid-paper/benchmarks/ed25519-099d19c/chunkedmodulus,wit-constr-diff,chunkedmul.circom,ChunkedMul,sum[12]:lt[17].in:out[17],Yes
zksolid-paper/benchmarks/ed25519-099d19c/chunkedmodulus,wit-constr-diff,chunkedmul.circom,ChunkedMul,sum[13]:lt[15].in:out[15],Yes
zksolid-paper/benchmarks/ed25519-099d19c/chunkedmodulus,wit-constr-diff,chunkedmul.circom,ChunkedMul,sum[13]:lt[17].in:out[17],Yes
zksolid-paper/benchmarks/ed25519-099d19c/chunkedmodulus,wit-constr-diff,chunkedmul.circom,ChunkedMul,sum[14]:lt[15].in:out[15],Yes
zksolid-paper/benchmarks/ed25519-099d19c/chunkedmodulus,wit-constr-diff,chunkedmul.circom,ChunkedMul,sum[14]:lt[17].in:out[17],Yes
zksolid-paper/benchmarks/ed25519-099d19c/chunkedmodulus,wit-constr-diff,chunkedmul.circom,ChunkedMul,sum[15]:lt[17].in:out[17],Yes
zksolid-paper/benchmarks/ed25519-099d19c/chunkedmodulus,wit-constr-diff,chunkedmul.circom,ChunkedMul,sum[16]:lt[17].in:out[17],Yes
zksolid-paper/benchmarks/ed25519-099d19c/chunkedmodulus,wit-constr-diff,chunkedmul.circom,ChunkedMul,sum[1]:lt[11].in:out[11],Yes
zksolid-paper/benchmarks/ed25519-099d19c/chunkedmodulus,wit-constr-diff,chunkedmul.circom,ChunkedMul,sum[1]:lt[13].in:out[13],Yes
zksolid-paper/benchmarks/ed25519-099d19c/chunkedmodulus,wit-constr-diff,chunkedmul.circom,ChunkedMul,sum[1]:lt[15].in:out[15],Yes
zksolid-paper/benchmarks/ed25519-099d19c/chunkedmodulus,wit-constr-diff,chunkedmul.circom,ChunkedMul,sum[1]:lt[17].in:out[17],Yes
zksolid-paper/benchmarks/ed25519-099d19c/chunkedmodulus,wit-constr-diff,chunkedmul.circom,ChunkedMul,sum[1]:lt[3].in:out[3],Yes
zksolid-paper/benchmarks/ed25519-099d19c/chunkedmodulus,wit-constr-diff,chunkedmul.circom,ChunkedMul,sum[1]:lt[5].in:out[5],Yes
zksolid-paper/benchmarks/ed25519-099d19c/chunkedmodulus,wit-constr-diff,chunkedmul.circom,ChunkedMul,sum[1]:lt[7].in:out[7],Yes
zksolid-paper/benchmarks/ed25519-099d19c/chunkedmodulus,wit-constr-diff,chunkedmul.circom,ChunkedMul,sum[1]:lt[9].in:out[9],Yes
zksolid-paper/benchmarks/ed25519-099d19c/chunkedmodulus,wit-constr-diff,chunkedmul.circom,ChunkedMul,sum[2]:lt[11].in:out[11],Yes
zksolid-paper/benchmarks/ed25519-099d19c/chunkedmodulus,wit-constr-diff,chunkedmul.circom,ChunkedMul,sum[2]:lt[13].in:out[13],Yes
zksolid-paper/benchmarks/ed25519-099d19c/chunkedmodulus,wit-constr-diff,chunkedmul.circom,ChunkedMul,sum[2]:lt[15].in:out[15],Yes
zksolid-paper/benchmarks/ed25519-099d19c/chunkedmodulus,wit-constr-diff,chunkedmul.circom,ChunkedMul,sum[2]:lt[17].in:out[17],Yes
zksolid-paper/benchmarks/ed25519-099d19c/chunkedmodulus,wit-constr-diff,chunkedmul.circom,ChunkedMul,sum[2]:lt[3].in:out[3],Yes
zksolid-paper/benchmarks/ed25519-099d19c/chunkedmodulus,wit-constr-diff,chunkedmul.circom,ChunkedMul,sum[2]:lt[5].in:out[5],Yes
zksolid-paper/benchmarks/ed25519-099d19c/chunkedmodulus,wit-constr-diff,chunkedmul.circom,ChunkedMul,sum[2]:lt[7].in:out[7],Yes
zksolid-paper/benchmarks/ed25519-099d19c/chunkedmodulus,wit-constr-diff,chunkedmul.circom,ChunkedMul,sum[2]:lt[9].in:out[9],Yes
zksolid-paper/benchmarks/ed25519-099d19c/chunkedmodulus,wit-constr-diff,chunkedmul.circom,ChunkedMul,sum[3]:lt[11].in:out[11],Yes
zksolid-paper/benchmarks/ed25519-099d19c/chunkedmodulus,wit-constr-diff,chunkedmul.circom,ChunkedMul,sum[3]:lt[13].in:out[13],Yes
zksolid-paper/benchmarks/ed25519-099d19c/chunkedmodulus,wit-constr-diff,chunkedmul.circom,ChunkedMul,sum[3]:lt[15].in:out[15],Yes
zksolid-paper/benchmarks/ed25519-099d19c/chunkedmodulus,wit-constr-diff,chunkedmul.circom,ChunkedMul,sum[3]:lt[17].in:out[17],Yes
zksolid-paper/benchmarks/ed25519-099d19c/chunkedmodulus,wit-constr-diff,chunkedmul.circom,ChunkedMul,sum[3]:lt[5].in:out[5],Yes
zksolid-paper/benchmarks/ed25519-099d19c/chunkedmodulus,wit-constr-diff,chunkedmul.circom,ChunkedMul,sum[3]:lt[7].in:out[7],Yes
zksolid-paper/benchmarks/ed25519-099d19c/chunkedmodulus,wit-constr-diff,chunkedmul.circom,ChunkedMul,sum[3]:lt[9].in:out[9],Yes
zksolid-paper/benchmarks/ed25519-099d19c/chunkedmodulus,wit-constr-diff,chunkedmul.circom,ChunkedMul,sum[4]:lt[11].in:out[11],Yes
zksolid-paper/benchmarks/ed25519-099d19c/chunkedmodulus,wit-constr-diff,chunkedmul.circom,ChunkedMul,sum[4]:lt[13].in:out[13],Yes
zksolid-paper/benchmarks/ed25519-099d19c/chunkedmodulus,wit-constr-diff,chunkedmul.circom,ChunkedMul,sum[4]:lt[15].in:out[15],Yes
zksolid-paper/benchmarks/ed25519-099d19c/chunkedmodulus,wit-constr-diff,chunkedmul.circom,ChunkedMul,sum[4]:lt[17].in:out[17],Yes
zksolid-paper/benchmarks/ed25519-099d19c/chunkedmodulus,wit-constr-diff,chunkedmul.circom,ChunkedMul,sum[4]:lt[5].in:out[5],Yes
zksolid-paper/benchmarks/ed25519-099d19c/chunkedmodulus,wit-constr-diff,chunkedmul.circom,ChunkedMul,sum[4]:lt[7].in:out[7],Yes
zksolid-paper/benchmarks/ed25519-099d19c/chunkedmodulus,wit-constr-diff,chunkedmul.circom,ChunkedMul,sum[4]:lt[9].in:out[9],Yes
zksolid-paper/benchmarks/ed25519-099d19c/chunkedmodulus,wit-constr-diff,chunkedmul.circom,ChunkedMul,sum[5]:lt[11].in:out[11],Yes
zksolid-paper/benchmarks/ed25519-099d19c/chunkedmodulus,wit-constr-diff,chunkedmul.circom,ChunkedMul,sum[5]:lt[13].in:out[13],Yes
zksolid-paper/benchmarks/ed25519-099d19c/chunkedmodulus,wit-constr-diff,chunkedmul.circom,ChunkedMul,sum[5]:lt[15].in:out[15],Yes
zksolid-paper/benchmarks/ed25519-099d19c/chunkedmodulus,wit-constr-diff,chunkedmul.circom,ChunkedMul,sum[5]:lt[17].in:out[17],Yes
zksolid-paper/benchmarks/ed25519-099d19c/chunkedmodulus,wit-constr-diff,chunkedmul.circom,ChunkedMul,sum[5]:lt[7].in:out[7],Yes
zksolid-paper/benchmarks/ed25519-099d19c/chunkedmodulus,wit-constr-diff,chunkedmul.circom,ChunkedMul,sum[5]:lt[9].in:out[9],Yes
zksolid-paper/benchmarks/ed25519-099d19c/chunkedmodulus,wit-constr-diff,chunkedmul.circom,ChunkedMul,sum[6]:lt[11].in:out[11],Yes
zksolid-paper/benchmarks/ed25519-099d19c/chunkedmodulus,wit-constr-diff,chunkedmul.circom,ChunkedMul,sum[6]:lt[13].in:out[13],Yes
zksolid-paper/benchmarks/ed25519-099d19c/chunkedmodulus,wit-constr-diff,chunkedmul.circom,ChunkedMul,sum[6]:lt[15].in:out[15],Yes
zksolid-paper/benchmarks/ed25519-099d19c/chunkedmodulus,wit-constr-diff,chunkedmul.circom,ChunkedMul,sum[6]:lt[17].in:out[17],Yes
zksolid-paper/benchmarks/ed25519-099d19c/chunkedmodulus,wit-constr-diff,chunkedmul.circom,ChunkedMul,sum[6]:lt[7].in:out[7],Yes
zksolid-paper/benchmarks/ed25519-099d19c/chunkedmodulus,wit-constr-diff,chunkedmul.circom,ChunkedMul,sum[6]:lt[9].in:out[9],Yes
zksolid-paper/benchmarks/ed25519-099d19c/chunkedmodulus,wit-constr-diff,chunkedmul.circom,ChunkedMul,sum[7]:lt[11].in:out[11],Yes
zksolid-paper/benchmarks/ed25519-099d19c/chunkedmodulus,wit-constr-diff,chunkedmul.circom,ChunkedMul,sum[7]:lt[13].in:out[13],Yes
zksolid-paper/benchmarks/ed25519-099d19c/chunkedmodulus,wit-constr-diff,chunkedmul.circom,ChunkedMul,sum[7]:lt[15].in:out[15],Yes
zksolid-paper/benchmarks/ed25519-099d19c/chunkedmodulus,wit-constr-diff,chunkedmul.circom,ChunkedMul,sum[7]:lt[17].in:out[17],Yes
zksolid-paper/benchmarks/ed25519-099d19c/chunkedmodulus,wit-constr-diff,chunkedmul.circom,ChunkedMul,sum[7]:lt[9].in:out[9],Yes
zksolid-paper/benchmarks/ed25519-099d19c/chunkedmodulus,wit-constr-diff,chunkedmul.circom,ChunkedMul,sum[8]:lt[11].in:out[11],Yes
zksolid-paper/benchmarks/ed25519-099d19c/chunkedmodulus,wit-constr-diff,chunkedmul.circom,ChunkedMul,sum[8]:lt[13].in:out[13],Yes
zksolid-paper/benchmarks/ed25519-099d19c/chunkedmodulus,wit-constr-diff,chunkedmul.circom,ChunkedMul,sum[8]:lt[15].in:out[15],Yes
zksolid-paper/benchmarks/ed25519-099d19c/chunkedmodulus,wit-constr-diff,chunkedmul.circom,ChunkedMul,sum[8]:lt[17].in:out[17],Yes
zksolid-paper/benchmarks/ed25519-099d19c/chunkedmodulus,wit-constr-diff,chunkedmul.circom,ChunkedMul,sum[8]:lt[9].in:out[9],Yes
zksolid-paper/benchmarks/ed25519-099d19c/chunkedmodulus,wit-constr-diff,chunkedmul.circom,ChunkedMul,sum[9]:lt[11].in:out[11],Yes
zksolid-paper/benchmarks/ed25519-099d19c/chunkedmodulus,wit-constr-diff,chunkedmul.circom,ChunkedMul,sum[9]:lt[13].in:out[13],Yes
zksolid-paper/benchmarks/ed25519-099d19c/chunkedmodulus,wit-constr-diff,chunkedmul.circom,ChunkedMul,sum[9]:lt[15].in:out[15],Yes
zksolid-paper/benchmarks/ed25519-099d19c/chunkedmodulus,wit-constr-diff,chunkedmul.circom,ChunkedMul,sum[9]:lt[17].in:out[17],Yes
zksolid-paper/benchmarks/ed25519-099d19c/chunkedmodulus,wit-constr-diff,lt.circom,LessThanBounded,in[0]:out,Yes
zksolid-paper/benchmarks/ed25519-099d19c/chunkedmodulus,wit-constr-diff,lt.circom,LessThanBounded,in[1]:out,Yes
zksolid-paper/benchmarks/ed25519-099d19c/chunkedmodulus,wit-constr-diff,lt.circom,LessThanPower,in:out,Yes
zksolid-paper/benchmarks/ed25519-099d19c/inversemodulo1,uc-outputs,binadd.circom,BinAdd,out[0..146],Yes
zksolid-paper/benchmarks/ed25519-099d19c/inversemodulo1,uc-outputs,binadd.circom,BinAdd,out[0..256],Yes
zksolid-paper/benchmarks/ed25519-099d19c/inversemodulo1,uc-outputs,binadd.circom,BinAdd,out[0..257],Yes
zksolid-paper/benchmarks/ed25519-099d19c/inversemodulo1,uc-outputs,binadd.circom,BinAdd,out[0..261],Yes
zksolid-paper/benchmarks/ed25519-099d19c/inversemodulo1,uc-outputs,binadd.circom,BinAdd,out[0..281],Yes
zksolid-paper/benchmarks/ed25519-099d19c/inversemodulo1,uc-outputs,binadd.circom,BinAdd,out[0..396],Yes
zksolid-paper/benchmarks/ed25519-099d19c/inversemodulo1,uc-outputs,binadd.circom,BinAdd,out[0..511],Yes
zksolid-paper/benchmarks/ed25519-099d19c/inversemodulo1,uc-outputs,binadd.circom,fulladder,carry_out,Yes
zksolid-paper/benchmarks/ed25519-099d19c/inversemodulo1,uc-outputs,binadd.circom,fulladder,val,Yes
zksolid-paper/benchmarks/ed25519-099d19c/inversemodulo1,uc-outputs,binsub.circom,BinSub,out[0..256],Yes
zksolid-paper/benchmarks/ed25519-099d19c/inversemodulo1,uc-outputs,chunkedmul.circom,BinMulFast,out[0..145],Yes
zksolid-paper/benchmarks/ed25519-099d19c/inversemodulo1,uc-outputs,chunkedmul.circom,BinMulFast,out[0..260],Yes
zksolid-paper/benchmarks/ed25519-099d19c/inversemodulo1,uc-outputs,chunkedmul.circom,BinMulFast,out[0..280],Yes
zksolid-paper/benchmarks/ed25519-099d19c/inversemodulo1,uc-outputs,chunkedmul.circom,BinMulFast,out[0..395],Yes
zksolid-paper/benchmarks/ed25519-099d19c/inversemodulo1,uc-outputs,chunkedmul.circom,BinMulFast,out[0..510],Yes
zksolid-paper/benchmarks/ed25519-099d19c/inversemodulo1,uc-outputs,inversemodulo.circom,InverseModulo,out[0..255],Yes
zksolid-paper/benchmarks/ed25519-099d19c/inversemodulo1,uc-outputs,inversemodulo.circom,multred,out[0..255],Yes
zksolid-paper/benchmarks/ed25519-099d19c/inversemodulo1,uc-outputs,inversemodulo.circom,power2,out[0..255],Yes
zksolid-paper/benchmarks/ed25519-099d19c/inversemodulo1,uc-outputs,inversemodulo.circom,square,out[0..255],Yes
zksolid-paper/benchmarks/ed25519-099d19c/inversemodulo1,uc-outputs,modulus.circom,ModulusWith25519,out[0..255],Yes
zksolid-paper/benchmarks/ed25519-099d19c/inversemodulo1,uc-subcmp-outputs,binsub.circom,BinSub,add1ToFlipped.out[256],Yes
zksolid-paper/benchmarks/ed25519-099d19c/inversemodulo1,uc-subcmp-outputs,binsub.circom,BinSub,addWithComplement.out[256],Yes
zksolid-paper/benchmarks/ed25519-099d19c/inversemodulo1,uc-subcmp-outputs,chunkedmul.circom,BinMulFast,adders[0..14].out[395],Yes
zksolid-paper/benchmarks/ed25519-099d19c/inversemodulo1,uc-subcmp-outputs,chunkedmul.circom,BinMulFast,adders[0..24].out[510],Yes
zksolid-paper/benchmarks/ed25519-099d19c/inversemodulo1,uc-subcmp-outputs,chunkedmul.circom,BinMulFast,adders[0..2].out[145],Yes
zksolid-paper/benchmarks/ed25519-099d19c/inversemodulo1,uc-subcmp-outputs,chunkedmul.circom,BinMulFast,adders[0..4].out[260],Yes
zksolid-paper/benchmarks/ed25519-099d19c/inversemodulo1,uc-subcmp-outputs,chunkedmul.circom,BinMulFast,adders[0..8].out[280],Yes
zksolid-paper/benchmarks/ed25519-099d19c/inversemodulo1,wit-constr-diff,binadd.circom,fulladder,bit1:carry_out:val,Yes
zksolid-paper/benchmarks/ed25519-099d19c/inversemodulo1,wit-constr-diff,binadd.circom,fulladder,bit2:carry_out:val,Yes
zksolid-paper/benchmarks/ed25519-099d19c/inversemodulo1,wit-constr-diff,binadd.circom,fulladder,carry:carry_out:val,Yes
zksolid-paper/benchmarks/ed25519-099d19c/modinv,non-det-wit,lt.circom,LessThanBounded,in[0..2],Yes
zksolid-paper/benchmarks/ed25519-099d19c/modinv,non-det-wit,lt.circom,LessThanPower,in,Yes
zksolid-paper/benchmarks/ed25519-099d19c/modinv,uc-outputs,chunkedmul.circom,ChunkedMul,out[1],Yes
zksolid-paper/benchmarks/ed25519-099d19c/modinv,uc-outputs,chunkedmul.circom,ChunkedMul,out[3],Yes
zksolid-paper/benchmarks/ed25519-099d19c/modinv,uc-outputs,chunkedmul.circom,ChunkedMul,out[5],Yes
zksolid-paper/benchmarks/ed25519-099d19c/modinv,uc-outputs,lt.circom,LessThanBounded,out,Yes
zksolid-paper/benchmarks/ed25519-099d19c/modinv,uc-outputs,lt.circom,LessThanPower,out,Yes
zksolid-paper/benchmarks/ed25519-099d19c/modinv,uc-subcmp-outputs,modulus.circom,ModulusAgainst2PChunked51,mux.out[3],Yes
zksolid-paper/benchmarks/ed25519-099d19c/modinv,wit-constr-diff,chunkedmul.circom,ChunkedMul,carry[0]:lt[1].in:out[1],Yes
zksolid-paper/benchmarks/ed25519-099d19c/modinv,wit-constr-diff,chunkedmul.circom,ChunkedMul,carry[0]:lt[3].in:out[3],Yes
zksolid-paper/benchmarks/ed25519-099d19c/modinv,wit-constr-diff,chunkedmul.circom,ChunkedMul,carry[0]:lt[5].in:out[5],Yes
zksolid-paper/benchmarks/ed25519-099d19c/modinv,wit-constr-diff,chunkedmul.circom,ChunkedMul,carry[1]:lt[1].in:out[1],Yes
zksolid-paper/benchmarks/ed25519-099d19c/modinv,wit-constr-diff,chunkedmul.circom,ChunkedMul,carry[1]:lt[3].in:out[3],Yes
zksolid-paper/benchmarks/ed25519-099d19c/modinv,wit-constr-diff,chunkedmul.circom,ChunkedMul,carry[1]:lt[5].in:out[5],Yes
zksolid-paper/benchmarks/ed25519-099d19c/modinv,wit-constr-diff,chunkedmul.circom,ChunkedMul,carry[2]:lt[3].in:out[3],Yes
zksolid-paper/benchmarks/ed25519-099d19c/modinv,wit-constr-diff,chunkedmul.circom,ChunkedMul,carry[2]:lt[5].in:out[5],Yes
zksolid-paper/benchmarks/ed25519-099d19c/modinv,wit-constr-diff,chunkedmul.circom,ChunkedMul,carry[3]:lt[3].in:out[3],Yes
zksolid-paper/benchmarks/ed25519-099d19c/modinv,wit-constr-diff,chunkedmul.circom,ChunkedMul,carry[3]:lt[5].in:out[5],Yes
zksolid-paper/benchmarks/ed25519-099d19c/modinv,wit-constr-diff,chunkedmul.circom,ChunkedMul,carry[4]:lt[5].in:out[5],Yes
zksolid-paper/benchmarks/ed25519-099d19c/modinv,wit-constr-diff,chunkedmul.circom,ChunkedMul,carry[5]:lt[5].in:out[5],Yes
zksolid-paper/benchmarks/ed25519-099d19c/modinv,wit-constr-diff,chunkedmul.circom,ChunkedMul,in1[0]:lt[1].in:out[1],Yes
zksolid-paper/benchmarks/ed25519-099d19c/modinv,wit-constr-diff,chunkedmul.circom,ChunkedMul,in1[0]:lt[3].in:out[3],Yes
zksolid-paper/benchmarks/ed25519-099d19c/modinv,wit-constr-diff,chunkedmul.circom,ChunkedMul,in1[0]:lt[5].in:out[5],Yes
zksolid-paper/benchmarks/ed25519-099d19c/modinv,wit-constr-diff,chunkedmul.circom,ChunkedMul,in1[1]:lt[3].in:out[3],Yes
zksolid-paper/benchmarks/ed25519-099d19c/modinv,wit-constr-diff,chunkedmul.circom,ChunkedMul,in1[1]:lt[5].in:out[5],Yes
zksolid-paper/benchmarks/ed25519-099d19c/modinv,wit-constr-diff,chunkedmul.circom,ChunkedMul,in1[2]:lt[3].in:out[3],Yes
zksolid-paper/benchmarks/ed25519-099d19c/modinv,wit-constr-diff,chunkedmul.circom,ChunkedMul,in1[2]:lt[5].in:out[5],Yes
zksolid-paper/benchmarks/ed25519-099d19c/modinv,wit-constr-diff,chunkedmul.circom,ChunkedMul,in2[0]:lt[1].in:out[1],Yes
zksolid-paper/benchmarks/ed25519-099d19c/modinv,wit-constr-diff,chunkedmul.circom,ChunkedMul,in2[0]:lt[3].in:out[3],Yes
zksolid-paper/benchmarks/ed25519-099d19c/modinv,wit-constr-diff,chunkedmul.circom,ChunkedMul,in2[0]:lt[5].in:out[5],Yes
zksolid-paper/benchmarks/ed25519-099d19c/modinv,wit-constr-diff,chunkedmul.circom,ChunkedMul,in2[1]:lt[5].in:out[5],Yes
zksolid-paper/benchmarks/ed25519-099d19c/modinv,wit-constr-diff,chunkedmul.circom,ChunkedMul,in2[2]:lt[5].in:out[5],Yes
zksolid-paper/benchmarks/ed25519-099d19c/modinv,wit-constr-diff,chunkedmul.circom,ChunkedMul,pp[0]:lt[1].in:out[1],Yes
zksolid-paper/benchmarks/ed25519-099d19c/modinv,wit-constr-diff,chunkedmul.circom,ChunkedMul,pp[0]:lt[3].in:out[3],Yes
zksolid-paper/benchmarks/ed25519-099d19c/modinv,wit-constr-diff,chunkedmul.circom,ChunkedMul,pp[0]:lt[5].in:out[5],Yes
zksolid-paper/benchmarks/ed25519-099d19c/modinv,wit-constr-diff,chunkedmul.circom,ChunkedMul,pp[10]:lt[5].in:out[5],Yes
zksolid-paper/benchmarks/ed25519-099d19c/modinv,wit-constr-diff,chunkedmul.circom,ChunkedMul,pp[11]:lt[5].in:out[5],Yes
zksolid-paper/benchmarks/ed25519-099d19c/modinv,wit-constr-diff,chunkedmul.circom,ChunkedMul,pp[12]:lt[5].in:out[5],Yes
zksolid-paper/benchmarks/ed25519-099d19c/modinv,wit-constr-diff,chunkedmul.circom,ChunkedMul,pp[13]:lt[5].in:out[5],Yes
zksolid-paper/benchmarks/ed25519-099d19c/modinv,wit-constr-diff,chunkedmul.circom,ChunkedMul,pp[14]:lt[5].in:out[5],Yes
zksolid-paper/benchmarks/ed25519-099d19c/modinv,wit-constr-diff,chunkedmul.circom,ChunkedMul,pp[1]:lt[3].in:out[3],Yes
zksolid-paper/benchmarks/ed25519-099d19c/modinv,wit-constr-diff,chunkedmul.circom,ChunkedMul,pp[1]:lt[5].in:out[5],Yes
zksolid-paper/benchmarks/ed25519-099d19c/modinv,wit-constr-diff,chunkedmul.circom,ChunkedMul,pp[2]:lt[3].in:out[3],Yes
zksolid-paper/benchmarks/ed25519-099d19c/modinv,wit-constr-diff,chunkedmul.circom,ChunkedMul,pp[2]:lt[5].in:out[5],Yes
zksolid-paper/benchmarks/ed25519-099d19c/modinv,wit-constr-diff,chunkedmul.circom,ChunkedMul,pp[3]:lt[5].in:out[5],Yes
zksolid-paper/benchmarks/ed25519-099d19c/modinv,wit-constr-diff,chunkedmul.circom,ChunkedMul,pp[4]:lt[5].in:out[5],Yes
zksolid-paper/benchmarks/ed25519-099d19c/modinv,wit-constr-diff,chunkedmul.circom,ChunkedMul,pp[5]:lt[5].in:out[5],Yes
zksolid-paper/benchmarks/ed25519-099d19c/modinv,wit-constr-diff,chunkedmul.circom,ChunkedMul,pp[6]:lt[5].in:out[5],Yes
zksolid-paper/benchmarks/ed25519-099d19c/modinv,wit-constr-diff,chunkedmul.circom,ChunkedMul,pp[7]:lt[5].in:out[5],Yes
zksolid-paper/benchmarks/ed25519-099d19c/modinv,wit-constr-diff,chunkedmul.circom,ChunkedMul,pp[8]:lt[5].in:out[5],Yes
zksolid-paper/benchmarks/ed25519-099d19c/modinv,wit-constr-diff,chunkedmul.circom,ChunkedMul,pp[9]:lt[5].in:out[5],Yes
zksolid-paper/benchmarks/ed25519-099d19c/modinv,wit-constr-diff,chunkedmul.circom,ChunkedMul,sum[0]:lt[1].in:out[1],Yes
zksolid-paper/benchmarks/ed25519-099d19c/modinv,wit-constr-diff,chunkedmul.circom,ChunkedMul,sum[0]:lt[3].in:out[3],Yes
zksolid-paper/benchmarks/ed25519-099d19c/modinv,wit-constr-diff,chunkedmul.circom,ChunkedMul,sum[0]:lt[5].in:out[5],Yes
zksolid-paper/benchmarks/ed25519-099d19c/modinv,wit-constr-diff,chunkedmul.circom,ChunkedMul,sum[1]:lt[3].in:out[3],Yes
zksolid-paper/benchmarks/ed25519-099d19c/modinv,wit-constr-diff,chunkedmul.circom,ChunkedMul,sum[1]:lt[5].in:out[5],Yes
zksolid-paper/benchmarks/ed25519-099d19c/modinv,wit-constr-diff,chunkedmul.circom,ChunkedMul,sum[2]:lt[3].in:out[3],Yes
zksolid-paper/benchmarks/ed25519-099d19c/modinv,wit-constr-diff,chunkedmul.circom,ChunkedMul,sum[2]:lt[5].in:out[5],Yes
zksolid-paper/benchmarks/ed25519-099d19c/modinv,wit-constr-diff,chunkedmul.circom,ChunkedMul,sum[3]:lt[5].in:out[5],Yes
zksolid-paper/benchmarks/ed25519-099d19c/modinv,wit-constr-diff,chunkedmul.circom,ChunkedMul,sum[4]:lt[5].in:out[5],Yes
zksolid-paper/benchmarks/ed25519-099d19c/modinv,wit-constr-diff,lt.circom,LessThanBounded,in[0]:out,Yes
zksolid-paper/benchmarks/ed25519-099d19c/modinv,wit-constr-diff,lt.circom,LessThanBounded,in[1]:out,Yes
zksolid-paper/benchmarks/ed25519-099d19c/modinv,wit-constr-diff,lt.circom,LessThanPower,in:out,Yes
zksolid-paper/benchmarks/ed25519-099d19c/modulus0,uc-outputs,binadd.circom,BinAdd,out[0..257],Yes
zksolid-paper/benchmarks/ed25519-099d19c/modulus0,uc-outputs,binadd.circom,fulladder,carry_out,Yes
zksolid-paper/benchmarks/ed25519-099d19c/modulus0,uc-outputs,binadd.circom,fulladder,val,Yes
zksolid-paper/benchmarks/ed25519-099d19c/modulus0,uc-outputs,binsub.circom,BinSub,out[0..256],Yes
zksolid-paper/benchmarks/ed25519-099d19c/modulus0,uc-subcmp-outputs,binsub.circom,BinSub,add1ToFlipped.out[256],Yes
zksolid-paper/benchmarks/ed25519-099d19c/modulus0,uc-subcmp-outputs,binsub.circom,BinSub,addWithComplement.out[256],Yes
zksolid-paper/benchmarks/ed25519-099d19c/modulus0,wit-constr-diff,binadd.circom,fulladder,bit1:carry_out:val,Yes
zksolid-paper/benchmarks/ed25519-099d19c/modulus0,wit-constr-diff,binadd.circom,fulladder,bit2:carry_out:val,Yes
zksolid-paper/benchmarks/ed25519-099d19c/modulus0,wit-constr-diff,binadd.circom,fulladder,carry:carry_out:val,Yes
zksolid-paper/benchmarks/ed25519-099d19c/modulus2,uc-outputs,binadd.circom,BinAdd,out[0..256],Yes
zksolid-paper/benchmarks/ed25519-099d19c/modulus2,uc-outputs,binadd.circom,BinAdd,out[0..257],Yes
zksolid-paper/benchmarks/ed25519-099d19c/modulus2,uc-outputs,binadd.circom,fulladder,carry_out,Yes
zksolid-paper/benchmarks/ed25519-099d19c/modulus2,uc-outputs,binadd.circom,fulladder,val,Yes
zksolid-paper/benchmarks/ed25519-099d19c/modulus2,uc-outputs,binsub.circom,BinSub,out[0..256],Yes
zksolid-paper/benchmarks/ed25519-099d19c/modulus2,uc-outputs,modulus.circom,ModulusWith25519,out[0..255],Yes
zksolid-paper/benchmarks/ed25519-099d19c/modulus2,uc-subcmp-outputs,binsub.circom,BinSub,add1ToFlipped.out[256],Yes
zksolid-paper/benchmarks/ed25519-099d19c/modulus2,uc-subcmp-outputs,binsub.circom,BinSub,addWithComplement.out[256],Yes
zksolid-paper/benchmarks/ed25519-099d19c/modulus2,wit-constr-diff,binadd.circom,fulladder,bit1:carry_out:val,Yes
zksolid-paper/benchmarks/ed25519-099d19c/modulus2,wit-constr-diff,binadd.circom,fulladder,bit2:carry_out:val,Yes
zksolid-paper/benchmarks/ed25519-099d19c/modulus2,wit-constr-diff,binadd.circom,fulladder,carry:carry_out:val,Yes
zksolid-paper/benchmarks/ed25519-099d19c/modulusagainst2p,non-det-wit,lt.circom,LessThanBounded,in[0..2],Yes
zksolid-paper/benchmarks/ed25519-099d19c/modulusagainst2p,non-det-wit,lt.circom,LessThanPower,in,Yes
zksolid-paper/benchmarks/ed25519-099d19c/modulusagainst2p,uc-outputs,lt.circom,LessThanBounded,out,Yes
zksolid-paper/benchmarks/ed25519-099d19c/modulusagainst2p,uc-outputs,lt.circom,LessThanPower,out,Yes
zksolid-paper/benchmarks/ed25519-099d19c/modulusagainst2p,uc-subcmp-outputs,modulus.circom,ModulusAgainst2PChunked51,mux.out[3],Yes
zksolid-paper/benchmarks/ed25519-099d19c/modulusagainst2p,wit-constr-diff,lt.circom,LessThanBounded,in[0]:out,Yes
zksolid-paper/benchmarks/ed25519-099d19c/modulusagainst2p,wit-constr-diff,lt.circom,LessThanBounded,in[1]:out,Yes
zksolid-paper/benchmarks/ed25519-099d19c/modulusagainst2p,wit-constr-diff,lt.circom,LessThanPower,in:out,Yes
zksolid-paper/benchmarks/ed25519-099d19c/modulusq2,uc-outputs,binadd.circom,BinAdd,out[0..138],Yes
zksolid-paper/benchmarks/ed25519-099d19c/modulusq2,uc-outputs,binadd.circom,BinAdd,out[0..254],Yes
zksolid-paper/benchmarks/ed25519-099d19c/modulusq2,uc-outputs,binadd.circom,BinAdd,out[0..255],Yes
zksolid-paper/benchmarks/ed25519-099d19c/modulusq2,uc-outputs,binadd.circom,fulladder,carry_out,Yes
zksolid-paper/benchmarks/ed25519-099d19c/modulusq2,uc-outputs,binadd.circom,fulladder,val,Yes
zksolid-paper/benchmarks/ed25519-099d19c/modulusq2,uc-outputs,binsub.circom,BinSub,out[0..253],Yes
zksolid-paper/benchmarks/ed25519-099d19c/modulusq2,uc-outputs,binsub.circom,BinSub,out[0..254],Yes
zksolid-paper/benchmarks/ed25519-099d19c/modulusq2,uc-outputs,chunkedmul.circom,BinMulFast,out[0..137],Yes
zksolid-paper/benchmarks/ed25519-099d19c/modulusq2,uc-outputs,modulus.circom,ModulusWith252c,out[0..253],Yes
zksolid-paper/benchmarks/ed25519-099d19c/modulusq2,uc-subcmp-outputs,binsub.circom,BinSub,add1ToFlipped.out[253],Yes
zksolid-paper/benchmarks/ed25519-099d19c/modulusq2,uc-subcmp-outputs,binsub.circom,BinSub,add1ToFlipped.out[254],Yes
zksolid-paper/benchmarks/ed25519-099d19c/modulusq2,uc-subcmp-outputs,binsub.circom,BinSub,addWithComplement.out[253],Yes
zksolid-paper/benchmarks/ed25519-099d19c/modulusq2,uc-subcmp-outputs,binsub.circom,BinSub,addWithComplement.out[254],Yes
zksolid-paper/benchmarks/ed25519-099d19c/modulusq2,uc-subcmp-outputs,chunkedmul.circom,BinMulFast,adders[0..2].out[137],Yes
zksolid-paper/benchmarks/ed25519-099d19c/modulusq2,wit-constr-diff,binadd.circom,fulladder,bit1:carry_out:val,Yes
zksolid-paper/benchmarks/ed25519-099d19c/modulusq2,wit-constr-diff,binadd.circom,fulladder,bit2:carry_out:val,Yes
zksolid-paper/benchmarks/ed25519-099d19c/modulusq2,wit-constr-diff,binadd.circom,fulladder,carry:carry_out:val,Yes
zksolid-paper/benchmarks/ed25519-099d19c/point-addition51,non-det-wit,lt.circom,LessThanBounded,in[0..2],Yes
zksolid-paper/benchmarks/ed25519-099d19c/point-addition51,non-det-wit,lt.circom,LessThanPower,in,Yes
zksolid-paper/benchmarks/ed25519-099d19c/point-addition51,uc-outputs,chunkedmul.circom,ChunkedMul,out[0],Yes
zksolid-paper/benchmarks/ed25519-099d19c/point-addition51,uc-outputs,chunkedmul.circom,ChunkedMul,out[10],Yes
zksolid-paper/benchmarks/ed25519-099d19c/point-addition51,uc-outputs,chunkedmul.circom,ChunkedMul,out[11],Yes
zksolid-paper/benchmarks/ed25519-099d19c/point-addition51,uc-outputs,chunkedmul.circom,ChunkedMul,out[12],Yes
zksolid-paper/benchmarks/ed25519-099d19c/point-addition51,uc-outputs,chunkedmul.circom,ChunkedMul,out[13],Yes
zksolid-paper/benchmarks/ed25519-099d19c/point-addition51,uc-outputs,chunkedmul.circom,ChunkedMul,out[14],Yes
zksolid-paper/benchmarks/ed25519-099d19c/point-addition51,uc-outputs,chunkedmul.circom,ChunkedMul,out[15],Yes
zksolid-paper/benchmarks/ed25519-099d19c/point-addition51,uc-outputs,chunkedmul.circom,ChunkedMul,out[16],Yes
zksolid-paper/benchmarks/ed25519-099d19c/point-addition51,uc-outputs,chunkedmul.circom,ChunkedMul,out[17],Yes
zksolid-paper/benchmarks/ed25519-099d19c/point-addition51,uc-outputs,chunkedmul.circom,ChunkedMul,out[19],Yes
zksolid-paper/benchmarks/ed25519-099d19c/point-addition51,uc-outputs,chunkedmul.circom,ChunkedMul,out[1],Yes
zksolid-paper/benchmarks/ed25519-099d19c/point-addition51,uc-outputs,chunkedmul.circom,ChunkedMul,out[2],Yes
zksolid-paper/benchmarks/ed25519-099d19c/point-addition51,uc-outputs,chunkedmul.circom,ChunkedMul,out[3],Yes
zksolid-paper/benchmarks/ed25519-099d19c/point-addition51,uc-outputs,chunkedmul.circom,ChunkedMul,out[4],Yes
zksolid-paper/benchmarks/ed25519-099d19c/point-addition51,uc-outputs,chunkedmul.circom,ChunkedMul,out[5],Yes
zksolid-paper/benchmarks/ed25519-099d19c/point-addition51,uc-outputs,chunkedmul.circom,ChunkedMul,out[6],Yes
zksolid-paper/benchmarks/ed25519-099d19c/point-addition51,uc-outputs,chunkedmul.circom,ChunkedMul,out[7],Yes
zksolid-paper/benchmarks/ed25519-099d19c/point-addition51,uc-outputs,chunkedmul.circom,ChunkedMul,out[8],Yes
zksolid-paper/benchmarks/ed25519-099d19c/point-addition51,uc-outputs,chunkedmul.circom,ChunkedMul,out[9],Yes
zksolid-paper/benchmarks/ed25519-099d19c/point-addition51,uc-outputs,lt.circom,LessThanBounded,out,Yes
zksolid-paper/benchmarks/ed25519-099d19c/point-addition51,uc-outputs,lt.circom,LessThanPower,out,Yes
zksolid-paper/benchmarks/ed25519-099d19c/point-addition51,uc-subcmp-outputs,modulus.circom,ModulusAgainst2PChunked51,mux.out[3],Yes
zksolid-paper/benchmarks/ed25519-099d19c/point-addition51,wit-constr-diff,chunkedmul.circom,ChunkedMul,carry[0]:lt[0].in:out[0],Yes
zksolid-paper/benchmarks/ed25519-099d19c/point-addition51,wit-constr-diff,chunkedmul.circom,ChunkedMul,carry[0]:lt[10].in:out[10],Yes
zksolid-paper/benchmarks/ed25519-099d19c/point-addition51,wit-constr-diff,chunkedmul.circom,ChunkedMul,carry[0]:lt[11].in:out[11],Yes
zksolid-paper/benchmarks/ed25519-099d19c/point-addition51,wit-constr-diff,chunkedmul.circom,ChunkedMul,carry[0]:lt[12].in:out[12],Yes
zksolid-paper/benchmarks/ed25519-099d19c/point-addition51,wit-constr-diff,chunkedmul.circom,ChunkedMul,carry[0]:lt[13].in:out[13],Yes
zksolid-paper/benchmarks/ed25519-099d19c/point-addition51,wit-constr-diff,chunkedmul.circom,ChunkedMul,carry[0]:lt[14].in:out[14],Yes
zksolid-paper/benchmarks/ed25519-099d19c/point-addition51,wit-constr-diff,chunkedmul.circom,ChunkedMul,carry[0]:lt[15].in:out[15],Yes
zksolid-paper/benchmarks/ed25519-099d19c/point-addition51,wit-constr-diff,chunkedmul.circom,ChunkedMul,carry[0]:lt[16].in:out[16],Yes
zksolid-paper/benchmarks/ed25519-099d19c/point-addition51,wit-constr-diff,chunkedmul.circom,ChunkedMul,carry[0]:lt[17].in:out[17],Yes
zksolid-paper/benchmarks/ed25519-099d19c/point-addition51,wit-constr-diff,chunkedmul.circom,ChunkedMul,carry[0]:lt[19].in:out[19],Yes
zksolid-paper/benchmarks/ed25519-099d19c/point-addition51,wit-constr-diff,chunkedmul.circom,ChunkedMul,carry[0]:lt[1].in:out[1],Yes
zksolid-paper/benchmarks/ed25519-099d19c/point-addition51,wit-constr-diff,chunkedmul.circom,ChunkedMul,carry[0]:lt[2].in:out[2],Yes
zksolid-paper/benchmarks/ed25519-099d19c/point-addition51,wit-constr-diff,chunkedmul.circom,ChunkedMul,carry[0]:lt[3].in:out[3],Yes
zksolid-paper/benchmarks/ed25519-099d19c/point-addition51,wit-constr-diff,chunkedmul.circom,ChunkedMul,carry[0]:lt[4].in:out[4],Yes
zksolid-paper/benchmarks/ed25519-099d19c/point-addition51,wit-constr-diff,chunkedmul.circom,ChunkedMul,carry[0]:lt[5].in:out[5],Yes
zksolid-paper/benchmarks/ed25519-099d19c/point-addition51,wit-constr-diff,chunkedmul.circom,ChunkedMul,carry[0]:lt[6].in:out[6],Yes
zksolid-paper/benchmarks/ed25519-099d19c/point-addition51,wit-constr-diff,chunkedmul.circom,ChunkedMul,carry[0]:lt[7].in:out[7],Yes
zksolid-paper/benchmarks/ed25519-099d19c/point-addition51,wit-constr-diff,chunkedmul.circom,ChunkedMul,carry[0]:lt[8].in:out[8],Yes
zksolid-paper/benchmarks/ed25519-099d19c/point-addition51,wit-constr-diff,chunkedmul.circom,ChunkedMul,carry[0]:lt[9].in:out[9],Yes
zksolid-paper/benchmarks/ed25519-099d19c/point-addition51,wit-constr-diff,chunkedmul.circom,ChunkedMul,carry[10]:lt[10].in:out[10],Yes
zksolid-paper/benchmarks/ed25519-099d19c/point-addition51,wit-constr-diff,chunkedmul.circom,ChunkedMul,carry[10]:lt[11].in:out[11],Yes
zksolid-paper/benchmarks/ed25519-099d19c/point-addition51,wit-constr-diff,chunkedmul.circom,ChunkedMul,carry[10]:lt[12].in:out[12],Yes
zksolid-paper/benchmarks/ed25519-099d19c/point-addition51,wit-constr-diff,chunkedmul.circom,ChunkedMul,carry[10]:lt[13].in:out[13],Yes
zksolid-paper/benchmarks/ed25519-099d19c/point-addition51,wit-constr-diff,chunkedmul.circom,ChunkedMul,carry[10]:lt[14].in:out[14],Yes
zksolid-paper/benchmarks/ed25519-099d19c/point-addition51,wit-constr-diff,chunkedmul.circom,ChunkedMul,carry[10]:lt[15].in:out[15],Yes
zksolid-paper/benchmarks/ed25519-099d19c/point-addition51,wit-constr-diff,chunkedmul.circom,ChunkedMul,carry[10]:lt[16].in:out[16],Yes
zksolid-paper/benchmarks/ed25519-099d19c/point-addition51,wit-constr-diff,chunkedmul.circom,ChunkedMul,carry[10]:lt[17].in:out[17],Yes
zksolid-paper/benchmarks/ed25519-099d19c/point-addition51,wit-constr-diff,chunkedmul.circom,ChunkedMul,carry[10]:lt[19].in:out[19],Yes
zksolid-paper/benchmarks/ed25519-099d19c/point-addition51,wit-constr-diff,chunkedmul.circom,ChunkedMul,carry[11]:lt[11].in:out[11],Yes
zksolid-paper/benchmarks/ed25519-099d19c/point-addition51,wit-constr-diff,chunkedmul.circom,ChunkedMul,carry[11]:lt[12].in:out[12],Yes
zksolid-paper/benchmarks/ed25519-099d19c/point-addition51,wit-constr-diff,chunkedmul.circom,ChunkedMul,carry[11]:lt[13].in:out[13],Yes
zksolid-paper/benchmarks/ed25519-099d19c/point-addition51,wit-constr-diff,chunkedmul.circom,ChunkedMul,carry[11]:lt[14].in:out[14],Yes
zksolid-paper/benchmarks/ed25519-099d19c/point-addition51,wit-constr-diff,chunkedmul.circom,ChunkedMul,carry[11]:lt[15].in:out[15],Yes
zksolid-paper/benchmarks/ed25519-099d19c/point-addition51,wit-constr-diff,chunkedmul.circom,ChunkedMul,carry[11]:lt[16].in:out[16],Yes
zksolid-paper/benchmarks/ed25519-099d19c/point-addition51,wit-constr-diff,chunkedmul.circom,ChunkedMul,carry[11]:lt[17].in:out[17],Yes
zksolid-paper/benchmarks/ed25519-099d19c/point-addition51,wit-constr-diff,chunkedmul.circom,ChunkedMul,carry[11]:lt[19].in:out[19],Yes
zksolid-paper/benchmarks/ed25519-099d19c/point-addition51,wit-constr-diff,chunkedmul.circom,ChunkedMul,carry[12]:lt[12].in:out[12],Yes
zksolid-paper/benchmarks/ed25519-099d19c/point-addition51,wit-constr-diff,chunkedmul.circom,ChunkedMul,carry[12]:lt[13].in:out[13],Yes
zksolid-paper/benchmarks/ed25519-099d19c/point-addition51,wit-constr-diff,chunkedmul.circom,ChunkedMul,carry[12]:lt[14].in:out[14],Yes
zksolid-paper/benchmarks/ed25519-099d19c/point-addition51,wit-constr-diff,chunkedmul.circom,ChunkedMul,carry[12]:lt[15].in:out[15],Yes
zksolid-paper/benchmarks/ed25519-099d19c/point-addition51,wit-constr-diff,chunkedmul.circom,ChunkedMul,carry[12]:lt[16].in:out[16],Yes
zksolid-paper/benchmarks/ed25519-099d19c/point-addition51,wit-constr-diff,chunkedmul.circom,ChunkedMul,carry[12]:lt[17].in:out[17],Yes
zksolid-paper/benchmarks/ed25519-099d19c/point-addition51,wit-constr-diff,chunkedmul.circom,ChunkedMul,carry[12]:lt[19].in:out[19],Yes
zksolid-paper/benchmarks/ed25519-099d19c/point-addition51,wit-constr-diff,chunkedmul.circom,ChunkedMul,carry[13]:lt[13].in:out[13],Yes
zksolid-paper/benchmarks/ed25519-099d19c/point-addition51,wit-constr-diff,chunkedmul.circom,ChunkedMul,carry[13]:lt[14].in:out[14],Yes
zksolid-paper/benchmarks/ed25519-099d19c/point-addition51,wit-constr-diff,chunkedmul.circom,ChunkedMul,carry[13]:lt[15].in:out[15],Yes
zksolid-paper/benchmarks/ed25519-099d19c/point-addition51,wit-constr-diff,chunkedmul.circom,ChunkedMul,carry[13]:lt[16].in:out[16],Yes
zksolid-paper/benchmarks/ed25519-099d19c/point-addition51,wit-constr-diff,chunkedmul.circom,ChunkedMul,carry[13]:lt[17].in:out[17],Yes
zksolid-paper/benchmarks/ed25519-099d19c/point-addition51,wit-constr-diff,chunkedmul.circom,ChunkedMul,carry[13]:lt[19].in:out[19],Yes
zksolid-paper/benchmarks/ed25519-099d19c/point-addition51,wit-constr-diff,chunkedmul.circom,ChunkedMul,carry[14]:lt[14].in:out[14],Yes
zksolid-paper/benchmarks/ed25519-099d19c/point-addition51,wit-constr-diff,chunkedmul.circom,ChunkedMul,carry[14]:lt[15].in:out[15],Yes
zksolid-paper/benchmarks/ed25519-099d19c/point-addition51,wit-constr-diff,chunkedmul.circom,ChunkedMul,carry[14]:lt[16].in:out[16],Yes
zksolid-paper/benchmarks/ed25519-099d19c/point-addition51,wit-constr-diff,chunkedmul.circom,ChunkedMul,carry[14]:lt[17].in:out[17],Yes
zksolid-paper/benchmarks/ed25519-099d19c/point-addition51,wit-constr-diff,chunkedmul.circom,ChunkedMul,carry[14]:lt[19].in:out[19],Yes
zksolid-paper/benchmarks/ed25519-099d19c/point-addition51,wit-constr-diff,chunkedmul.circom,ChunkedMul,carry[15]:lt[15].in:out[15],Yes
zksolid-paper/benchmarks/ed25519-099d19c/point-addition51,wit-constr-diff,chunkedmul.circom,ChunkedMul,carry[15]:lt[16].in:out[16],Yes
zksolid-paper/benchmarks/ed25519-099d19c/point-addition51,wit-constr-diff,chunkedmul.circom,ChunkedMul,carry[15]:lt[17].in:out[17],Yes
zksolid-paper/benchmarks/ed25519-099d19c/point-addition51,wit-constr-diff,chunkedmul.circom,ChunkedMul,carry[15]:lt[19].in:out[19],Yes
zksolid-paper/benchmarks/ed25519-099d19c/point-addition51,wit-constr-diff,chunkedmul.circom,ChunkedMul,carry[16]:lt[16].in:out[16],Yes
zksolid-paper/benchmarks/ed25519-099d19c/point-addition51,wit-constr-diff,chunkedmul.circom,ChunkedMul,carry[16]:lt[17].in:out[17],Yes
zksolid-paper/benchmarks/ed25519-099d19c/point-addition51,wit-constr-diff,chunkedmul.circom,ChunkedMul,carry[16]:lt[19].in:out[19],Yes
zksolid-paper/benchmarks/ed25519-099d19c/point-addition51,wit-constr-diff,chunkedmul.circom,ChunkedMul,carry[17]:lt[17].in:out[17],Yes
zksolid-paper/benchmarks/ed25519-099d19c/point-addition51,wit-constr-diff,chunkedmul.circom,ChunkedMul,carry[17]:lt[19].in:out[19],Yes
zksolid-paper/benchmarks/ed25519-099d19c/point-addition51,wit-constr-diff,chunkedmul.circom,ChunkedMul,carry[18]:lt[19].in:out[19],Yes
zksolid-paper/benchmarks/ed25519-099d19c/point-addition51,wit-constr-diff,chunkedmul.circom,ChunkedMul,carry[19]:lt[19].in:out[19],Yes
zksolid-paper/benchmarks/ed25519-099d19c/point-addition51,wit-constr-diff,chunkedmul.circom,ChunkedMul,carry[1]:lt[10].in:out[10],Yes
zksolid-paper/benchmarks/ed25519-099d19c/point-addition51,wit-constr-diff,chunkedmul.circom,ChunkedMul,carry[1]:lt[11].in:out[11],Yes
zksolid-paper/benchmarks/ed25519-099d19c/point-addition51,wit-constr-diff,chunkedmul.circom,ChunkedMul,carry[1]:lt[12].in:out[12],Yes
zksolid-paper/benchmarks/ed25519-099d19c/point-addition51,wit-constr-diff,chunkedmul.circom,ChunkedMul,carry[1]:lt[13].in:out[13],Yes
zksolid-paper/benchmarks/ed25519-099d19c/point-addition51,wit-constr-diff,chunkedmul.circom,ChunkedMul,carry[1]:lt[14].in:out[14],Yes
zksolid-paper/benchmarks/ed25519-099d19c/point-addition51,wit-constr-diff,chunkedmul.circom,ChunkedMul,carry[1]:lt[15].in:out[15],Yes
zksolid-paper/benchmarks/ed25519-099d19c/point-addition51,wit-constr-diff,chunkedmul.circom,ChunkedMul,carry[1]:lt[16].in:out[16],Yes
zksolid-paper/benchmarks/ed25519-099d19c/point-addition51,wit-constr-diff,chunkedmul.circom,ChunkedMul,carry[1]:lt[17].in:out[17],Yes
zksolid-paper/benchmarks/ed25519-099d19c/point-addition51,wit-constr-diff,chunkedmul.circom,ChunkedMul,carry[1]:lt[19].in:out[19],Yes
zksolid-paper/benchmarks/ed25519-099d19c/point-addition51,wit-constr-diff,chunkedmul.circom,ChunkedMul,carry[1]:lt[1].in:out[1],Yes
zksolid-paper/benchmarks/ed25519-099d19c/point-addition51,wit-constr-diff,chunkedmul.circom,ChunkedMul,carry[1]:lt[2].in:out[2],Yes
zksolid-paper/benchmarks/ed25519-099d19c/point-addition51,wit-constr-diff,chunkedmul.circom,ChunkedMul,carry[1]:lt[3].in:out[3],Yes
zksolid-paper/benchmarks/ed25519-099d19c/point-addition51,wit-constr-diff,chunkedmul.circom,ChunkedMul,carry[1]:lt[4].in:out[4],Yes
zksolid-paper/benchmarks/ed25519-099d19c/point-addition51,wit-constr-diff,chunkedmul.circom,ChunkedMul,carry[1]:lt[5].in:out[5],Yes
zksolid-paper/benchmarks/ed25519-099d19c/point-addition51,wit-constr-diff,chunkedmul.circom,ChunkedMul,carry[1]:lt[6].in:out[6],Yes
zksolid-paper/benchmarks/ed25519-099d19c/point-addition51,wit-constr-diff,chunkedmul.circom,ChunkedMul,carry[1]:lt[7].in:out[7],Yes
zksolid-paper/benchmarks/ed25519-099d19c/point-addition51,wit-constr-diff,chunkedmul.circom,ChunkedMul,carry[1]:lt[8].in:out[8],Yes
zksolid-paper/benchmarks/ed25519-099d19c/point-addition51,wit-constr-diff,chunkedmul.circom,ChunkedMul,carry[1]:lt[9].in:out[9],Yes
zksolid-paper/benchmarks/ed25519-099d19c/point-addition51,wit-constr-diff,chunkedmul.circom,ChunkedMul,carry[2]:lt[10].in:out[10],Yes
zksolid-paper/benchmarks/ed25519-099d19c/point-addition51,wit-constr-diff,chunkedmul.circom,ChunkedMul,carry[2]:lt[11].in:out[11],Yes
zksolid-paper/benchmarks/ed25519-099d19c/point-addition51,wit-constr-diff,chunkedmul.circom,ChunkedMul,carry[2]:lt[12].in:out[12],Yes
zksolid-paper/benchmarks/ed25519-099d19c/point-addition51,wit-constr-diff,chunkedmul.circom,ChunkedMul,carry[2]:lt[13].in:out[13],Yes
zksolid-paper/benchmarks/ed25519-099d19c/point-addition51,wit-constr-diff,chunkedmul.circom,ChunkedMul,carry[2]:lt[14].in:out[14],Yes
zksolid-paper/benchmarks/ed25519-099d19c/point-addition51,wit-constr-diff,chunkedmul.circom,ChunkedMul,carry[2]:lt[15].in:out[15],Yes
zksolid-paper/benchmarks/ed25519-099d19c/point-addition51,wit-constr-diff,chunkedmul.circom,ChunkedMul,carry[2]:lt[16].in:out[16],Yes
zksolid-paper/benchmarks/ed25519-099d19c/point-addition51,wit-constr-diff,chunkedmul.circom,ChunkedMul,carry[2]:lt[17].in:out[17],Yes
zksolid-paper/benchmarks/ed25519-099d19c/point-addition51,wit-constr-diff,chunkedmul.circom,ChunkedMul,carry[2]:lt[19].in:out[19],Yes
zksolid-paper/benchmarks/ed25519-099d19c/point-addition51,wit-constr-diff,chunkedmul.circom,ChunkedMul,carry[2]:lt[2].in:out[2],Yes
zksolid-paper/benchmarks/ed25519-099d19c/point-addition51,wit-constr-diff,chunkedmul.circom,ChunkedMul,carry[2]:lt[3].in:out[3],Yes
zksolid-paper/benchmarks/ed25519-099d19c/point-addition51,wit-constr-diff,chunkedmul.circom,ChunkedMul,carry[2]:lt[4].in:out[4],Yes
zksolid-paper/benchmarks/ed25519-099d19c/point-addition51,wit-constr-diff,chunkedmul.circom,ChunkedMul,carry[2]:lt[5].in:out[5],Yes
zksolid-paper/benchmarks/ed25519-099d19c/point-addition51,wit-constr-diff,chunkedmul.circom,ChunkedMul,carry[2]:lt[6].in:out[6],Yes
zksolid-paper/benchmarks/ed25519-099d19c/point-addition51,wit-constr-diff,chunkedmul.circom,ChunkedMul,carry[2]:lt[7].in:out[7],Yes
zksolid-paper/benchmarks/ed25519-099d19c/point-addition51,wit-constr-diff,chunkedmul.circom,ChunkedMul,carry[2]:lt[8].in:out[8],Yes
zksolid-paper/benchmarks/ed25519-099d19c/point-addition51,wit-constr-diff,chunkedmul.circom,ChunkedMul,carry[2]:lt[9].in:out[9],Yes
zksolid-paper/benchmarks/ed25519-099d19c/point-addition51,wit-constr-diff,chunkedmul.circom,ChunkedMul,carry[3]:lt[10].in:out[10],Yes
zksolid-paper/benchmarks/ed25519-099d19c/point-addition51,wit-constr-diff,chunkedmul.circom,ChunkedMul,carry[3]:lt[11].in:out[11],Yes
zksolid-paper/benchmarks/ed25519-099d19c/point-addition51,wit-constr-diff,chunkedmul.circom,ChunkedMul,carry[3]:lt[12].in:out[12],Yes
zksolid-paper/benchmarks/ed25519-099d19c/point-addition51,wit-constr-diff,chunkedmul.circom,ChunkedMul,carry[3]:lt[13].in:out[13],Yes
zksolid-paper/benchmarks/ed25519-099d19c/point-addition51,wit-constr-diff,chunkedmul.circom,ChunkedMul,carry[3]:lt[14].in:out[14],Yes
zksolid-paper/benchmarks/ed25519-099d19c/point-addition51,wit-constr-diff,chunkedmul.circom,ChunkedMul,carry[3]:lt[15].in:out[15],Yes
zksolid-paper/benchmarks/ed25519-099d19c/point-addition51,wit-constr-diff,chunkedmul.circom,ChunkedMul,carry[3]:lt[16].in:out[16],Yes
zksolid-paper/benchmarks/ed25519-099d19c/point-addition51,wit-constr-diff,chunkedmul.circom,ChunkedMul,carry[3]:lt[17].in:out[17],Yes
zksolid-paper/benchmarks/ed25519-099d19c/point-addition51,wit-constr-diff,chunkedmul.circom,ChunkedMul,carry[3]:lt[19].in:out[19],Yes
zksolid-paper/benchmarks/ed25519-099d19c/point-addition51,wit-constr-diff,chunkedmul.circom,ChunkedMul,carry[3]:lt[3].in:out[3],Yes
zksolid-paper/benchmarks/ed25519-099d19c/point-addition51,wit-constr-diff,chunkedmul.circom,ChunkedMul,carry[3]:lt[4].in:out[4],Yes
zksolid-paper/benchmarks/ed25519-099d19c/point-addition51,wit-constr-diff,chunkedmul.circom,ChunkedMul,carry[3]:lt[5].in:out[5],Yes
zksolid-paper/benchmarks/ed25519-099d19c/point-addition51,wit-constr-diff,chunkedmul.circom,ChunkedMul,carry[3]:lt[6].in:out[6],Yes
zksolid-paper/benchmarks/ed25519-099d19c/point-addition51,wit-constr-diff,chunkedmul.circom,ChunkedMul,carry[3]:lt[7].in:out[7],Yes
zksolid-paper/benchmarks/ed25519-099d19c/point-addition51,wit-constr-diff,chunkedmul.circom,ChunkedMul,carry[3]:lt[8].in:out[8],Yes
zksolid-paper/benchmarks/ed25519-099d19c/point-addition51,wit-constr-diff,chunkedmul.circom,ChunkedMul,carry[3]:lt[9].in:out[9],Yes
zksolid-paper/benchmarks/ed25519-099d19c/point-addition51,wit-constr-diff,chunkedmul.circom,ChunkedMul,carry[4]:lt[10].in:out[10],Yes
zksolid-paper/benchmarks/ed25519-099d19c/point-addition51,wit-constr-diff,chunkedmul.circom,ChunkedMul,carry[4]:lt[11].in:out[11],Yes
zksolid-paper/benchmarks/ed25519-099d19c/point-addition51,wit-constr-diff,chunkedmul.circom,ChunkedMul,carry[4]:lt[12].in:out[12],Yes
zksolid-paper/benchmarks/ed25519-099d19c/point-addition51,wit-constr-diff,chunkedmul.circom,ChunkedMul,carry[4]:lt[13].in:out[13],Yes
zksolid-paper/benchmarks/ed25519-099d19c/point-addition51,wit-constr-diff,chunkedmul.circom,ChunkedMul,carry[4]:lt[14].in:out[14],Yes
zksolid-paper/benchmarks/ed25519-099d19c/point-addition51,wit-constr-diff,chunkedmul.circom,ChunkedMul,carry[4]:lt[15].in:out[15],Yes
zksolid-paper/benchmarks/ed25519-099d19c/point-addition51,wit-constr-diff,chunkedmul.circom,ChunkedMul,carry[4]:lt[16].in:out[16],Yes
zksolid-paper/benchmarks/ed25519-099d19c/point-addition51,wit-constr-diff,chunkedmul.circom,ChunkedMul,carry[4]:lt[17].in:out[17],Yes
zksolid-paper/benchmarks/ed25519-099d19c/point-addition51,wit-constr-diff,chunkedmul.circom,ChunkedMul,carry[4]:lt[19].in:out[19],Yes
zksolid-paper/benchmarks/ed25519-099d19c/point-addition51,wit-constr-diff,chunkedmul.circom,ChunkedMul,carry[4]:lt[4].in:out[4],Yes
zksolid-paper/benchmarks/ed25519-099d19c/point-addition51,wit-constr-diff,chunkedmul.circom,ChunkedMul,carry[4]:lt[5].in:out[5],Yes
zksolid-paper/benchmarks/ed25519-099d19c/point-addition51,wit-constr-diff,chunkedmul.circom,ChunkedMul,carry[4]:lt[6].in:out[6],Yes
zksolid-paper/benchmarks/ed25519-099d19c/point-addition51,wit-constr-diff,chunkedmul.circom,ChunkedMul,carry[4]:lt[7].in:out[7],Yes
zksolid-paper/benchmarks/ed25519-099d19c/point-addition51,wit-constr-diff,chunkedmul.circom,ChunkedMul,carry[4]:lt[8].in:out[8],Yes
zksolid-paper/benchmarks/ed25519-099d19c/point-addition51,wit-constr-diff,chunkedmul.circom,ChunkedMul,carry[4]:lt[9].in:out[9],Yes
zksolid-paper/benchmarks/ed25519-099d19c/point-addition51,wit-constr-diff,chunkedmul.circom,ChunkedMul,carry[5]:lt[10].in:out[10],Yes
zksolid-paper/benchmarks/ed25519-099d19c/point-addition51,wit-constr-diff,chunkedmul.circom,ChunkedMul,carry[5]:lt[11].in:out[11],Yes
zksolid-paper/benchmarks/ed25519-099d19c/point-addition51,wit-constr-diff,chunkedmul.circom,ChunkedMul,carry[5]:lt[12].in:out[12],Yes
zksolid-paper/benchmarks/ed25519-099d19c/point-addition51,wit-constr-diff,chunkedmul.circom,ChunkedMul,carry[5]:lt[13].in:out[13],Yes
zksolid-paper/benchmarks/ed25519-099d19c/point-addition51,wit-constr-diff,chunkedmul.circom,ChunkedMul,carry[5]:lt[14].in:out[14],Yes
zksolid-paper/benchmarks/ed25519-099d19c/point-addition51,wit-constr-diff,chunkedmul.circom,ChunkedMul,carry[5]:lt[15].in:out[15],Yes
zksolid-paper/benchmarks/ed25519-099d19c/point-addition51,wit-constr-diff,chunkedmul.circom,ChunkedMul,carry[5]:lt[16].in:out[16],Yes
zksolid-paper/benchmarks/ed25519-099d19c/point-addition51,wit-constr-diff,chunkedmul.circom,ChunkedMul,carry[5]:lt[17].in:out[17],Yes
zksolid-paper/benchmarks/ed25519-099d19c/point-addition51,wit-constr-diff,chunkedmul.circom,ChunkedMul,carry[5]:lt[19].in:out[19],Yes
zksolid-paper/benchmarks/ed25519-099d19c/point-addition51,wit-constr-diff,chunkedmul.circom,ChunkedMul,carry[5]:lt[5].in:out[5],Yes
zksolid-paper/benchmarks/ed25519-099d19c/point-addition51,wit-constr-diff,chunkedmul.circom,ChunkedMul,carry[5]:lt[6].in:out[6],Yes
zksolid-paper/benchmarks/ed25519-099d19c/point-addition51,wit-constr-diff,chunkedmul.circom,ChunkedMul,carry[5]:lt[7].in:out[7],Yes
zksolid-paper/benchmarks/ed25519-099d19c/point-addition51,wit-constr-diff,chunkedmul.circom,ChunkedMul,carry[5]:lt[8].in:out[8],Yes
zksolid-paper/benchmarks/ed25519-099d19c/point-addition51,wit-constr-diff,chunkedmul.circom,ChunkedMul,carry[5]:lt[9].in:out[9],Yes
zksolid-paper/benchmarks/ed25519-099d19c/point-addition51,wit-constr-diff,chunkedmul.circom,ChunkedMul,carry[6]:lt[10].in:out[10],Yes
zksolid-paper/benchmarks/ed25519-099d19c/point-addition51,wit-constr-diff,chunkedmul.circom,ChunkedMul,carry[6]:lt[11].in:out[11],Yes
zksolid-paper/benchmarks/ed25519-099d19c/point-addition51,wit-constr-diff,chunkedmul.circom,ChunkedMul,carry[6]:lt[12].in:out[12],Yes
zksolid-paper/benchmarks/ed25519-099d19c/point-addition51,wit-constr-diff,chunkedmul.circom,ChunkedMul,carry[6]:lt[13].in:out[13],Yes
zksolid-paper/benchmarks/ed25519-099d19c/point-addition51,wit-constr-diff,chunkedmul.circom,ChunkedMul,carry[6]:lt[14].in:out[14],Yes
zksolid-paper/benchmarks/ed25519-099d19c/point-addition51,wit-constr-diff,chunkedmul.circom,ChunkedMul,carry[6]:lt[15].in:out[15],Yes
zksolid-paper/benchmarks/ed25519-099d19c/point-addition51,wit-constr-diff,chunkedmul.circom,ChunkedMul,carry[6]:lt[16].in:out[16],Yes
zksolid-paper/benchmarks/ed25519-099d19c/point-addition51,wit-constr-diff,chunkedmul.circom,ChunkedMul,carry[6]:lt[17].in:out[17],Yes
zksolid-paper/benchmarks/ed25519-099d19c/point-addition51,wit-constr-diff,chunkedmul.circom,ChunkedMul,carry[6]:lt[19].in:out[19],Yes
zksolid-paper/benchmarks/ed25519-099d19c/point-addition51,wit-constr-diff,chunkedmul.circom,ChunkedMul,carry[6]:lt[6].in:out[6],Yes
zksolid-paper/benchmarks/ed25519-099d19c/point-addition51,wit-constr-diff,chunkedmul.circom,ChunkedMul,carry[6]:lt[7].in:out[7],Yes
zksolid-paper/benchmarks/ed25519-099d19c/point-addition51,wit-constr-diff,chunkedmul.circom,ChunkedMul,carry[6]:lt[8].in:out[8],Yes
zksolid-paper/benchmarks/ed25519-099d19c/point-addition51,wit-constr-diff,chunkedmul.circom,ChunkedMul,carry[6]:lt[9].in:out[9],Yes
zksolid-paper/benchmarks/ed25519-099d19c/point-addition51,wit-constr-diff,chunkedmul.circom,ChunkedMul,carry[7]:lt[10].in:out[10],Yes
zksolid-paper/benchmarks/ed25519-099d19c/point-addition51,wit-constr-diff,chunkedmul.circom,ChunkedMul,carry[7]:lt[11].in:out[11],Yes
zksolid-paper/benchmarks/ed25519-099d19c/point-addition51,wit-constr-diff,chunkedmul.circom,ChunkedMul,carry[7]:lt[12].in:out[12],Yes
zksolid-paper/benchmarks/ed25519-099d19c/point-addition51,wit-constr-diff,chunkedmul.circom,ChunkedMul,carry[7]:lt[13].in:out[13],Yes
zksolid-paper/benchmarks/ed25519-099d19c/point-addition51,wit-constr-diff,chunkedmul.circom,ChunkedMul,carry[7]:lt[14].in:out[14],Yes
zksolid-paper/benchmarks/ed25519-099d19c/point-addition51,wit-constr-diff,chunkedmul.circom,ChunkedMul,carry[7]:lt[15].in:out[15],Yes
zksolid-paper/benchmarks/ed25519-099d19c/point-addition51,wit-constr-diff,chunkedmul.circom,ChunkedMul,carry[7]:lt[16].in:out[16],Yes
zksolid-paper/benchmarks/ed25519-099d19c/point-addition51,wit-constr-diff,chunkedmul.circom,ChunkedMul,carry[7]:lt[17].in:out[17],Yes
zksolid-paper/benchmarks/ed25519-099d19c/point-addition51,wit-constr-diff,chunkedmul.circom,ChunkedMul,carry[7]:lt[19].in:out[19],Yes
zksolid-paper/benchmarks/ed25519-099d19c/point-addition51,wit-constr-diff,chunkedmul.circom,ChunkedMul,carry[7]:lt[7].in:out[7],Yes
zksolid-paper/benchmarks/ed25519-099d19c/point-addition51,wit-constr-diff,chunkedmul.circom,ChunkedMul,carry[7]:lt[8].in:out[8],Yes
zksolid-paper/benchmarks/ed25519-099d19c/point-addition51,wit-constr-diff,chunkedmul.circom,ChunkedMul,carry[7]:lt[9].in:out[9],Yes
zksolid-paper/benchmarks/ed25519-099d19c/point-addition51,wit-constr-diff,chunkedmul.circom,ChunkedMul,carry[8]:lt[10].in:out[10],Yes
zksolid-paper/benchmarks/ed25519-099d19c/point-addition51,wit-constr-diff,chunkedmul.circom,ChunkedMul,carry[8]:lt[11].in:out[11],Yes
zksolid-paper/benchmarks/ed25519-099d19c/point-addition51,wit-constr-diff,chunkedmul.circom,ChunkedMul,carry[8]:lt[12].in:out[12],Yes
zksolid-paper/benchmarks/ed25519-099d19c/point-addition51,wit-constr-diff,chunkedmul.circom,ChunkedMul,carry[8]:lt[13].in:out[13],Yes
zksolid-paper/benchmarks/ed25519-099d19c/point-addition51,wit-constr-diff,chunkedmul.circom,ChunkedMul,carry[8]:lt[14].in:out[14],Yes
zksolid-paper/benchmarks/ed25519-099d19c/point-addition51,wit-constr-diff,chunkedmul.circom,ChunkedMul,carry[8]:lt[15].in:out[15],Yes
zksolid-paper/benchmarks/ed25519-099d19c/point-addition51,wit-constr-diff,chunkedmul.circom,ChunkedMul,carry[8]:lt[16].in:out[16],Yes
zksolid-paper/benchmarks/ed25519-099d19c/point-addition51,wit-constr-diff,chunkedmul.circom,ChunkedMul,carry[8]:lt[17].in:out[17],Yes
zksolid-paper/benchmarks/ed25519-099d19c/point-addition51,wit-constr-diff,chunkedmul.circom,ChunkedMul,carry[8]:lt[19].in:out[19],Yes
zksolid-paper/benchmarks/ed25519-099d19c/point-addition51,wit-constr-diff,chunkedmul.circom,ChunkedMul,carry[8]:lt[8].in:out[8],Yes
zksolid-paper/benchmarks/ed25519-099d19c/point-addition51,wit-constr-diff,chunkedmul.circom,ChunkedMul,carry[8]:lt[9].in:out[9],Yes
zksolid-paper/benchmarks/ed25519-099d19c/point-addition51,wit-constr-diff,chunkedmul.circom,ChunkedMul,carry[9]:lt[10].in:out[10],Yes
zksolid-paper/benchmarks/ed25519-099d19c/point-addition51,wit-constr-diff,chunkedmul.circom,ChunkedMul,carry[9]:lt[11].in:out[11],Yes
zksolid-paper/benchmarks/ed25519-099d19c/point-addition51,wit-constr-diff,chunkedmul.circom,ChunkedMul,carry[9]:lt[12].in:out[12],Yes
zksolid-paper/benchmarks/ed25519-099d19c/point-addition51,wit-constr-diff,chunkedmul.circom,ChunkedMul,carry[9]:lt[13].in:out[13],Yes
zksolid-paper/benchmarks/ed25519-099d19c/point-addition51,wit-constr-diff,chunkedmul.circom,ChunkedMul,carry[9]:lt[14].in:out[14],Yes
zksolid-paper/benchmarks/ed25519-099d19c/point-addition51,wit-constr-diff,chunkedmul.circom,ChunkedMul,carry[9]:lt[15].in:out[15],Yes
zksolid-paper/benchmarks/ed25519-099d19c/point-addition51,wit-constr-diff,chunkedmul.circom,ChunkedMul,carry[9]:lt[16].in:out[16],Yes
zksolid-paper/benchmarks/ed25519-099d19c/point-addition51,wit-constr-diff,chunkedmul.circom,ChunkedMul,carry[9]:lt[17].in:out[17],Yes
zksolid-paper/benchmarks/ed25519-099d19c/point-addition51,wit-constr-diff,chunkedmul.circom,ChunkedMul,carry[9]:lt[19].in:out[19],Yes
zksolid-paper/benchmarks/ed25519-099d19c/point-addition51,wit-constr-diff,chunkedmul.circom,ChunkedMul,carry[9]:lt[9].in:out[9],Yes
zksolid-paper/benchmarks/ed25519-099d19c/point-addition51,wit-constr-diff,chunkedmul.circom,ChunkedMul,in1[0]:lt[10].in:out[10],Yes
zksolid-paper/benchmarks/ed25519-099d19c/point-addition51,wit-constr-diff,chunkedmul.circom,ChunkedMul,in1[0]:lt[11].in:out[11],Yes
zksolid-paper/benchmarks/ed25519-099d19c/point-addition51,wit-constr-diff,chunkedmul.circom,ChunkedMul,in1[0]:lt[12].in:out[12],Yes
zksolid-paper/benchmarks/ed25519-099d19c/point-addition51,wit-constr-diff,chunkedmul.circom,ChunkedMul,in1[0]:lt[13].in:out[13],Yes
zksolid-paper/benchmarks/ed25519-099d19c/point-addition51,wit-constr-diff,chunkedmul.circom,ChunkedMul,in1[0]:lt[14].in:out[14],Yes
zksolid-paper/benchmarks/ed25519-099d19c/point-addition51,wit-constr-diff,chunkedmul.circom,ChunkedMul,in1[0]:lt[15].in:out[15],Yes
zksolid-paper/benchmarks/ed25519-099d19c/point-addition51,wit-constr-diff,chunkedmul.circom,ChunkedMul,in1[0]:lt[16].in:out[16],Yes
zksolid-paper/benchmarks/ed25519-099d19c/point-addition51,wit-constr-diff,chunkedmul.circom,ChunkedMul,in1[0]:lt[17].in:out[17],Yes
zksolid-paper/benchmarks/ed25519-099d19c/point-addition51,wit-constr-diff,chunkedmul.circom,ChunkedMul,in1[0]:lt[19].in:out[19],Yes
zksolid-paper/benchmarks/ed25519-099d19c/point-addition51,wit-constr-diff,chunkedmul.circom,ChunkedMul,in1[0]:lt[1].in:out[1],Yes
zksolid-paper/benchmarks/ed25519-099d19c/point-addition51,wit-constr-diff,chunkedmul.circom,ChunkedMul,in1[0]:lt[2].in:out[2],Yes
zksolid-paper/benchmarks/ed25519-099d19c/point-addition51,wit-constr-diff,chunkedmul.circom,ChunkedMul,in1[0]:lt[3].in:out[3],Yes
zksolid-paper/benchmarks/ed25519-099d19c/point-addition51,wit-constr-diff,chunkedmul.circom,ChunkedMul,in1[0]:lt[4].in:out[4],Yes
zksolid-paper/benchmarks/ed25519-099d19c/point-addition51,wit-constr-diff,chunkedmul.circom,ChunkedMul,in1[0]:lt[5].in:out[5],Yes
zksolid-paper/benchmarks/ed25519-099d19c/point-addition51,wit-constr-diff,chunkedmul.circom,ChunkedMul,in1[0]:lt[6].in:out[6],Yes
zksolid-paper/benchmarks/ed25519-099d19c/point-addition51,wit-constr-diff,chunkedmul.circom,ChunkedMul,in1[0]:lt[7].in:out[7],Yes
zksolid-paper/benchmarks/ed25519-099d19c/point-addition51,wit-constr-diff,chunkedmul.circom,ChunkedMul,in1[0]:lt[8].in:out[8],Yes
zksolid-paper/benchmarks/ed25519-099d19c/point-addition51,wit-constr-diff,chunkedmul.circom,ChunkedMul,in1[0]:lt[9].in:out[9],Yes
zksolid-paper/benchmarks/ed25519-099d19c/point-addition51,wit-constr-diff,chunkedmul.circom,ChunkedMul,in1[10]:lt[11].in:out[11],Yes
zksolid-paper/benchmarks/ed25519-099d19c/point-addition51,wit-constr-diff,chunkedmul.circom,ChunkedMul,in1[10]:lt[12].in:out[12],Yes
zksolid-paper/benchmarks/ed25519-099d19c/point-addition51,wit-constr-diff,chunkedmul.circom,ChunkedMul,in1[10]:lt[13].in:out[13],Yes
zksolid-paper/benchmarks/ed25519-099d19c/point-addition51,wit-constr-diff,chunkedmul.circom,ChunkedMul,in1[10]:lt[14].in:out[14],Yes
zksolid-paper/benchmarks/ed25519-099d19c/point-addition51,wit-constr-diff,chunkedmul.circom,ChunkedMul,in1[10]:lt[15].in:out[15],Yes
zksolid-paper/benchmarks/ed25519-099d19c/point-addition51,wit-constr-diff,chunkedmul.circom,ChunkedMul,in1[10]:lt[17].in:out[17],Yes
zksolid-paper/benchmarks/ed25519-099d19c/point-addition51,wit-constr-diff,chunkedmul.circom,ChunkedMul,in1[11]:lt[12].in:out[12],Yes
zksolid-paper/benchmarks/ed25519-099d19c/point-addition51,wit-constr-diff,chunkedmul.circom,ChunkedMul,in1[11]:lt[13].in:out[13],Yes
zksolid-paper/benchmarks/ed25519-099d19c/point-addition51,wit-constr-diff,chunkedmul.circom,ChunkedMul,in1[11]:lt[14].in:out[14],Yes
zksolid-paper/benchmarks/ed25519-099d19c/point-addition51,wit-constr-diff,chunkedmul.circom,ChunkedMul,in1[11]:lt[15].in:out[15],Yes
zksolid-paper/benchmarks/ed25519-099d19c/point-addition51,wit-constr-diff,chunkedmul.circom,ChunkedMul,in1[11]:lt[17].in:out[17],Yes
zksolid-paper/benchmarks/ed25519-099d19c/point-addition51,wit-constr-diff,chunkedmul.circom,ChunkedMul,in1[12]:lt[13].in:out[13],Yes
zksolid-paper/benchmarks/ed25519-099d19c/point-addition51,wit-constr-diff,chunkedmul.circom,ChunkedMul,in1[12]:lt[14].in:out[14],Yes
zksolid-paper/benchmarks/ed25519-099d19c/point-addition51,wit-constr-diff,chunkedmul.circom,ChunkedMul,in1[12]:lt[15].in:out[15],Yes
zksolid-paper/benchmarks/ed25519-099d19c/point-addition51,wit-constr-diff,chunkedmul.circom,ChunkedMul,in1[12]:lt[17].in:out[17],Yes
zksolid-paper/benchmarks/ed25519-099d19c/point-addition51,wit-constr-diff,chunkedmul.circom,ChunkedMul,in1[13]:lt[14].in:out[14],Yes
zksolid-paper/benchmarks/ed25519-099d19c/point-addition51,wit-constr-diff,chunkedmul.circom,ChunkedMul,in1[13]:lt[15].in:out[15],Yes
zksolid-paper/benchmarks/ed25519-099d19c/point-addition51,wit-constr-diff,chunkedmul.circom,ChunkedMul,in1[13]:lt[17].in:out[17],Yes
zksolid-paper/benchmarks/ed25519-099d19c/point-addition51,wit-constr-diff,chunkedmul.circom,ChunkedMul,in1[14]:lt[15].in:out[15],Yes
zksolid-paper/benchmarks/ed25519-099d19c/point-addition51,wit-constr-diff,chunkedmul.circom,ChunkedMul,in1[14]:lt[17].in:out[17],Yes
zksolid-paper/benchmarks/ed25519-099d19c/point-addition51,wit-constr-diff,chunkedmul.circom,ChunkedMul,in1[15]:lt[17].in:out[17],Yes
zksolid-paper/benchmarks/ed25519-099d19c/point-addition51,wit-constr-diff,chunkedmul.circom,ChunkedMul,in1[16]:lt[17].in:out[17],Yes
zksolid-paper/benchmarks/ed25519-099d19c/point-addition51,wit-constr-diff,chunkedmul.circom,ChunkedMul,in1[1]:lt[10].in:out[10],Yes
zksolid-paper/benchmarks/ed25519-099d19c/point-addition51,wit-constr-diff,chunkedmul.circom,ChunkedMul,in1[1]:lt[11].in:out[11],Yes
zksolid-paper/benchmarks/ed25519-099d19c/point-addition51,wit-constr-diff,chunkedmul.circom,ChunkedMul,in1[1]:lt[12].in:out[12],Yes
zksolid-paper/benchmarks/ed25519-099d19c/point-addition51,wit-constr-diff,chunkedmul.circom,ChunkedMul,in1[1]:lt[13].in:out[13],Yes
zksolid-paper/benchmarks/ed25519-099d19c/point-addition51,wit-constr-diff,chunkedmul.circom,ChunkedMul,in1[1]:lt[14].in:out[14],Yes
zksolid-paper/benchmarks/ed25519-099d19c/point-addition51,wit-constr-diff,chunkedmul.circom,ChunkedMul,in1[1]:lt[15].in:out[15],Yes
zksolid-paper/benchmarks/ed25519-099d19c/point-addition51,wit-constr-diff,chunkedmul.circom,ChunkedMul,in1[1]:lt[16].in:out[16],Yes
zksolid-paper/benchmarks/ed25519-099d19c/point-addition51,wit-constr-diff,chunkedmul.circom,ChunkedMul,in1[1]:lt[17].in:out[17],Yes
zksolid-paper/benchmarks/ed25519-099d19c/point-addition51,wit-constr-diff,chunkedmul.circom,ChunkedMul,in1[1]:lt[19].in:out[19],Yes
zksolid-paper/benchmarks/ed25519-099d19c/point-addition51,wit-constr-diff,chunkedmul.circom,ChunkedMul,in1[1]:lt[2].in:out[2],Yes
zksolid-paper/benchmarks/ed25519-099d19c/point-addition51,wit-constr-diff,chunkedmul.circom,ChunkedMul,in1[1]:lt[3].in:out[3],Yes
zksolid-paper/benchmarks/ed25519-099d19c/point-addition51,wit-constr-diff,chunkedmul.circom,ChunkedMul,in1[1]:lt[4].in:out[4],Yes
zksolid-paper/benchmarks/ed25519-099d19c/point-addition51,wit-constr-diff,chunkedmul.circom,ChunkedMul,in1[1]:lt[5].in:out[5],Yes
zksolid-paper/benchmarks/ed25519-099d19c/point-addition51,wit-constr-diff,chunkedmul.circom,ChunkedMul,in1[1]:lt[6].in:out[6],Yes
zksolid-paper/benchmarks/ed25519-099d19c/point-addition51,wit-constr-diff,chunkedmul.circom,ChunkedMul,in1[1]:lt[7].in:out[7],Yes
zksolid-paper/benchmarks/ed25519-099d19c/point-addition51,wit-constr-diff,chunkedmul.circom,ChunkedMul,in1[1]:lt[8].in:out[8],Yes
zksolid-paper/benchmarks/ed25519-099d19c/point-addition51,wit-constr-diff,chunkedmul.circom,ChunkedMul,in1[1]:lt[9].in:out[9],Yes
zksolid-paper/benchmarks/ed25519-099d19c/point-addition51,wit-constr-diff,chunkedmul.circom,ChunkedMul,in1[2]:lt[10].in:out[10],Yes
zksolid-paper/benchmarks/ed25519-099d19c/point-addition51,wit-constr-diff,chunkedmul.circom,ChunkedMul,in1[2]:lt[11].in:out[11],Yes
zksolid-paper/benchmarks/ed25519-099d19c/point-addition51,wit-constr-diff,chunkedmul.circom,ChunkedMul,in1[2]:lt[12].in:out[12],Yes
zksolid-paper/benchmarks/ed25519-099d19c/point-addition51,wit-constr-diff,chunkedmul.circom,ChunkedMul,in1[2]:lt[13].in:out[13],Yes
zksolid-paper/benchmarks/ed25519-099d19c/point-addition51,wit-constr-diff,chunkedmul.circom,ChunkedMul,in1[2]:lt[14].in:out[14],Yes
zksolid-paper/benchmarks/ed25519-099d19c/point-addition51,wit-constr-diff,chunkedmul.circom,ChunkedMul,in1[2]:lt[15].in:out[15],Yes
zksolid-paper/benchmarks/ed25519-099d19c/point-addition51,wit-constr-diff,chunkedmul.circom,ChunkedMul,in1[2]:lt[16].in:out[16],Yes
zksolid-paper/benchmarks/ed25519-099d19c/point-addition51,wit-constr-diff,chunkedmul.circom,ChunkedMul,in1[2]:lt[17].in:out[17],Yes
zksolid-paper/benchmarks/ed25519-099d19c/point-addition51,wit-constr-diff,chunkedmul.circom,ChunkedMul,in1[2]:lt[19].in:out[19],Yes
zksolid-paper/benchmarks/ed25519-099d19c/point-addition51,wit-constr-diff,chunkedmul.circom,ChunkedMul,in1[2]:lt[3].in:out[3],Yes
zksolid-paper/benchmarks/ed25519-099d19c/point-addition51,wit-constr-diff,chunkedmul.circom,ChunkedMul,in1[2]:lt[4].in:out[4],Yes
zksolid-paper/benchmarks/ed25519-099d19c/point-addition51,wit-constr-diff,chunkedmul.circom,ChunkedMul,in1[2]:lt[5].in:out[5],Yes
zksolid-paper/benchmarks/ed25519-099d19c/point-addition51,wit-constr-diff,chunkedmul.circom,ChunkedMul,in1[2]:lt[6].in:out[6],Yes
zksolid-paper/benchmarks/ed25519-099d19c/point-addition51,wit-constr-diff,chunkedmul.circom,ChunkedMul,in1[2]:lt[7].in:out[7],Yes
zksolid-paper/benchmarks/ed25519-099d19c/point-addition51,wit-constr-diff,chunkedmul.circom,ChunkedMul,in1[2]:lt[8].in:out[8],Yes
zksolid-paper/benchmarks/ed25519-099d19c/point-addition51,wit-constr-diff,chunkedmul.circom,ChunkedMul,in1[2]:lt[9].in:out[9],Yes
zksolid-paper/benchmarks/ed25519-099d19c/point-addition51,wit-constr-diff,chunkedmul.circom,ChunkedMul,in1[3]:lt[10].in:out[10],Yes
zksolid-paper/benchmarks/ed25519-099d19c/point-addition51,wit-constr-diff,chunkedmul.circom,ChunkedMul,in1[3]:lt[11].in:out[11],Yes
zksolid-paper/benchmarks/ed25519-099d19c/point-addition51,wit-constr-diff,chunkedmul.circom,ChunkedMul,in1[3]:lt[12].in:out[12],Yes
zksolid-paper/benchmarks/ed25519-099d19c/point-addition51,wit-constr-diff,chunkedmul.circom,ChunkedMul,in1[3]:lt[13].in:out[13],Yes
zksolid-paper/benchmarks/ed25519-099d19c/point-addition51,wit-constr-diff,chunkedmul.circom,ChunkedMul,in1[3]:lt[14].in:out[14],Yes
zksolid-paper/benchmarks/ed25519-099d19c/point-addition51,wit-constr-diff,chunkedmul.circom,ChunkedMul,in1[3]:lt[15].in:out[15],Yes
zksolid-paper/benchmarks/ed25519-099d19c/point-addition51,wit-constr-diff,chunkedmul.circom,ChunkedMul,in1[3]:lt[16].in:out[16],Yes
zksolid-paper/benchmarks/ed25519-099d19c/point-addition51,wit-constr-diff,chunkedmul.circom,ChunkedMul,in1[3]:lt[17].in:out[17],Yes
zksolid-paper/benchmarks/ed25519-099d19c/point-addition51,wit-constr-diff,chunkedmul.circom,ChunkedMul,in1[3]:lt[19].in:out[19],Yes
zksolid-paper/benchmarks/ed25519-099d19c/point-addition51,wit-constr-diff,chunkedmul.circom,ChunkedMul,in1[3]:lt[4].in:out[4],Yes
zksolid-paper/benchmarks/ed25519-099d19c/point-addition51,wit-constr-diff,chunkedmul.circom,ChunkedMul,in1[3]:lt[5].in:out[5],Yes
zksolid-paper/benchmarks/ed25519-099d19c/point-addition51,wit-constr-diff,chunkedmul.circom,ChunkedMul,in1[3]:lt[6].in:out[6],Yes
zksolid-paper/benchmarks/ed25519-099d19c/point-addition51,wit-constr-diff,chunkedmul.circom,ChunkedMul,in1[3]:lt[7].in:out[7],Yes
zksolid-paper/benchmarks/ed25519-099d19c/point-addition51,wit-constr-diff,chunkedmul.circom,ChunkedMul,in1[3]:lt[8].in:out[8],Yes
zksolid-paper/benchmarks/ed25519-099d19c/point-addition51,wit-constr-diff,chunkedmul.circom,ChunkedMul,in1[3]:lt[9].in:out[9],Yes
zksolid-paper/benchmarks/ed25519-099d19c/point-addition51,wit-constr-diff,chunkedmul.circom,ChunkedMul,in1[4]:lt[10].in:out[10],Yes
zksolid-paper/benchmarks/ed25519-099d19c/point-addition51,wit-constr-diff,chunkedmul.circom,ChunkedMul,in1[4]:lt[11].in:out[11],Yes
zksolid-paper/benchmarks/ed25519-099d19c/point-addition51,wit-constr-diff,chunkedmul.circom,ChunkedMul,in1[4]:lt[12].in:out[12],Yes
zksolid-paper/benchmarks/ed25519-099d19c/point-addition51,wit-constr-diff,chunkedmul.circom,ChunkedMul,in1[4]:lt[13].in:out[13],Yes
zksolid-paper/benchmarks/ed25519-099d19c/point-addition51,wit-constr-diff,chunkedmul.circom,ChunkedMul,in1[4]:lt[14].in:out[14],Yes
zksolid-paper/benchmarks/ed25519-099d19c/point-addition51,wit-constr-diff,chunkedmul.circom,ChunkedMul,in1[4]:lt[15].in:out[15],Yes
zksolid-paper/benchmarks/ed25519-099d19c/point-addition51,wit-constr-diff,chunkedmul.circom,ChunkedMul,in1[4]:lt[16].in:out[16],Yes
zksolid-paper/benchmarks/ed25519-099d19c/point-addition51,wit-constr-diff,chunkedmul.circom,ChunkedMul,in1[4]:lt[17].in:out[17],Yes
zksolid-paper/benchmarks/ed25519-099d19c/point-addition51,wit-constr-diff,chunkedmul.circom,ChunkedMul,in1[4]:lt[19].in:out[19],Yes
zksolid-paper/benchmarks/ed25519-099d19c/point-addition51,wit-constr-diff,chunkedmul.circom,ChunkedMul,in1[4]:lt[5].in:out[5],Yes
zksolid-paper/benchmarks/ed25519-099d19c/point-addition51,wit-constr-diff,chunkedmul.circom,ChunkedMul,in1[4]:lt[6].in:out[6],Yes
zksolid-paper/benchmarks/ed25519-099d19c/point-addition51,wit-constr-diff,chunkedmul.circom,ChunkedMul,in1[4]:lt[7].in:out[7],Yes
zksolid-paper/benchmarks/ed25519-099d19c/point-addition51,wit-constr-diff,chunkedmul.circom,ChunkedMul,in1[4]:lt[8].in:out[8],Yes
zksolid-paper/benchmarks/ed25519-099d19c/point-addition51,wit-constr-diff,chunkedmul.circom,ChunkedMul,in1[4]:lt[9].in:out[9],Yes
zksolid-paper/benchmarks/ed25519-099d19c/point-addition51,wit-constr-diff,chunkedmul.circom,ChunkedMul,in1[5]:lt[10].in:out[10],Yes
zksolid-paper/benchmarks/ed25519-099d19c/point-addition51,wit-constr-diff,chunkedmul.circom,ChunkedMul,in1[5]:lt[11].in:out[11],Yes
zksolid-paper/benchmarks/ed25519-099d19c/point-addition51,wit-constr-diff,chunkedmul.circom,ChunkedMul,in1[5]:lt[12].in:out[12],Yes
zksolid-paper/benchmarks/ed25519-099d19c/point-addition51,wit-constr-diff,chunkedmul.circom,ChunkedMul,in1[5]:lt[13].in:out[13],Yes
zksolid-paper/benchmarks/ed25519-099d19c/point-addition51,wit-constr-diff,chunkedmul.circom,ChunkedMul,in1[5]:lt[14].in:out[14],Yes
zksolid-paper/benchmarks/ed25519-099d19c/point-addition51,wit-constr-diff,chunkedmul.circom,ChunkedMul,in1[5]:lt[15].in:out[15],Yes
zksolid-paper/benchmarks/ed25519-099d19c/point-addition51,wit-constr-diff,chunkedmul.circom,ChunkedMul,in1[5]:lt[16].in:out[16],Yes
zksolid-paper/benchmarks/ed25519-099d19c/point-addition51,wit-constr-diff,chunkedmul.circom,ChunkedMul,in1[5]:lt[17].in:out[17],Yes
zksolid-paper/benchmarks/ed25519-099d19c/point-addition51,wit-constr-diff,chunkedmul.circom,ChunkedMul,in1[5]:lt[19].in:out[19],Yes
zksolid-paper/benchmarks/ed25519-099d19c/point-addition51,wit-constr-diff,chunkedmul.circom,ChunkedMul,in1[5]:lt[6].in:out[6],Yes
zksolid-paper/benchmarks/ed25519-099d19c/point-addition51,wit-constr-diff,chunkedmul.circom,ChunkedMul,in1[5]:lt[7].in:out[7],Yes
zksolid-paper/benchmarks/ed25519-099d19c/point-addition51,wit-constr-diff,chunkedmul.circom,ChunkedMul,in1[5]:lt[8].in:out[8],Yes
zksolid-paper/benchmarks/ed25519-099d19c/point-addition51,wit-constr-diff,chunkedmul.circom,ChunkedMul,in1[5]:lt[9].in:out[9],Yes
zksolid-paper/benchmarks/ed25519-099d19c/point-addition51,wit-constr-diff,chunkedmul.circom,ChunkedMul,in1[6]:lt[10].in:out[10],Yes
zksolid-paper/benchmarks/ed25519-099d19c/point-addition51,wit-constr-diff,chunkedmul.circom,ChunkedMul,in1[6]:lt[11].in:out[11],Yes
zksolid-paper/benchmarks/ed25519-099d19c/point-addition51,wit-constr-diff,chunkedmul.circom,ChunkedMul,in1[6]:lt[12].in:out[12],Yes
zksolid-paper/benchmarks/ed25519-099d19c/point-addition51,wit-constr-diff,chunkedmul.circom,ChunkedMul,in1[6]:lt[13].in:out[13],Yes
zksolid-paper/benchmarks/ed25519-099d19c/point-addition51,wit-constr-diff,chunkedmul.circom,ChunkedMul,in1[6]:lt[14].in:out[14],Yes
zksolid-paper/benchmarks/ed25519-099d19c/point-addition51,wit-constr-diff,chunkedmul.circom,ChunkedMul,in1[6]:lt[15].in:out[15],Yes
zksolid-paper/benchmarks/ed25519-099d19c/point-addition51,wit-constr-diff,chunkedmul.circom,ChunkedMul,in1[6]:lt[16].in:out[16],Yes
zksolid-paper/benchmarks/ed25519-099d19c/point-addition51,wit-constr-diff,chunkedmul.circom,ChunkedMul,in1[6]:lt[17].in:out[17],Yes
zksolid-paper/benchmarks/ed25519-099d19c/point-addition51,wit-constr-diff,chunkedmul.circom,ChunkedMul,in1[6]:lt[19].in:out[19],Yes
zksolid-paper/benchmarks/ed25519-099d19c/point-addition51,wit-constr-diff,chunkedmul.circom,ChunkedMul,in1[6]:lt[7].in:out[7],Yes
zksolid-paper/benchmarks/ed25519-099d19c/point-addition51,wit-constr-diff,chunkedmul.circom,ChunkedMul,in1[6]:lt[8].in:out[8],Yes
zksolid-paper/benchmarks/ed25519-099d19c/point-addition51,wit-constr-diff,chunkedmul.circom,ChunkedMul,in1[6]:lt[9].in:out[9],Yes
zksolid-paper/benchmarks/ed25519-099d19c/point-addition51,wit-constr-diff,chunkedmul.circom,ChunkedMul,in1[7]:lt[10].in:out[10],Yes
zksolid-paper/benchmarks/ed25519-099d19c/point-addition51,wit-constr-diff,chunkedmul.circom,ChunkedMul,in1[7]:lt[11].in:out[11],Yes
zksolid-paper/benchmarks/ed25519-099d19c/point-addition51,wit-constr-diff,chunkedmul.circom,ChunkedMul,in1[7]:lt[12].in:out[12],Yes
zksolid-paper/benchmarks/ed25519-099d19c/point-addition51,wit-constr-diff,chunkedmul.circom,ChunkedMul,in1[7]:lt[13].in:out[13],Yes
zksolid-paper/benchmarks/ed25519-099d19c/point-addition51,wit-constr-diff,chunkedmul.circom,ChunkedMul,in1[7]:lt[14].in:out[14],Yes
zksolid-paper/benchmarks/ed25519-099d19c/point-addition51,wit-constr-diff,chunkedmul.circom,ChunkedMul,in1[7]:lt[15].in:out[15],Yes
zksolid-paper/benchmarks/ed25519-099d19c/point-addition51,wit-constr-diff,chunkedmul.circom,ChunkedMul,in1[7]:lt[16].in:out[16],Yes
zksolid-paper/benchmarks/ed25519-099d19c/point-addition51,wit-constr-diff,chunkedmul.circom,ChunkedMul,in1[7]:lt[17].in:out[17],Yes
zksolid-paper/benchmarks/ed25519-099d19c/point-addition51,wit-constr-diff,chunkedmul.circom,ChunkedMul,in1[7]:lt[19].in:out[19],Yes
zksolid-paper/benchmarks/ed25519-099d19c/point-addition51,wit-constr-diff,chunkedmul.circom,ChunkedMul,in1[7]:lt[8].in:out[8],Yes
zksolid-paper/benchmarks/ed25519-099d19c/point-addition51,wit-constr-diff,chunkedmul.circom,ChunkedMul,in1[7]:lt[9].in:out[9],Yes
zksolid-paper/benchmarks/ed25519-099d19c/point-addition51,wit-constr-diff,chunkedmul.circom,ChunkedMul,in1[8]:lt[10].in:out[10],Yes
zksolid-paper/benchmarks/ed25519-099d19c/point-addition51,wit-constr-diff,chunkedmul.circom,ChunkedMul,in1[8]:lt[11].in:out[11],Yes
zksolid-paper/benchmarks/ed25519-099d19c/point-addition51,wit-constr-diff,chunkedmul.circom,ChunkedMul,in1[8]:lt[12].in:out[12],Yes
zksolid-paper/benchmarks/ed25519-099d19c/point-addition51,wit-constr-diff,chunkedmul.circom,ChunkedMul,in1[8]:lt[13].in:out[13],Yes
zksolid-paper/benchmarks/ed25519-099d19c/point-addition51,wit-constr-diff,chunkedmul.circom,ChunkedMul,in1[8]:lt[14].in:out[14],Yes
zksolid-paper/benchmarks/ed25519-099d19c/point-addition51,wit-constr-diff,chunkedmul.circom,ChunkedMul,in1[8]:lt[15].in:out[15],Yes
zksolid-paper/benchmarks/ed25519-099d19c/point-addition51,wit-constr-diff,chunkedmul.circom,ChunkedMul,in1[8]:lt[16].in:out[16],Yes
zksolid-paper/benchmarks/ed25519-099d19c/point-addition51,wit-constr-diff,chunkedmul.circom,ChunkedMul,in1[8]:lt[17].in:out[17],Yes
zksolid-paper/benchmarks/ed25519-099d19c/point-addition51,wit-constr-diff,chunkedmul.circom,ChunkedMul,in1[8]:lt[19].in:out[19],Yes
zksolid-paper/benchmarks/ed25519-099d19c/point-addition51,wit-constr-diff,chunkedmul.circom,ChunkedMul,in1[8]:lt[9].in:out[9],Yes
zksolid-paper/benchmarks/ed25519-099d19c/point-addition51,wit-constr-diff,chunkedmul.circom,ChunkedMul,in1[9]:lt[10].in:out[10],Yes
zksolid-paper/benchmarks/ed25519-099d19c/point-addition51,wit-constr-diff,chunkedmul.circom,ChunkedMul,in1[9]:lt[11].in:out[11],Yes
zksolid-paper/benchmarks/ed25519-099d19c/point-addition51,wit-constr-diff,chunkedmul.circom,ChunkedMul,in1[9]:lt[12].in:out[12],Yes
zksolid-paper/benchmarks/ed25519-099d19c/point-addition51,wit-constr-diff,chunkedmul.circom,ChunkedMul,in1[9]:lt[13].in:out[13],Yes
zksolid-paper/benchmarks/ed25519-099d19c/point-addition51,wit-constr-diff,chunkedmul.circom,ChunkedMul,in1[9]:lt[14].in:out[14],Yes
zksolid-paper/benchmarks/ed25519-099d19c/point-addition51,wit-constr-diff,chunkedmul.circom,ChunkedMul,in1[9]:lt[15].in:out[15],Yes
zksolid-paper/benchmarks/ed25519-099d19c/point-addition51,wit-constr-diff,chunkedmul.circom,ChunkedMul,in1[9]:lt[16].in:out[16],Yes
zksolid-paper/benchmarks/ed25519-099d19c/point-addition51,wit-constr-diff,chunkedmul.circom,ChunkedMul,in1[9]:lt[17].in:out[17],Yes
zksolid-paper/benchmarks/ed25519-099d19c/point-addition51,wit-constr-diff,chunkedmul.circom,ChunkedMul,in1[9]:lt[19].in:out[19],Yes
zksolid-paper/benchmarks/ed25519-099d19c/point-addition51,wit-constr-diff,chunkedmul.circom,ChunkedMul,in2[0]:lt[10].in:out[10],Yes
zksolid-paper/benchmarks/ed25519-099d19c/point-addition51,wit-constr-diff,chunkedmul.circom,ChunkedMul,in2[0]:lt[11].in:out[11],Yes
zksolid-paper/benchmarks/ed25519-099d19c/point-addition51,wit-constr-diff,chunkedmul.circom,ChunkedMul,in2[0]:lt[12].in:out[12],Yes
zksolid-paper/benchmarks/ed25519-099d19c/point-addition51,wit-constr-diff,chunkedmul.circom,ChunkedMul,in2[0]:lt[13].in:out[13],Yes
zksolid-paper/benchmarks/ed25519-099d19c/point-addition51,wit-constr-diff,chunkedmul.circom,ChunkedMul,in2[0]:lt[14].in:out[14],Yes
zksolid-paper/benchmarks/ed25519-099d19c/point-addition51,wit-constr-diff,chunkedmul.circom,ChunkedMul,in2[0]:lt[15].in:out[15],Yes
zksolid-paper/benchmarks/ed25519-099d19c/point-addition51,wit-constr-diff,chunkedmul.circom,ChunkedMul,in2[0]:lt[16].in:out[16],Yes
zksolid-paper/benchmarks/ed25519-099d19c/point-addition51,wit-constr-diff,chunkedmul.circom,ChunkedMul,in2[0]:lt[17].in:out[17],Yes
zksolid-paper/benchmarks/ed25519-099d19c/point-addition51,wit-constr-diff,chunkedmul.circom,ChunkedMul,in2[0]:lt[19].in:out[19],Yes
zksolid-paper/benchmarks/ed25519-099d19c/point-addition51,wit-constr-diff,chunkedmul.circom,ChunkedMul,in2[0]:lt[1].in:out[1],Yes
zksolid-paper/benchmarks/ed25519-099d19c/point-addition51,wit-constr-diff,chunkedmul.circom,ChunkedMul,in2[0]:lt[2].in:out[2],Yes
zksolid-paper/benchmarks/ed25519-099d19c/point-addition51,wit-constr-diff,chunkedmul.circom,ChunkedMul,in2[0]:lt[3].in:out[3],Yes
zksolid-paper/benchmarks/ed25519-099d19c/point-addition51,wit-constr-diff,chunkedmul.circom,ChunkedMul,in2[0]:lt[4].in:out[4],Yes
zksolid-paper/benchmarks/ed25519-099d19c/point-addition51,wit-constr-diff,chunkedmul.circom,ChunkedMul,in2[0]:lt[5].in:out[5],Yes
zksolid-paper/benchmarks/ed25519-099d19c/point-addition51,wit-constr-diff,chunkedmul.circom,ChunkedMul,in2[0]:lt[6].in:out[6],Yes
zksolid-paper/benchmarks/ed25519-099d19c/point-addition51,wit-constr-diff,chunkedmul.circom,ChunkedMul,in2[0]:lt[7].in:out[7],Yes
zksolid-paper/benchmarks/ed25519-099d19c/point-addition51,wit-constr-diff,chunkedmul.circom,ChunkedMul,in2[0]:lt[8].in:out[8],Yes
zksolid-paper/benchmarks/ed25519-099d19c/point-addition51,wit-constr-diff,chunkedmul.circom,ChunkedMul,in2[0]:lt[9].in:out[9],Yes
zksolid-paper/benchmarks/ed25519-099d19c/point-addition51,wit-constr-diff,chunkedmul.circom,ChunkedMul,in2[1]:lt[13].in:out[13],Yes
zksolid-paper/benchmarks/ed25519-099d19c/point-addition51,wit-constr-diff,chunkedmul.circom,ChunkedMul,in2[1]:lt[16].in:out[16],Yes
zksolid-paper/benchmarks/ed25519-099d19c/point-addition51,wit-constr-diff,chunkedmul.circom,ChunkedMul,in2[1]:lt[19].in:out[19],Yes
zksolid-paper/benchmarks/ed25519-099d19c/point-addition51,wit-constr-diff,chunkedmul.circom,ChunkedMul,in2[1]:lt[5].in:out[5],Yes
zksolid-paper/benchmarks/ed25519-099d19c/point-addition51,wit-constr-diff,chunkedmul.circom,ChunkedMul,in2[1]:lt[8].in:out[8],Yes
zksolid-paper/benchmarks/ed25519-099d19c/point-addition51,wit-constr-diff,chunkedmul.circom,ChunkedMul,in2[2]:lt[13].in:out[13],Yes
zksolid-paper/benchmarks/ed25519-099d19c/point-addition51,wit-constr-diff,chunkedmul.circom,ChunkedMul,in2[2]:lt[16].in:out[16],Yes
zksolid-paper/benchmarks/ed25519-099d19c/point-addition51,wit-constr-diff,chunkedmul.circom,ChunkedMul,in2[2]:lt[19].in:out[19],Yes
zksolid-paper/benchmarks/ed25519-099d19c/point-addition51,wit-constr-diff,chunkedmul.circom,ChunkedMul,in2[2]:lt[5].in:out[5],Yes
zksolid-paper/benchmarks/ed25519-099d19c/point-addition51,wit-constr-diff,chunkedmul.circom,ChunkedMul,in2[2]:lt[8].in:out[8],Yes
zksolid-paper/benchmarks/ed25519-099d19c/point-addition51,wit-constr-diff,chunkedmul.circom,ChunkedMul,in2[3]:lt[13].in:out[13],Yes
zksolid-paper/benchmarks/ed25519-099d19c/point-addition51,wit-constr-diff,chunkedmul.circom,ChunkedMul,in2[3]:lt[16].in:out[16],Yes
zksolid-paper/benchmarks/ed25519-099d19c/point-addition51,wit-constr-diff,chunkedmul.circom,ChunkedMul,in2[3]:lt[19].in:out[19],Yes
zksolid-paper/benchmarks/ed25519-099d19c/point-addition51,wit-constr-diff,chunkedmul.circom,ChunkedMul,in2[4]:lt[13].in:out[13],Yes
zksolid-paper/benchmarks/ed25519-099d19c/point-addition51,wit-constr-diff,chunkedmul.circom,ChunkedMul,in2[4]:lt[16].in:out[16],Yes
zksolid-paper/benchmarks/ed25519-099d19c/point-addition51,wit-constr-diff,chunkedmul.circom,ChunkedMul,in2[4]:lt[19].in:out[19],Yes
zksolid-paper/benchmarks/ed25519-099d19c/point-addition51,wit-constr-diff,chunkedmul.circom,ChunkedMul,in2[5]:lt[13].in:out[13],Yes
zksolid-paper/benchmarks/ed25519-099d19c/point-addition51,wit-constr-diff,chunkedmul.circom,ChunkedMul,in2[5]:lt[16].in:out[16],Yes
zksolid-paper/benchmarks/ed25519-099d19c/point-addition51,wit-constr-diff,chunkedmul.circom,ChunkedMul,in2[5]:lt[19].in:out[19],Yes
zksolid-paper/benchmarks/ed25519-099d19c/point-addition51,wit-constr-diff,chunkedmul.circom,ChunkedMul,in2[6]:lt[13].in:out[13],Yes
zksolid-paper/benchmarks/ed25519-099d19c/point-addition51,wit-constr-diff,chunkedmul.circom,ChunkedMul,in2[6]:lt[16].in:out[16],Yes
zksolid-paper/benchmarks/ed25519-099d19c/point-addition51,wit-constr-diff,chunkedmul.circom,ChunkedMul,in2[6]:lt[19].in:out[19],Yes
zksolid-paper/benchmarks/ed25519-099d19c/point-addition51,wit-constr-diff,chunkedmul.circom,ChunkedMul,in2[7]:lt[19].in:out[19],Yes
zksolid-paper/benchmarks/ed25519-099d19c/point-addition51,wit-constr-diff,chunkedmul.circom,ChunkedMul,in2[8]:lt[19].in:out[19],Yes
zksolid-paper/benchmarks/ed25519-099d19c/point-addition51,wit-constr-diff,chunkedmul.circom,ChunkedMul,in2[9]:lt[19].in:out[19],Yes
zksolid-paper/benchmarks/ed25519-099d19c/point-addition51,wit-constr-diff,chunkedmul.circom,ChunkedMul,pp[0]:lt[10].in:out[10],Yes
zksolid-paper/benchmarks/ed25519-099d19c/point-addition51,wit-constr-diff,chunkedmul.circom,ChunkedMul,pp[0]:lt[11].in:out[11],Yes
zksolid-paper/benchmarks/ed25519-099d19c/point-addition51,wit-constr-diff,chunkedmul.circom,ChunkedMul,pp[0]:lt[12].in:out[12],Yes
zksolid-paper/benchmarks/ed25519-099d19c/point-addition51,wit-constr-diff,chunkedmul.circom,ChunkedMul,pp[0]:lt[13].in:out[13],Yes
zksolid-paper/benchmarks/ed25519-099d19c/point-addition51,wit-constr-diff,chunkedmul.circom,ChunkedMul,pp[0]:lt[14].in:out[14],Yes
zksolid-paper/benchmarks/ed25519-099d19c/point-addition51,wit-constr-diff,chunkedmul.circom,ChunkedMul,pp[0]:lt[15].in:out[15],Yes
zksolid-paper/benchmarks/ed25519-099d19c/point-addition51,wit-constr-diff,chunkedmul.circom,ChunkedMul,pp[0]:lt[16].in:out[16],Yes
zksolid-paper/benchmarks/ed25519-099d19c/point-addition51,wit-constr-diff,chunkedmul.circom,ChunkedMul,pp[0]:lt[17].in:out[17],Yes
zksolid-paper/benchmarks/ed25519-099d19c/point-addition51,wit-constr-diff,chunkedmul.circom,ChunkedMul,pp[0]:lt[19].in:out[19],Yes
zksolid-paper/benchmarks/ed25519-099d19c/point-addition51,wit-constr-diff,chunkedmul.circom,ChunkedMul,pp[0]:lt[1].in:out[1],Yes
zksolid-paper/benchmarks/ed25519-099d19c/point-addition51,wit-constr-diff,chunkedmul.circom,ChunkedMul,pp[0]:lt[2].in:out[2],Yes
zksolid-paper/benchmarks/ed25519-099d19c/point-addition51,wit-constr-diff,chunkedmul.circom,ChunkedMul,pp[0]:lt[3].in:out[3],Yes
zksolid-paper/benchmarks/ed25519-099d19c/point-addition51,wit-constr-diff,chunkedmul.circom,ChunkedMul,pp[0]:lt[4].in:out[4],Yes
zksolid-paper/benchmarks/ed25519-099d19c/point-addition51,wit-constr-diff,chunkedmul.circom,ChunkedMul,pp[0]:lt[5].in:out[5],Yes
zksolid-paper/benchmarks/ed25519-099d19c/point-addition51,wit-constr-diff,chunkedmul.circom,ChunkedMul,pp[0]:lt[6].in:out[6],Yes
zksolid-paper/benchmarks/ed25519-099d19c/point-addition51,wit-constr-diff,chunkedmul.circom,ChunkedMul,pp[0]:lt[7].in:out[7],Yes
zksolid-paper/benchmarks/ed25519-099d19c/point-addition51,wit-constr-diff,chunkedmul.circom,ChunkedMul,pp[0]:lt[8].in:out[8],Yes
zksolid-paper/benchmarks/ed25519-099d19c/point-addition51,wit-constr-diff,chunkedmul.circom,ChunkedMul,pp[0]:lt[9].in:out[9],Yes
zksolid-paper/benchmarks/ed25519-099d19c/point-addition51,wit-constr-diff,chunkedmul.circom,ChunkedMul,pp[100]:lt[16].in:out[16],Yes
zksolid-paper/benchmarks/ed25519-099d19c/point-addition51,wit-constr-diff,chunkedmul.circom,ChunkedMul,pp[100]:lt[19].in:out[19],Yes
zksolid-paper/benchmarks/ed25519-099d19c/point-addition51,wit-constr-diff,chunkedmul.circom,ChunkedMul,pp[101]:lt[16].in:out[16],Yes
zksolid-paper/benchmarks/ed25519-099d19c/point-addition51,wit-constr-diff,chunkedmul.circom,ChunkedMul,pp[101]:lt[19].in:out[19],Yes
zksolid-paper/benchmarks/ed25519-099d19c/point-addition51,wit-constr-diff,chunkedmul.circom,ChunkedMul,pp[102]:lt[16].in:out[16],Yes
zksolid-paper/benchmarks/ed25519-099d19c/point-addition51,wit-constr-diff,chunkedmul.circom,ChunkedMul,pp[102]:lt[19].in:out[19],Yes
zksolid-paper/benchmarks/ed25519-099d19c/point-addition51,wit-constr-diff,chunkedmul.circom,ChunkedMul,pp[103]:lt[16].in:out[16],Yes
zksolid-paper/benchmarks/ed25519-099d19c/point-addition51,wit-constr-diff,chunkedmul.circom,ChunkedMul,pp[103]:lt[19].in:out[19],Yes
zksolid-paper/benchmarks/ed25519-099d19c/point-addition51,wit-constr-diff,chunkedmul.circom,ChunkedMul,pp[104]:lt[16].in:out[16],Yes
zksolid-paper/benchmarks/ed25519-099d19c/point-addition51,wit-constr-diff,chunkedmul.circom,ChunkedMul,pp[104]:lt[19].in:out[19],Yes
zksolid-paper/benchmarks/ed25519-099d19c/point-addition51,wit-constr-diff,chunkedmul.circom,ChunkedMul,pp[105]:lt[16].in:out[16],Yes
zksolid-paper/benchmarks/ed25519-099d19c/point-addition51,wit-constr-diff,chunkedmul.circom,ChunkedMul,pp[105]:lt[19].in:out[19],Yes
zksolid-paper/benchmarks/ed25519-099d19c/point-addition51,wit-constr-diff,chunkedmul.circom,ChunkedMul,pp[106]:lt[16].in:out[16],Yes
zksolid-paper/benchmarks/ed25519-099d19c/point-addition51,wit-constr-diff,chunkedmul.circom,ChunkedMul,pp[106]:lt[19].in:out[19],Yes
zksolid-paper/benchmarks/ed25519-099d19c/point-addition51,wit-constr-diff,chunkedmul.circom,ChunkedMul,pp[107]:lt[16].in:out[16],Yes
zksolid-paper/benchmarks/ed25519-099d19c/point-addition51,wit-constr-diff,chunkedmul.circom,ChunkedMul,pp[107]:lt[19].in:out[19],Yes
zksolid-paper/benchmarks/ed25519-099d19c/point-addition51,wit-constr-diff,chunkedmul.circom,ChunkedMul,pp[108]:lt[16].in:out[16],Yes
zksolid-paper/benchmarks/ed25519-099d19c/point-addition51,wit-constr-diff,chunkedmul.circom,ChunkedMul,pp[108]:lt[19].in:out[19],Yes
zksolid-paper/benchmarks/ed25519-099d19c/point-addition51,wit-constr-diff,chunkedmul.circom,ChunkedMul,pp[109]:lt[16].in:out[16],Yes
zksolid-paper/benchmarks/ed25519-099d19c/point-addition51,wit-constr-diff,chunkedmul.circom,ChunkedMul,pp[109]:lt[19].in:out[19],Yes
zksolid-paper/benchmarks/ed25519-099d19c/point-addition51,wit-constr-diff,chunkedmul.circom,ChunkedMul,pp[10]:lt[11].in:out[11],Yes
zksolid-paper/benchmarks/ed25519-099d19c/point-addition51,wit-constr-diff,chunkedmul.circom,ChunkedMul,pp[10]:lt[12].in:out[12],Yes
zksolid-paper/benchmarks/ed25519-099d19c/point-addition51,wit-constr-diff,chunkedmul.circom,ChunkedMul,pp[10]:lt[13].in:out[13],Yes
zksolid-paper/benchmarks/ed25519-099d19c/point-addition51,wit-constr-diff,chunkedmul.circom,ChunkedMul,pp[10]:lt[14].in:out[14],Yes
zksolid-paper/benchmarks/ed25519-099d19c/point-addition51,wit-constr-diff,chunkedmul.circom,ChunkedMul,pp[10]:lt[15].in:out[15],Yes
zksolid-paper/benchmarks/ed25519-099d19c/point-addition51,wit-constr-diff,chunkedmul.circom,ChunkedMul,pp[10]:lt[16].in:out[16],Yes
zksolid-paper/benchmarks/ed25519-099d19c/point-addition51,wit-constr-diff,chunkedmul.circom,ChunkedMul,pp[10]:lt[17].in:out[17],Yes
zksolid-paper/benchmarks/ed25519-099d19c/point-addition51,wit-constr-diff,chunkedmul.circom,ChunkedMul,pp[10]:lt[19].in:out[19],Yes
zksolid-paper/benchmarks/ed25519-099d19c/point-addition51,wit-constr-diff,chunkedmul.circom,ChunkedMul,pp[10]:lt[5].in:out[5],Yes
zksolid-paper/benchmarks/ed25519-099d19c/point-addition51,wit-constr-diff,chunkedmul.circom,ChunkedMul,pp[10]:lt[8].in:out[8],Yes
zksolid-paper/benchmarks/ed25519-099d19c/point-addition51,wit-constr-diff,chunkedmul.circom,ChunkedMul,pp[110]:lt[16].in:out[16],Yes
zksolid-paper/benchmarks/ed25519-099d19c/point-addition51,wit-constr-diff,chunkedmul.circom,ChunkedMul,pp[110]:lt[19].in:out[19],Yes
zksolid-paper/benchmarks/ed25519-099d19c/point-addition51,wit-constr-diff,chunkedmul.circom,ChunkedMul,pp[111]:lt[16].in:out[16],Yes
zksolid-paper/benchmarks/ed25519-099d19c/point-addition51,wit-constr-diff,chunkedmul.circom,ChunkedMul,pp[111]:lt[19].in:out[19],Yes
zksolid-paper/benchmarks/ed25519-099d19c/point-addition51,wit-constr-diff,chunkedmul.circom,ChunkedMul,pp[112]:lt[19].in:out[19],Yes
zksolid-paper/benchmarks/ed25519-099d19c/point-addition51,wit-constr-diff,chunkedmul.circom,ChunkedMul,pp[113]:lt[19].in:out[19],Yes
zksolid-paper/benchmarks/ed25519-099d19c/point-addition51,wit-constr-diff,chunkedmul.circom,ChunkedMul,pp[114]:lt[19].in:out[19],Yes
zksolid-paper/benchmarks/ed25519-099d19c/point-addition51,wit-constr-diff,chunkedmul.circom,ChunkedMul,pp[115]:lt[19].in:out[19],Yes
zksolid-paper/benchmarks/ed25519-099d19c/point-addition51,wit-constr-diff,chunkedmul.circom,ChunkedMul,pp[116]:lt[19].in:out[19],Yes
zksolid-paper/benchmarks/ed25519-099d19c/point-addition51,wit-constr-diff,chunkedmul.circom,ChunkedMul,pp[117]:lt[19].in:out[19],Yes
zksolid-paper/benchmarks/ed25519-099d19c/point-addition51,wit-constr-diff,chunkedmul.circom,ChunkedMul,pp[118]:lt[19].in:out[19],Yes
zksolid-paper/benchmarks/ed25519-099d19c/point-addition51,wit-constr-diff,chunkedmul.circom,ChunkedMul,pp[119]:lt[19].in:out[19],Yes
zksolid-paper/benchmarks/ed25519-099d19c/point-addition51,wit-constr-diff,chunkedmul.circom,ChunkedMul,pp[11]:lt[12].in:out[12],Yes
zksolid-paper/benchmarks/ed25519-099d19c/point-addition51,wit-constr-diff,chunkedmul.circom,ChunkedMul,pp[11]:lt[13].in:out[13],Yes
zksolid-paper/benchmarks/ed25519-099d19c/point-addition51,wit-constr-diff,chunkedmul.circom,ChunkedMul,pp[11]:lt[14].in:out[14],Yes
zksolid-paper/benchmarks/ed25519-099d19c/point-addition51,wit-constr-diff,chunkedmul.circom,ChunkedMul,pp[11]:lt[15].in:out[15],Yes
zksolid-paper/benchmarks/ed25519-099d19c/point-addition51,wit-constr-diff,chunkedmul.circom,ChunkedMul,pp[11]:lt[16].in:out[16],Yes
zksolid-paper/benchmarks/ed25519-099d19c/point-addition51,wit-constr-diff,chunkedmul.circom,ChunkedMul,pp[11]:lt[17].in:out[17],Yes
zksolid-paper/benchmarks/ed25519-099d19c/point-addition51,wit-constr-diff,chunkedmul.circom,ChunkedMul,pp[11]:lt[19].in:out[19],Yes
zksolid-paper/benchmarks/ed25519-099d19c/point-addition51,wit-constr-diff,chunkedmul.circom,ChunkedMul,pp[11]:lt[5].in:out[5],Yes
zksolid-paper/benchmarks/ed25519-099d19c/point-addition51,wit-constr-diff,chunkedmul.circom,ChunkedMul,pp[11]:lt[8].in:out[8],Yes
zksolid-paper/benchmarks/ed25519-099d19c/point-addition51,wit-constr-diff,chunkedmul.circom,ChunkedMul,pp[120]:lt[19].in:out[19],Yes
zksolid-paper/benchmarks/ed25519-099d19c/point-addition51,wit-constr-diff,chunkedmul.circom,ChunkedMul,pp[121]:lt[19].in:out[19],Yes
zksolid-paper/benchmarks/ed25519-099d19c/point-addition51,wit-constr-diff,chunkedmul.circom,ChunkedMul,pp[122]:lt[19].in:out[19],Yes
zksolid-paper/benchmarks/ed25519-099d19c/point-addition51,wit-constr-diff,chunkedmul.circom,ChunkedMul,pp[123]:lt[19].in:out[19],Yes
zksolid-paper/benchmarks/ed25519-099d19c/point-addition51,wit-constr-diff,chunkedmul.circom,ChunkedMul,pp[124]:lt[19].in:out[19],Yes
zksolid-paper/benchmarks/ed25519-099d19c/point-addition51,wit-constr-diff,chunkedmul.circom,ChunkedMul,pp[125]:lt[19].in:out[19],Yes
zksolid-paper/benchmarks/ed25519-099d19c/point-addition51,wit-constr-diff,chunkedmul.circom,ChunkedMul,pp[126]:lt[19].in:out[19],Yes
zksolid-paper/benchmarks/ed25519-099d19c/point-addition51,wit-constr-diff,chunkedmul.circom,ChunkedMul,pp[127]:lt[19].in:out[19],Yes
zksolid-paper/benchmarks/ed25519-099d19c/point-addition51,wit-constr-diff,chunkedmul.circom,ChunkedMul,pp[128]:lt[19].in:out[19],Yes
zksolid-paper/benchmarks/ed25519-099d19c/point-addition51,wit-constr-diff,chunkedmul.circom,ChunkedMul,pp[129]:lt[19].in:out[19],Yes
zksolid-paper/benchmarks/ed25519-099d19c/point-addition51,wit-constr-diff,chunkedmul.circom,ChunkedMul,pp[12]:lt[13].in:out[13],Yes
zksolid-paper/benchmarks/ed25519-099d19c/point-addition51,wit-constr-diff,chunkedmul.circom,ChunkedMul,pp[12]:lt[14].in:out[14],Yes
zksolid-paper/benchmarks/ed25519-099d19c/point-addition51,wit-constr-diff,chunkedmul.circom,ChunkedMul,pp[12]:lt[15].in:out[15],Yes
zksolid-paper/benchmarks/ed25519-099d19c/point-addition51,wit-constr-diff,chunkedmul.circom,ChunkedMul,pp[12]:lt[16].in:out[16],Yes
zksolid-paper/benchmarks/ed25519-099d19c/point-addition51,wit-constr-diff,chunkedmul.circom,ChunkedMul,pp[12]:lt[17].in:out[17],Yes
zksolid-paper/benchmarks/ed25519-099d19c/point-addition51,wit-constr-diff,chunkedmul.circom,ChunkedMul,pp[12]:lt[19].in:out[19],Yes
zksolid-paper/benchmarks/ed25519-099d19c/point-addition51,wit-constr-diff,chunkedmul.circom,ChunkedMul,pp[12]:lt[5].in:out[5],Yes
zksolid-paper/benchmarks/ed25519-099d19c/point-addition51,wit-constr-diff,chunkedmul.circom,ChunkedMul,pp[12]:lt[8].in:out[8],Yes
zksolid-paper/benchmarks/ed25519-099d19c/point-addition51,wit-constr-diff,chunkedmul.circom,ChunkedMul,pp[130]:lt[19].in:out[19],Yes
zksolid-paper/benchmarks/ed25519-099d19c/point-addition51,wit-constr-diff,chunkedmul.circom,ChunkedMul,pp[131]:lt[19].in:out[19],Yes
zksolid-paper/benchmarks/ed25519-099d19c/point-addition51,wit-constr-diff,chunkedmul.circom,ChunkedMul,pp[132]:lt[19].in:out[19],Yes
zksolid-paper/benchmarks/ed25519-099d19c/point-addition51,wit-constr-diff,chunkedmul.circom,ChunkedMul,pp[133]:lt[19].in:out[19],Yes
zksolid-paper/benchmarks/ed25519-099d19c/point-addition51,wit-constr-diff,chunkedmul.circom,ChunkedMul,pp[134]:lt[19].in:out[19],Yes
zksolid-paper/benchmarks/ed25519-099d19c/point-addition51,wit-constr-diff,chunkedmul.circom,ChunkedMul,pp[135]:lt[19].in:out[19],Yes
zksolid-paper/benchmarks/ed25519-099d19c/point-addition51,wit-constr-diff,chunkedmul.circom,ChunkedMul,pp[136]:lt[19].in:out[19],Yes
zksolid-paper/benchmarks/ed25519-099d19c/point-addition51,wit-constr-diff,chunkedmul.circom,ChunkedMul,pp[137]:lt[19].in:out[19],Yes
zksolid-paper/benchmarks/ed25519-099d19c/point-addition51,wit-constr-diff,chunkedmul.circom,ChunkedMul,pp[138]:lt[19].in:out[19],Yes
zksolid-paper/benchmarks/ed25519-099d19c/point-addition51,wit-constr-diff,chunkedmul.circom,ChunkedMul,pp[139]:lt[19].in:out[19],Yes
zksolid-paper/benchmarks/ed25519-099d19c/point-addition51,wit-constr-diff,chunkedmul.circom,ChunkedMul,pp[13]:lt[13].in:out[13],Yes
zksolid-paper/benchmarks/ed25519-099d19c/point-addition51,wit-constr-diff,chunkedmul.circom,ChunkedMul,pp[13]:lt[14].in:out[14],Yes
zksolid-paper/benchmarks/ed25519-099d19c/point-addition51,wit-constr-diff,chunkedmul.circom,ChunkedMul,pp[13]:lt[15].in:out[15],Yes
zksolid-paper/benchmarks/ed25519-099d19c/point-addition51,wit-constr-diff,chunkedmul.circom,ChunkedMul,pp[13]:lt[16].in:out[16],Yes
zksolid-paper/benchmarks/ed25519-099d19c/point-addition51,wit-constr-diff,chunkedmul.circom,ChunkedMul,pp[13]:lt[17].in:out[17],Yes
zksolid-paper/benchmarks/ed25519-099d19c/point-addition51,wit-constr-diff,chunkedmul.circom,ChunkedMul,pp[13]:lt[19].in:out[19],Yes
zksolid-paper/benchmarks/ed25519-099d19c/point-addition51,wit-constr-diff,chunkedmul.circom,ChunkedMul,pp[13]:lt[5].in:out[5],Yes
zksolid-paper/benchmarks/ed25519-099d19c/point-addition51,wit-constr-diff,chunkedmul.circom,ChunkedMul,pp[13]:lt[8].in:out[8],Yes
zksolid-paper/benchmarks/ed25519-099d19c/point-addition51,wit-constr-diff,chunkedmul.circom,ChunkedMul,pp[140]:lt[19].in:out[19],Yes
zksolid-paper/benchmarks/ed25519-099d19c/point-addition51,wit-constr-diff,chunkedmul.circom,ChunkedMul,pp[141]:lt[19].in:out[19],Yes
zksolid-paper/benchmarks/ed25519-099d19c/point-addition51,wit-constr-diff,chunkedmul.circom,ChunkedMul,pp[142]:lt[19].in:out[19],Yes
zksolid-paper/benchmarks/ed25519-099d19c/point-addition51,wit-constr-diff,chunkedmul.circom,ChunkedMul,pp[143]:lt[19].in:out[19],Yes
zksolid-paper/benchmarks/ed25519-099d19c/point-addition51,wit-constr-diff,chunkedmul.circom,ChunkedMul,pp[144]:lt[19].in:out[19],Yes
zksolid-paper/benchmarks/ed25519-099d19c/point-addition51,wit-constr-diff,chunkedmul.circom,ChunkedMul,pp[145]:lt[19].in:out[19],Yes
zksolid-paper/benchmarks/ed25519-099d19c/point-addition51,wit-constr-diff,chunkedmul.circom,ChunkedMul,pp[146]:lt[19].in:out[19],Yes
zksolid-paper/benchmarks/ed25519-099d19c/point-addition51,wit-constr-diff,chunkedmul.circom,ChunkedMul,pp[147]:lt[19].in:out[19],Yes
zksolid-paper/benchmarks/ed25519-099d19c/point-addition51,wit-constr-diff,chunkedmul.circom,ChunkedMul,pp[148]:lt[19].in:out[19],Yes
zksolid-paper/benchmarks/ed25519-099d19c/point-addition51,wit-constr-diff,chunkedmul.circom,ChunkedMul,pp[149]:lt[19].in:out[19],Yes
zksolid-paper/benchmarks/ed25519-099d19c/point-addition51,wit-constr-diff,chunkedmul.circom,ChunkedMul,pp[14]:lt[13].in:out[13],Yes
zksolid-paper/benchmarks/ed25519-099d19c/point-addition51,wit-constr-diff,chunkedmul.circom,ChunkedMul,pp[14]:lt[15].in:out[15],Yes
zksolid-paper/benchmarks/ed25519-099d19c/point-addition51,wit-constr-diff,chunkedmul.circom,ChunkedMul,pp[14]:lt[16].in:out[16],Yes
zksolid-paper/benchmarks/ed25519-099d19c/point-addition51,wit-constr-diff,chunkedmul.circom,ChunkedMul,pp[14]:lt[17].in:out[17],Yes
zksolid-paper/benchmarks/ed25519-099d19c/point-addition51,wit-constr-diff,chunkedmul.circom,ChunkedMul,pp[14]:lt[19].in:out[19],Yes
zksolid-paper/benchmarks/ed25519-099d19c/point-addition51,wit-constr-diff,chunkedmul.circom,ChunkedMul,pp[14]:lt[5].in:out[5],Yes
zksolid-paper/benchmarks/ed25519-099d19c/point-addition51,wit-constr-diff,chunkedmul.circom,ChunkedMul,pp[14]:lt[8].in:out[8],Yes
zksolid-paper/benchmarks/ed25519-099d19c/point-addition51,wit-constr-diff,chunkedmul.circom,ChunkedMul,pp[150]:lt[19].in:out[19],Yes
zksolid-paper/benchmarks/ed25519-099d19c/point-addition51,wit-constr-diff,chunkedmul.circom,ChunkedMul,pp[151]:lt[19].in:out[19],Yes
zksolid-paper/benchmarks/ed25519-099d19c/point-addition51,wit-constr-diff,chunkedmul.circom,ChunkedMul,pp[152]:lt[19].in:out[19],Yes
zksolid-paper/benchmarks/ed25519-099d19c/point-addition51,wit-constr-diff,chunkedmul.circom,ChunkedMul,pp[153]:lt[19].in:out[19],Yes
zksolid-paper/benchmarks/ed25519-099d19c/point-addition51,wit-constr-diff,chunkedmul.circom,ChunkedMul,pp[154]:lt[19].in:out[19],Yes
zksolid-paper/benchmarks/ed25519-099d19c/point-addition51,wit-constr-diff,chunkedmul.circom,ChunkedMul,pp[155]:lt[19].in:out[19],Yes
zksolid-paper/benchmarks/ed25519-099d19c/point-addition51,wit-constr-diff,chunkedmul.circom,ChunkedMul,pp[156]:lt[19].in:out[19],Yes
zksolid-paper/benchmarks/ed25519-099d19c/point-addition51,wit-constr-diff,chunkedmul.circom,ChunkedMul,pp[157]:lt[19].in:out[19],Yes
zksolid-paper/benchmarks/ed25519-099d19c/point-addition51,wit-constr-diff,chunkedmul.circom,ChunkedMul,pp[158]:lt[19].in:out[19],Yes
zksolid-paper/benchmarks/ed25519-099d19c/point-addition51,wit-constr-diff,chunkedmul.circom,ChunkedMul,pp[159]:lt[19].in:out[19],Yes
zksolid-paper/benchmarks/ed25519-099d19c/point-addition51,wit-constr-diff,chunkedmul.circom,ChunkedMul,pp[15]:lt[13].in:out[13],Yes
zksolid-paper/benchmarks/ed25519-099d19c/point-addition51,wit-constr-diff,chunkedmul.circom,ChunkedMul,pp[15]:lt[16].in:out[16],Yes
zksolid-paper/benchmarks/ed25519-099d19c/point-addition51,wit-constr-diff,chunkedmul.circom,ChunkedMul,pp[15]:lt[17].in:out[17],Yes
zksolid-paper/benchmarks/ed25519-099d19c/point-addition51,wit-constr-diff,chunkedmul.circom,ChunkedMul,pp[15]:lt[19].in:out[19],Yes
zksolid-paper/benchmarks/ed25519-099d19c/point-addition51,wit-constr-diff,chunkedmul.circom,ChunkedMul,pp[15]:lt[8].in:out[8],Yes
zksolid-paper/benchmarks/ed25519-099d19c/point-addition51,wit-constr-diff,chunkedmul.circom,ChunkedMul,pp[160]:lt[19].in:out[19],Yes
zksolid-paper/benchmarks/ed25519-099d19c/point-addition51,wit-constr-diff,chunkedmul.circom,ChunkedMul,pp[161]:lt[19].in:out[19],Yes
zksolid-paper/benchmarks/ed25519-099d19c/point-addition51,wit-constr-diff,chunkedmul.circom,ChunkedMul,pp[162]:lt[19].in:out[19],Yes
zksolid-paper/benchmarks/ed25519-099d19c/point-addition51,wit-constr-diff,chunkedmul.circom,ChunkedMul,pp[163]:lt[19].in:out[19],Yes
zksolid-paper/benchmarks/ed25519-099d19c/point-addition51,wit-constr-diff,chunkedmul.circom,ChunkedMul,pp[164]:lt[19].in:out[19],Yes
zksolid-paper/benchmarks/ed25519-099d19c/point-addition51,wit-constr-diff,chunkedmul.circom,ChunkedMul,pp[165]:lt[19].in:out[19],Yes
zksolid-paper/benchmarks/ed25519-099d19c/point-addition51,wit-constr-diff,chunkedmul.circom,ChunkedMul,pp[166]:lt[19].in:out[19],Yes
zksolid-paper/benchmarks/ed25519-099d19c/point-addition51,wit-constr-diff,chunkedmul.circom,ChunkedMul,pp[167]:lt[19].in:out[19],Yes
zksolid-paper/benchmarks/ed25519-099d19c/point-addition51,wit-constr-diff,chunkedmul.circom,ChunkedMul,pp[168]:lt[19].in:out[19],Yes
zksolid-paper/benchmarks/ed25519-099d19c/point-addition51,wit-constr-diff,chunkedmul.circom,ChunkedMul,pp[169]:lt[19].in:out[19],Yes
zksolid-paper/benchmarks/ed25519-099d19c/point-addition51,wit-constr-diff,chunkedmul.circom,ChunkedMul,pp[16]:lt[13].in:out[13],Yes
zksolid-paper/benchmarks/ed25519-099d19c/point-addition51,wit-constr-diff,chunkedmul.circom,ChunkedMul,pp[16]:lt[16].in:out[16],Yes
zksolid-paper/benchmarks/ed25519-099d19c/point-addition51,wit-constr-diff,chunkedmul.circom,ChunkedMul,pp[16]:lt[17].in:out[17],Yes
zksolid-paper/benchmarks/ed25519-099d19c/point-addition51,wit-constr-diff,chunkedmul.circom,ChunkedMul,pp[16]:lt[19].in:out[19],Yes
zksolid-paper/benchmarks/ed25519-099d19c/point-addition51,wit-constr-diff,chunkedmul.circom,ChunkedMul,pp[16]:lt[8].in:out[8],Yes
zksolid-paper/benchmarks/ed25519-099d19c/point-addition51,wit-constr-diff,chunkedmul.circom,ChunkedMul,pp[170]:lt[19].in:out[19],Yes
zksolid-paper/benchmarks/ed25519-099d19c/point-addition51,wit-constr-diff,chunkedmul.circom,ChunkedMul,pp[171]:lt[19].in:out[19],Yes
zksolid-paper/benchmarks/ed25519-099d19c/point-addition51,wit-constr-diff,chunkedmul.circom,ChunkedMul,pp[172]:lt[19].in:out[19],Yes
zksolid-paper/benchmarks/ed25519-099d19c/point-addition51,wit-constr-diff,chunkedmul.circom,ChunkedMul,pp[173]:lt[19].in:out[19],Yes
zksolid-paper/benchmarks/ed25519-099d19c/point-addition51,wit-constr-diff,chunkedmul.circom,ChunkedMul,pp[174]:lt[19].in:out[19],Yes
zksolid-paper/benchmarks/ed25519-099d19c/point-addition51,wit-constr-diff,chunkedmul.circom,ChunkedMul,pp[175]:lt[19].in:out[19],Yes
zksolid-paper/benchmarks/ed25519-099d19c/point-addition51,wit-constr-diff,chunkedmul.circom,ChunkedMul,pp[176]:lt[19].in:out[19],Yes
zksolid-paper/benchmarks/ed25519-099d19c/point-addition51,wit-constr-diff,chunkedmul.circom,ChunkedMul,pp[177]:lt[19].in:out[19],Yes
zksolid-paper/benchmarks/ed25519-099d19c/point-addition51,wit-constr-diff,chunkedmul.circom,ChunkedMul,pp[178]:lt[19].in:out[19],Yes
zksolid-paper/benchmarks/ed25519-099d19c/point-addition51,wit-constr-diff,chunkedmul.circom,ChunkedMul,pp[179]:lt[19].in:out[19],Yes
zksolid-paper/benchmarks/ed25519-099d19c/point-addition51,wit-constr-diff,chunkedmul.circom,ChunkedMul,pp[17]:lt[13].in:out[13],Yes
zksolid-paper/benchmarks/ed25519-099d19c/point-addition51,wit-constr-diff,chunkedmul.circom,ChunkedMul,pp[17]:lt[16].in:out[16],Yes
zksolid-paper/benchmarks/ed25519-099d19c/point-addition51,wit-constr-diff,chunkedmul.circom,ChunkedMul,pp[17]:lt[19].in:out[19],Yes
zksolid-paper/benchmarks/ed25519-099d19c/point-addition51,wit-constr-diff,chunkedmul.circom,ChunkedMul,pp[17]:lt[8].in:out[8],Yes
zksolid-paper/benchmarks/ed25519-099d19c/point-addition51,wit-constr-diff,chunkedmul.circom,ChunkedMul,pp[180]:lt[19].in:out[19],Yes
zksolid-paper/benchmarks/ed25519-099d19c/point-addition51,wit-constr-diff,chunkedmul.circom,ChunkedMul,pp[181]:lt[19].in:out[19],Yes
zksolid-paper/benchmarks/ed25519-099d19c/point-addition51,wit-constr-diff,chunkedmul.circom,ChunkedMul,pp[182]:lt[19].in:out[19],Yes
zksolid-paper/benchmarks/ed25519-099d19c/point-addition51,wit-constr-diff,chunkedmul.circom,ChunkedMul,pp[183]:lt[19].in:out[19],Yes
zksolid-paper/benchmarks/ed25519-099d19c/point-addition51,wit-constr-diff,chunkedmul.circom,ChunkedMul,pp[184]:lt[19].in:out[19],Yes
zksolid-paper/benchmarks/ed25519-099d19c/point-addition51,wit-constr-diff,chunkedmul.circom,ChunkedMul,pp[185]:lt[19].in:out[19],Yes
zksolid-paper/benchmarks/ed25519-099d19c/point-addition51,wit-constr-diff,chunkedmul.circom,ChunkedMul,pp[186]:lt[19].in:out[19],Yes
zksolid-paper/benchmarks/ed25519-099d19c/point-addition51,wit-constr-diff,chunkedmul.circom,ChunkedMul,pp[187]:lt[19].in:out[19],Yes
zksolid-paper/benchmarks/ed25519-099d19c/point-addition51,wit-constr-diff,chunkedmul.circom,ChunkedMul,pp[188]:lt[19].in:out[19],Yes
zksolid-paper/benchmarks/ed25519-099d19c/point-addition51,wit-constr-diff,chunkedmul.circom,ChunkedMul,pp[189]:lt[19].in:out[19],Yes
zksolid-paper/benchmarks/ed25519-099d19c/point-addition51,wit-constr-diff,chunkedmul.circom,ChunkedMul,pp[18]:lt[13].in:out[13],Yes
zksolid-paper/benchmarks/ed25519-099d19c/point-addition51,wit-constr-diff,chunkedmul.circom,ChunkedMul,pp[18]:lt[16].in:out[16],Yes
zksolid-paper/benchmarks/ed25519-099d19c/point-addition51,wit-constr-diff,chunkedmul.circom,ChunkedMul,pp[18]:lt[19].in:out[19],Yes
zksolid-paper/benchmarks/ed25519-099d19c/point-addition51,wit-constr-diff,chunkedmul.circom,ChunkedMul,pp[18]:lt[8].in:out[8],Yes
zksolid-paper/benchmarks/ed25519-099d19c/point-addition51,wit-constr-diff,chunkedmul.circom,ChunkedMul,pp[19]:lt[13].in:out[13],Yes
zksolid-paper/benchmarks/ed25519-099d19c/point-addition51,wit-constr-diff,chunkedmul.circom,ChunkedMul,pp[19]:lt[16].in:out[16],Yes
zksolid-paper/benchmarks/ed25519-099d19c/point-addition51,wit-constr-diff,chunkedmul.circom,ChunkedMul,pp[19]:lt[19].in:out[19],Yes
zksolid-paper/benchmarks/ed25519-099d19c/point-addition51,wit-constr-diff,chunkedmul.circom,ChunkedMul,pp[19]:lt[8].in:out[8],Yes
zksolid-paper/benchmarks/ed25519-099d19c/point-addition51,wit-constr-diff,chunkedmul.circom,ChunkedMul,pp[1]:lt[10].in:out[10],Yes
zksolid-paper/benchmarks/ed25519-099d19c/point-addition51,wit-constr-diff,chunkedmul.circom,ChunkedMul,pp[1]:lt[11].in:out[11],Yes
zksolid-paper/benchmarks/ed25519-099d19c/point-addition51,wit-constr-diff,chunkedmul.circom,ChunkedMul,pp[1]:lt[12].in:out[12],Yes
zksolid-paper/benchmarks/ed25519-099d19c/point-addition51,wit-constr-diff,chunkedmul.circom,ChunkedMul,pp[1]:lt[13].in:out[13],Yes
zksolid-paper/benchmarks/ed25519-099d19c/point-addition51,wit-constr-diff,chunkedmul.circom,ChunkedMul,pp[1]:lt[14].in:out[14],Yes
zksolid-paper/benchmarks/ed25519-099d19c/point-addition51,wit-constr-diff,chunkedmul.circom,ChunkedMul,pp[1]:lt[15].in:out[15],Yes
zksolid-paper/benchmarks/ed25519-099d19c/point-addition51,wit-constr-diff,chunkedmul.circom,ChunkedMul,pp[1]:lt[16].in:out[16],Yes
zksolid-paper/benchmarks/ed25519-099d19c/point-addition51,wit-constr-diff,chunkedmul.circom,ChunkedMul,pp[1]:lt[17].in:out[17],Yes
zksolid-paper/benchmarks/ed25519-099d19c/point-addition51,wit-constr-diff,chunkedmul.circom,ChunkedMul,pp[1]:lt[19].in:out[19],Yes
zksolid-paper/benchmarks/ed25519-099d19c/point-addition51,wit-constr-diff,chunkedmul.circom,ChunkedMul,pp[1]:lt[2].in:out[2],Yes
zksolid-paper/benchmarks/ed25519-099d19c/point-addition51,wit-constr-diff,chunkedmul.circom,ChunkedMul,pp[1]:lt[3].in:out[3],Yes
zksolid-paper/benchmarks/ed25519-099d19c/point-addition51,wit-constr-diff,chunkedmul.circom,ChunkedMul,pp[1]:lt[4].in:out[4],Yes
zksolid-paper/benchmarks/ed25519-099d19c/point-addition51,wit-constr-diff,chunkedmul.circom,ChunkedMul,pp[1]:lt[5].in:out[5],Yes
zksolid-paper/benchmarks/ed25519-099d19c/point-addition51,wit-constr-diff,chunkedmul.circom,ChunkedMul,pp[1]:lt[6].in:out[6],Yes
zksolid-paper/benchmarks/ed25519-099d19c/point-addition51,wit-constr-diff,chunkedmul.circom,ChunkedMul,pp[1]:lt[7].in:out[7],Yes
zksolid-paper/benchmarks/ed25519-099d19c/point-addition51,wit-constr-diff,chunkedmul.circom,ChunkedMul,pp[1]:lt[8].in:out[8],Yes
zksolid-paper/benchmarks/ed25519-099d19c/point-addition51,wit-constr-diff,chunkedmul.circom,ChunkedMul,pp[1]:lt[9].in:out[9],Yes
zksolid-paper/benchmarks/ed25519-099d19c/point-addition51,wit-constr-diff,chunkedmul.circom,ChunkedMul,pp[20]:lt[13].in:out[13],Yes
zksolid-paper/benchmarks/ed25519-099d19c/point-addition51,wit-constr-diff,chunkedmul.circom,ChunkedMul,pp[20]:lt[16].in:out[16],Yes
zksolid-paper/benchmarks/ed25519-099d19c/point-addition51,wit-constr-diff,chunkedmul.circom,ChunkedMul,pp[20]:lt[19].in:out[19],Yes
zksolid-paper/benchmarks/ed25519-099d19c/point-addition51,wit-constr-diff,chunkedmul.circom,ChunkedMul,pp[20]:lt[8].in:out[8],Yes
zksolid-paper/benchmarks/ed25519-099d19c/point-addition51,wit-constr-diff,chunkedmul.circom,ChunkedMul,pp[21]:lt[13].in:out[13],Yes
zksolid-paper/benchmarks/ed25519-099d19c/point-addition51,wit-constr-diff,chunkedmul.circom,ChunkedMul,pp[21]:lt[16].in:out[16],Yes
zksolid-paper/benchmarks/ed25519-099d19c/point-addition51,wit-constr-diff,chunkedmul.circom,ChunkedMul,pp[21]:lt[19].in:out[19],Yes
zksolid-paper/benchmarks/ed25519-099d19c/point-addition51,wit-constr-diff,chunkedmul.circom,ChunkedMul,pp[21]:lt[8].in:out[8],Yes
zksolid-paper/benchmarks/ed25519-099d19c/point-addition51,wit-constr-diff,chunkedmul.circom,ChunkedMul,pp[22]:lt[13].in:out[13],Yes
zksolid-paper/benchmarks/ed25519-099d19c/point-addition51,wit-constr-diff,chunkedmul.circom,ChunkedMul,pp[22]:lt[16].in:out[16],Yes
zksolid-paper/benchmarks/ed25519-099d19c/point-addition51,wit-constr-diff,chunkedmul.circom,ChunkedMul,pp[22]:lt[19].in:out[19],Yes
zksolid-paper/benchmarks/ed25519-099d19c/point-addition51,wit-constr-diff,chunkedmul.circom,ChunkedMul,pp[22]:lt[8].in:out[8],Yes
zksolid-paper/benchmarks/ed25519-099d19c/point-addition51,wit-constr-diff,chunkedmul.circom,ChunkedMul,pp[23]:lt[13].in:out[13],Yes
zksolid-paper/benchmarks/ed25519-099d19c/point-addition51,wit-constr-diff,chunkedmul.circom,ChunkedMul,pp[23]:lt[16].in:out[16],Yes
zksolid-paper/benchmarks/ed25519-099d19c/point-addition51,wit-constr-diff,chunkedmul.circom,ChunkedMul,pp[23]:lt[19].in:out[19],Yes
zksolid-paper/benchmarks/ed25519-099d19c/point-addition51,wit-constr-diff,chunkedmul.circom,ChunkedMul,pp[23]:lt[8].in:out[8],Yes
zksolid-paper/benchmarks/ed25519-099d19c/point-addition51,wit-constr-diff,chunkedmul.circom,ChunkedMul,pp[24]:lt[13].in:out[13],Yes
zksolid-paper/benchmarks/ed25519-099d19c/point-addition51,wit-constr-diff,chunkedmul.circom,ChunkedMul,pp[24]:lt[16].in:out[16],Yes
zksolid-paper/benchmarks/ed25519-099d19c/point-addition51,wit-constr-diff,chunkedmul.circom,ChunkedMul,pp[24]:lt[19].in:out[19],Yes
zksolid-paper/benchmarks/ed25519-099d19c/point-addition51,wit-constr-diff,chunkedmul.circom,ChunkedMul,pp[25]:lt[13].in:out[13],Yes
zksolid-paper/benchmarks/ed25519-099d19c/point-addition51,wit-constr-diff,chunkedmul.circom,ChunkedMul,pp[25]:lt[16].in:out[16],Yes
zksolid-paper/benchmarks/ed25519-099d19c/point-addition51,wit-constr-diff,chunkedmul.circom,ChunkedMul,pp[25]:lt[19].in:out[19],Yes
zksolid-paper/benchmarks/ed25519-099d19c/point-addition51,wit-constr-diff,chunkedmul.circom,ChunkedMul,pp[26]:lt[13].in:out[13],Yes
zksolid-paper/benchmarks/ed25519-099d19c/point-addition51,wit-constr-diff,chunkedmul.circom,ChunkedMul,pp[26]:lt[16].in:out[16],Yes
zksolid-paper/benchmarks/ed25519-099d19c/point-addition51,wit-constr-diff,chunkedmul.circom,ChunkedMul,pp[26]:lt[19].in:out[19],Yes
zksolid-paper/benchmarks/ed25519-099d19c/point-addition51,wit-constr-diff,chunkedmul.circom,ChunkedMul,pp[27]:lt[13].in:out[13],Yes
zksolid-paper/benchmarks/ed25519-099d19c/point-addition51,wit-constr-diff,chunkedmul.circom,ChunkedMul,pp[27]:lt[16].in:out[16],Yes
zksolid-paper/benchmarks/ed25519-099d19c/point-addition51,wit-constr-diff,chunkedmul.circom,ChunkedMul,pp[27]:lt[19].in:out[19],Yes
zksolid-paper/benchmarks/ed25519-099d19c/point-addition51,wit-constr-diff,chunkedmul.circom,ChunkedMul,pp[28]:lt[13].in:out[13],Yes
zksolid-paper/benchmarks/ed25519-099d19c/point-addition51,wit-constr-diff,chunkedmul.circom,ChunkedMul,pp[28]:lt[16].in:out[16],Yes
zksolid-paper/benchmarks/ed25519-099d19c/point-addition51,wit-constr-diff,chunkedmul.circom,ChunkedMul,pp[28]:lt[19].in:out[19],Yes
zksolid-paper/benchmarks/ed25519-099d19c/point-addition51,wit-constr-diff,chunkedmul.circom,ChunkedMul,pp[29]:lt[13].in:out[13],Yes
zksolid-paper/benchmarks/ed25519-099d19c/point-addition51,wit-constr-diff,chunkedmul.circom,ChunkedMul,pp[29]:lt[16].in:out[16],Yes
zksolid-paper/benchmarks/ed25519-099d19c/point-addition51,wit-constr-diff,chunkedmul.circom,ChunkedMul,pp[29]:lt[19].in:out[19],Yes
zksolid-paper/benchmarks/ed25519-099d19c/point-addition51,wit-constr-diff,chunkedmul.circom,ChunkedMul,pp[2]:lt[10].in:out[10],Yes
zksolid-paper/benchmarks/ed25519-099d19c/point-addition51,wit-constr-diff,chunkedmul.circom,ChunkedMul,pp[2]:lt[11].in:out[11],Yes
zksolid-paper/benchmarks/ed25519-099d19c/point-addition51,wit-constr-diff,chunkedmul.circom,ChunkedMul,pp[2]:lt[12].in:out[12],Yes
zksolid-paper/benchmarks/ed25519-099d19c/point-addition51,wit-constr-diff,chunkedmul.circom,ChunkedMul,pp[2]:lt[13].in:out[13],Yes
zksolid-paper/benchmarks/ed25519-099d19c/point-addition51,wit-constr-diff,chunkedmul.circom,ChunkedMul,pp[2]:lt[14].in:out[14],Yes
zksolid-paper/benchmarks/ed25519-099d19c/point-addition51,wit-constr-diff,chunkedmul.circom,ChunkedMul,pp[2]:lt[15].in:out[15],Yes
zksolid-paper/benchmarks/ed25519-099d19c/point-addition51,wit-constr-diff,chunkedmul.circom,ChunkedMul,pp[2]:lt[16].in:out[16],Yes
zksolid-paper/benchmarks/ed25519-099d19c/point-addition51,wit-constr-diff,chunkedmul.circom,ChunkedMul,pp[2]:lt[17].in:out[17],Yes
zksolid-paper/benchmarks/ed25519-099d19c/point-addition51,wit-constr-diff,chunkedmul.circom,ChunkedMul,pp[2]:lt[19].in:out[19],Yes
zksolid-paper/benchmarks/ed25519-099d19c/point-addition51,wit-constr-diff,chunkedmul.circom,ChunkedMul,pp[2]:lt[3].in:out[3],Yes
zksolid-paper/benchmarks/ed25519-099d19c/point-addition51,wit-constr-diff,chunkedmul.circom,ChunkedMul,pp[2]:lt[4].in:out[4],Yes
zksolid-paper/benchmarks/ed25519-099d19c/point-addition51,wit-constr-diff,chunkedmul.circom,ChunkedMul,pp[2]:lt[5].in:out[5],Yes
zksolid-paper/benchmarks/ed25519-099d19c/point-addition51,wit-constr-diff,chunkedmul.circom,ChunkedMul,pp[2]:lt[6].in:out[6],Yes
zksolid-paper/benchmarks/ed25519-099d19c/point-addition51,wit-constr-diff,chunkedmul.circom,ChunkedMul,pp[2]:lt[7].in:out[7],Yes
zksolid-paper/benchmarks/ed25519-099d19c/point-addition51,wit-constr-diff,chunkedmul.circom,ChunkedMul,pp[2]:lt[8].in:out[8],Yes
zksolid-paper/benchmarks/ed25519-099d19c/point-addition51,wit-constr-diff,chunkedmul.circom,ChunkedMul,pp[2]:lt[9].in:out[9],Yes
zksolid-paper/benchmarks/ed25519-099d19c/point-addition51,wit-constr-diff,chunkedmul.circom,ChunkedMul,pp[30]:lt[13].in:out[13],Yes
zksolid-paper/benchmarks/ed25519-099d19c/point-addition51,wit-constr-diff,chunkedmul.circom,ChunkedMul,pp[30]:lt[16].in:out[16],Yes
zksolid-paper/benchmarks/ed25519-099d19c/point-addition51,wit-constr-diff,chunkedmul.circom,ChunkedMul,pp[30]:lt[19].in:out[19],Yes
zksolid-paper/benchmarks/ed25519-099d19c/point-addition51,wit-constr-diff,chunkedmul.circom,ChunkedMul,pp[31]:lt[13].in:out[13],Yes
zksolid-paper/benchmarks/ed25519-099d19c/point-addition51,wit-constr-diff,chunkedmul.circom,ChunkedMul,pp[31]:lt[16].in:out[16],Yes
zksolid-paper/benchmarks/ed25519-099d19c/point-addition51,wit-constr-diff,chunkedmul.circom,ChunkedMul,pp[31]:lt[19].in:out[19],Yes
zksolid-paper/benchmarks/ed25519-099d19c/point-addition51,wit-constr-diff,chunkedmul.circom,ChunkedMul,pp[32]:lt[13].in:out[13],Yes
zksolid-paper/benchmarks/ed25519-099d19c/point-addition51,wit-constr-diff,chunkedmul.circom,ChunkedMul,pp[32]:lt[16].in:out[16],Yes
zksolid-paper/benchmarks/ed25519-099d19c/point-addition51,wit-constr-diff,chunkedmul.circom,ChunkedMul,pp[32]:lt[19].in:out[19],Yes
zksolid-paper/benchmarks/ed25519-099d19c/point-addition51,wit-constr-diff,chunkedmul.circom,ChunkedMul,pp[33]:lt[13].in:out[13],Yes
zksolid-paper/benchmarks/ed25519-099d19c/point-addition51,wit-constr-diff,chunkedmul.circom,ChunkedMul,pp[33]:lt[16].in:out[16],Yes
zksolid-paper/benchmarks/ed25519-099d19c/point-addition51,wit-constr-diff,chunkedmul.circom,ChunkedMul,pp[33]:lt[19].in:out[19],Yes
zksolid-paper/benchmarks/ed25519-099d19c/point-addition51,wit-constr-diff,chunkedmul.circom,ChunkedMul,pp[34]:lt[13].in:out[13],Yes
zksolid-paper/benchmarks/ed25519-099d19c/point-addition51,wit-constr-diff,chunkedmul.circom,ChunkedMul,pp[34]:lt[16].in:out[16],Yes
zksolid-paper/benchmarks/ed25519-099d19c/point-addition51,wit-constr-diff,chunkedmul.circom,ChunkedMul,pp[34]:lt[19].in:out[19],Yes
zksolid-paper/benchmarks/ed25519-099d19c/point-addition51,wit-constr-diff,chunkedmul.circom,ChunkedMul,pp[35]:lt[13].in:out[13],Yes
zksolid-paper/benchmarks/ed25519-099d19c/point-addition51,wit-constr-diff,chunkedmul.circom,ChunkedMul,pp[35]:lt[16].in:out[16],Yes
zksolid-paper/benchmarks/ed25519-099d19c/point-addition51,wit-constr-diff,chunkedmul.circom,ChunkedMul,pp[35]:lt[19].in:out[19],Yes
zksolid-paper/benchmarks/ed25519-099d19c/point-addition51,wit-constr-diff,chunkedmul.circom,ChunkedMul,pp[36]:lt[13].in:out[13],Yes
zksolid-paper/benchmarks/ed25519-099d19c/point-addition51,wit-constr-diff,chunkedmul.circom,ChunkedMul,pp[36]:lt[16].in:out[16],Yes
zksolid-paper/benchmarks/ed25519-099d19c/point-addition51,wit-constr-diff,chunkedmul.circom,ChunkedMul,pp[36]:lt[19].in:out[19],Yes
zksolid-paper/benchmarks/ed25519-099d19c/point-addition51,wit-constr-diff,chunkedmul.circom,ChunkedMul,pp[37]:lt[13].in:out[13],Yes
zksolid-paper/benchmarks/ed25519-099d19c/point-addition51,wit-constr-diff,chunkedmul.circom,ChunkedMul,pp[37]:lt[16].in:out[16],Yes
zksolid-paper/benchmarks/ed25519-099d19c/point-addition51,wit-constr-diff,chunkedmul.circom,ChunkedMul,pp[37]:lt[19].in:out[19],Yes
zksolid-paper/benchmarks/ed25519-099d19c/point-addition51,wit-constr-diff,chunkedmul.circom,ChunkedMul,pp[38]:lt[13].in:out[13],Yes
zksolid-paper/benchmarks/ed25519-099d19c/point-addition51,wit-constr-diff,chunkedmul.circom,ChunkedMul,pp[38]:lt[16].in:out[16],Yes
zksolid-paper/benchmarks/ed25519-099d19c/point-addition51,wit-constr-diff,chunkedmul.circom,ChunkedMul,pp[38]:lt[19].in:out[19],Yes
zksolid-paper/benchmarks/ed25519-099d19c/point-addition51,wit-constr-diff,chunkedmul.circom,ChunkedMul,pp[39]:lt[13].in:out[13],Yes
zksolid-paper/benchmarks/ed25519-099d19c/point-addition51,wit-constr-diff,chunkedmul.circom,ChunkedMul,pp[39]:lt[16].in:out[16],Yes
zksolid-paper/benchmarks/ed25519-099d19c/point-addition51,wit-constr-diff,chunkedmul.circom,ChunkedMul,pp[39]:lt[19].in:out[19],Yes
zksolid-paper/benchmarks/ed25519-099d19c/point-addition51,wit-constr-diff,chunkedmul.circom,ChunkedMul,pp[3]:lt[10].in:out[10],Yes
zksolid-paper/benchmarks/ed25519-099d19c/point-addition51,wit-constr-diff,chunkedmul.circom,ChunkedMul,pp[3]:lt[11].in:out[11],Yes
zksolid-paper/benchmarks/ed25519-099d19c/point-addition51,wit-constr-diff,chunkedmul.circom,ChunkedMul,pp[3]:lt[12].in:out[12],Yes
zksolid-paper/benchmarks/ed25519-099d19c/point-addition51,wit-constr-diff,chunkedmul.circom,ChunkedMul,pp[3]:lt[13].in:out[13],Yes
zksolid-paper/benchmarks/ed25519-099d19c/point-addition51,wit-constr-diff,chunkedmul.circom,ChunkedMul,pp[3]:lt[14].in:out[14],Yes
zksolid-paper/benchmarks/ed25519-099d19c/point-addition51,wit-constr-diff,chunkedmul.circom,ChunkedMul,pp[3]:lt[15].in:out[15],Yes
zksolid-paper/benchmarks/ed25519-099d19c/point-addition51,wit-constr-diff,chunkedmul.circom,ChunkedMul,pp[3]:lt[16].in:out[16],Yes
zksolid-paper/benchmarks/ed25519-099d19c/point-addition51,wit-constr-diff,chunkedmul.circom,ChunkedMul,pp[3]:lt[17].in:out[17],Yes
zksolid-paper/benchmarks/ed25519-099d19c/point-addition51,wit-constr-diff,chunkedmul.circom,ChunkedMul,pp[3]:lt[19].in:out[19],Yes
zksolid-paper/benchmarks/ed25519-099d19c/point-addition51,wit-constr-diff,chunkedmul.circom,ChunkedMul,pp[3]:lt[4].in:out[4],Yes
zksolid-paper/benchmarks/ed25519-099d19c/point-addition51,wit-constr-diff,chunkedmul.circom,ChunkedMul,pp[3]:lt[5].in:out[5],Yes
zksolid-paper/benchmarks/ed25519-099d19c/point-addition51,wit-constr-diff,chunkedmul.circom,ChunkedMul,pp[3]:lt[6].in:out[6],Yes
zksolid-paper/benchmarks/ed25519-099d19c/point-addition51,wit-constr-diff,chunkedmul.circom,ChunkedMul,pp[3]:lt[7].in:out[7],Yes
zksolid-paper/benchmarks/ed25519-099d19c/point-addition51,wit-constr-diff,chunkedmul.circom,ChunkedMul,pp[3]:lt[8].in:out[8],Yes
zksolid-paper/benchmarks/ed25519-099d19c/point-addition51,wit-constr-diff,chunkedmul.circom,ChunkedMul,pp[3]:lt[9].in:out[9],Yes
zksolid-paper/benchmarks/ed25519-099d19c/point-addition51,wit-constr-diff,chunkedmul.circom,ChunkedMul,pp[40]:lt[13].in:out[13],Yes
zksolid-paper/benchmarks/ed25519-099d19c/point-addition51,wit-constr-diff,chunkedmul.circom,ChunkedMul,pp[40]:lt[16].in:out[16],Yes
zksolid-paper/benchmarks/ed25519-099d19c/point-addition51,wit-constr-diff,chunkedmul.circom,ChunkedMul,pp[40]:lt[19].in:out[19],Yes
zksolid-paper/benchmarks/ed25519-099d19c/point-addition51,wit-constr-diff,chunkedmul.circom,ChunkedMul,pp[41]:lt[13].in:out[13],Yes
zksolid-paper/benchmarks/ed25519-099d19c/point-addition51,wit-constr-diff,chunkedmul.circom,ChunkedMul,pp[41]:lt[16].in:out[16],Yes
zksolid-paper/benchmarks/ed25519-099d19c/point-addition51,wit-constr-diff,chunkedmul.circom,ChunkedMul,pp[41]:lt[19].in:out[19],Yes
zksolid-paper/benchmarks/ed25519-099d19c/point-addition51,wit-constr-diff,chunkedmul.circom,ChunkedMul,pp[42]:lt[13].in:out[13],Yes
zksolid-paper/benchmarks/ed25519-099d19c/point-addition51,wit-constr-diff,chunkedmul.circom,ChunkedMul,pp[42]:lt[16].in:out[16],Yes
zksolid-paper/benchmarks/ed25519-099d19c/point-addition51,wit-constr-diff,chunkedmul.circom,ChunkedMul,pp[42]:lt[19].in:out[19],Yes
zksolid-paper/benchmarks/ed25519-099d19c/point-addition51,wit-constr-diff,chunkedmul.circom,ChunkedMul,pp[43]:lt[13].in:out[13],Yes
zksolid-paper/benchmarks/ed25519-099d19c/point-addition51,wit-constr-diff,chunkedmul.circom,ChunkedMul,pp[43]:lt[16].in:out[16],Yes
zksolid-paper/benchmarks/ed25519-099d19c/point-addition51,wit-constr-diff,chunkedmul.circom,ChunkedMul,pp[43]:lt[19].in:out[19],Yes
zksolid-paper/benchmarks/ed25519-099d19c/point-addition51,wit-constr-diff,chunkedmul.circom,ChunkedMul,pp[44]:lt[13].in:out[13],Yes
zksolid-paper/benchmarks/ed25519-099d19c/point-addition51,wit-constr-diff,chunkedmul.circom,ChunkedMul,pp[44]:lt[16].in:out[16],Yes
zksolid-paper/benchmarks/ed25519-099d19c/point-addition51,wit-constr-diff,chunkedmul.circom,ChunkedMul,pp[44]:lt[19].in:out[19],Yes
zksolid-paper/benchmarks/ed25519-099d19c/point-addition51,wit-constr-diff,chunkedmul.circom,ChunkedMul,pp[45]:lt[13].in:out[13],Yes
zksolid-paper/benchmarks/ed25519-099d19c/point-addition51,wit-constr-diff,chunkedmul.circom,ChunkedMul,pp[45]:lt[16].in:out[16],Yes
zksolid-paper/benchmarks/ed25519-099d19c/point-addition51,wit-constr-diff,chunkedmul.circom,ChunkedMul,pp[45]:lt[19].in:out[19],Yes
zksolid-paper/benchmarks/ed25519-099d19c/point-addition51,wit-constr-diff,chunkedmul.circom,ChunkedMul,pp[46]:lt[13].in:out[13],Yes
zksolid-paper/benchmarks/ed25519-099d19c/point-addition51,wit-constr-diff,chunkedmul.circom,ChunkedMul,pp[46]:lt[16].in:out[16],Yes
zksolid-paper/benchmarks/ed25519-099d19c/point-addition51,wit-constr-diff,chunkedmul.circom,ChunkedMul,pp[46]:lt[19].in:out[19],Yes
zksolid-paper/benchmarks/ed25519-099d19c/point-addition51,wit-constr-diff,chunkedmul.circom,ChunkedMul,pp[47]:lt[13].in:out[13],Yes
zksolid-paper/benchmarks/ed25519-099d19c/point-addition51,wit-constr-diff,chunkedmul.circom,ChunkedMul,pp[47]:lt[16].in:out[16],Yes
zksolid-paper/benchmarks/ed25519-099d19c/point-addition51,wit-constr-diff,chunkedmul.circom,ChunkedMul,pp[47]:lt[19].in:out[19],Yes
zksolid-paper/benchmarks/ed25519-099d19c/point-addition51,wit-constr-diff,chunkedmul.circom,ChunkedMul,pp[48]:lt[13].in:out[13],Yes
zksolid-paper/benchmarks/ed25519-099d19c/point-addition51,wit-constr-diff,chunkedmul.circom,ChunkedMul,pp[48]:lt[16].in:out[16],Yes
zksolid-paper/benchmarks/ed25519-099d19c/point-addition51,wit-constr-diff,chunkedmul.circom,ChunkedMul,pp[48]:lt[19].in:out[19],Yes
zksolid-paper/benchmarks/ed25519-099d19c/point-addition51,wit-constr-diff,chunkedmul.circom,ChunkedMul,pp[49]:lt[13].in:out[13],Yes
zksolid-paper/benchmarks/ed25519-099d19c/point-addition51,wit-constr-diff,chunkedmul.circom,ChunkedMul,pp[49]:lt[16].in:out[16],Yes
zksolid-paper/benchmarks/ed25519-099d19c/point-addition51,wit-constr-diff,chunkedmul.circom,ChunkedMul,pp[49]:lt[19].in:out[19],Yes
zksolid-paper/benchmarks/ed25519-099d19c/point-addition51,wit-constr-diff,chunkedmul.circom,ChunkedMul,pp[4]:lt[10].in:out[10],Yes
zksolid-paper/benchmarks/ed25519-099d19c/point-addition51,wit-constr-diff,chunkedmul.circom,ChunkedMul,pp[4]:lt[11].in:out[11],Yes
zksolid-paper/benchmarks/ed25519-099d19c/point-addition51,wit-constr-diff,chunkedmul.circom,ChunkedMul,pp[4]:lt[12].in:out[12],Yes
zksolid-paper/benchmarks/ed25519-099d19c/point-addition51,wit-constr-diff,chunkedmul.circom,ChunkedMul,pp[4]:lt[13].in:out[13],Yes
zksolid-paper/benchmarks/ed25519-099d19c/point-addition51,wit-constr-diff,chunkedmul.circom,ChunkedMul,pp[4]:lt[14].in:out[14],Yes
zksolid-paper/benchmarks/ed25519-099d19c/point-addition51,wit-constr-diff,chunkedmul.circom,ChunkedMul,pp[4]:lt[15].in:out[15],Yes
zksolid-paper/benchmarks/ed25519-099d19c/point-addition51,wit-constr-diff,chunkedmul.circom,ChunkedMul,pp[4]:lt[16].in:out[16],Yes
zksolid-paper/benchmarks/ed25519-099d19c/point-addition51,wit-constr-diff,chunkedmul.circom,ChunkedMul,pp[4]:lt[17].in:out[17],Yes
zksolid-paper/benchmarks/ed25519-099d19c/point-addition51,wit-constr-diff,chunkedmul.circom,ChunkedMul,pp[4]:lt[19].in:out[19],Yes
zksolid-paper/benchmarks/ed25519-099d19c/point-addition51,wit-constr-diff,chunkedmul.circom,ChunkedMul,pp[4]:lt[5].in:out[5],Yes
zksolid-paper/benchmarks/ed25519-099d19c/point-addition51,wit-constr-diff,chunkedmul.circom,ChunkedMul,pp[4]:lt[6].in:out[6],Yes
zksolid-paper/benchmarks/ed25519-099d19c/point-addition51,wit-constr-diff,chunkedmul.circom,ChunkedMul,pp[4]:lt[7].in:out[7],Yes
zksolid-paper/benchmarks/ed25519-099d19c/point-addition51,wit-constr-diff,chunkedmul.circom,ChunkedMul,pp[4]:lt[8].in:out[8],Yes
zksolid-paper/benchmarks/ed25519-099d19c/point-addition51,wit-constr-diff,chunkedmul.circom,ChunkedMul,pp[4]:lt[9].in:out[9],Yes
zksolid-paper/benchmarks/ed25519-099d19c/point-addition51,wit-constr-diff,chunkedmul.circom,ChunkedMul,pp[50]:lt[13].in:out[13],Yes
zksolid-paper/benchmarks/ed25519-099d19c/point-addition51,wit-constr-diff,chunkedmul.circom,ChunkedMul,pp[50]:lt[16].in:out[16],Yes
zksolid-paper/benchmarks/ed25519-099d19c/point-addition51,wit-constr-diff,chunkedmul.circom,ChunkedMul,pp[50]:lt[19].in:out[19],Yes
zksolid-paper/benchmarks/ed25519-099d19c/point-addition51,wit-constr-diff,chunkedmul.circom,ChunkedMul,pp[51]:lt[13].in:out[13],Yes
zksolid-paper/benchmarks/ed25519-099d19c/point-addition51,wit-constr-diff,chunkedmul.circom,ChunkedMul,pp[51]:lt[16].in:out[16],Yes
zksolid-paper/benchmarks/ed25519-099d19c/point-addition51,wit-constr-diff,chunkedmul.circom,ChunkedMul,pp[51]:lt[19].in:out[19],Yes
zksolid-paper/benchmarks/ed25519-099d19c/point-addition51,wit-constr-diff,chunkedmul.circom,ChunkedMul,pp[52]:lt[13].in:out[13],Yes
zksolid-paper/benchmarks/ed25519-099d19c/point-addition51,wit-constr-diff,chunkedmul.circom,ChunkedMul,pp[52]:lt[16].in:out[16],Yes
zksolid-paper/benchmarks/ed25519-099d19c/point-addition51,wit-constr-diff,chunkedmul.circom,ChunkedMul,pp[52]:lt[19].in:out[19],Yes
zksolid-paper/benchmarks/ed25519-099d19c/point-addition51,wit-constr-diff,chunkedmul.circom,ChunkedMul,pp[53]:lt[13].in:out[13],Yes
zksolid-paper/benchmarks/ed25519-099d19c/point-addition51,wit-constr-diff,chunkedmul.circom,ChunkedMul,pp[53]:lt[16].in:out[16],Yes
zksolid-paper/benchmarks/ed25519-099d19c/point-addition51,wit-constr-diff,chunkedmul.circom,ChunkedMul,pp[53]:lt[19].in:out[19],Yes
zksolid-paper/benchmarks/ed25519-099d19c/point-addition51,wit-constr-diff,chunkedmul.circom,ChunkedMul,pp[54]:lt[13].in:out[13],Yes
zksolid-paper/benchmarks/ed25519-099d19c/point-addition51,wit-constr-diff,chunkedmul.circom,ChunkedMul,pp[54]:lt[16].in:out[16],Yes
zksolid-paper/benchmarks/ed25519-099d19c/point-addition51,wit-constr-diff,chunkedmul.circom,ChunkedMul,pp[54]:lt[19].in:out[19],Yes
zksolid-paper/benchmarks/ed25519-099d19c/point-addition51,wit-constr-diff,chunkedmul.circom,ChunkedMul,pp[55]:lt[13].in:out[13],Yes
zksolid-paper/benchmarks/ed25519-099d19c/point-addition51,wit-constr-diff,chunkedmul.circom,ChunkedMul,pp[55]:lt[16].in:out[16],Yes
zksolid-paper/benchmarks/ed25519-099d19c/point-addition51,wit-constr-diff,chunkedmul.circom,ChunkedMul,pp[55]:lt[19].in:out[19],Yes
zksolid-paper/benchmarks/ed25519-099d19c/point-addition51,wit-constr-diff,chunkedmul.circom,ChunkedMul,pp[56]:lt[13].in:out[13],Yes
zksolid-paper/benchmarks/ed25519-099d19c/point-addition51,wit-constr-diff,chunkedmul.circom,ChunkedMul,pp[56]:lt[16].in:out[16],Yes
zksolid-paper/benchmarks/ed25519-099d19c/point-addition51,wit-constr-diff,chunkedmul.circom,ChunkedMul,pp[56]:lt[19].in:out[19],Yes
zksolid-paper/benchmarks/ed25519-099d19c/point-addition51,wit-constr-diff,chunkedmul.circom,ChunkedMul,pp[57]:lt[13].in:out[13],Yes
zksolid-paper/benchmarks/ed25519-099d19c/point-addition51,wit-constr-diff,chunkedmul.circom,ChunkedMul,pp[57]:lt[16].in:out[16],Yes
zksolid-paper/benchmarks/ed25519-099d19c/point-addition51,wit-constr-diff,chunkedmul.circom,ChunkedMul,pp[57]:lt[19].in:out[19],Yes
zksolid-paper/benchmarks/ed25519-099d19c/point-addition51,wit-constr-diff,chunkedmul.circom,ChunkedMul,pp[58]:lt[13].in:out[13],Yes
zksolid-paper/benchmarks/ed25519-099d19c/point-addition51,wit-constr-diff,chunkedmul.circom,ChunkedMul,pp[58]:lt[16].in:out[16],Yes
zksolid-paper/benchmarks/ed25519-099d19c/point-addition51,wit-constr-diff,chunkedmul.circom,ChunkedMul,pp[58]:lt[19].in:out[19],Yes
zksolid-paper/benchmarks/ed25519-099d19c/point-addition51,wit-constr-diff,chunkedmul.circom,ChunkedMul,pp[59]:lt[13].in:out[13],Yes
zksolid-paper/benchmarks/ed25519-099d19c/point-addition51,wit-constr-diff,chunkedmul.circom,ChunkedMul,pp[59]:lt[16].in:out[16],Yes
zksolid-paper/benchmarks/ed25519-099d19c/point-addition51,wit-constr-diff,chunkedmul.circom,ChunkedMul,pp[59]:lt[19].in:out[19],Yes
zksolid-paper/benchmarks/ed25519-099d19c/point-addition51,wit-constr-diff,chunkedmul.circom,ChunkedMul,pp[5]:lt[10].in:out[10],Yes
zksolid-paper/benchmarks/ed25519-099d19c/point-addition51,wit-constr-diff,chunkedmul.circom,ChunkedMul,pp[5]:lt[11].in:out[11],Yes
zksolid-paper/benchmarks/ed25519-099d19c/point-addition51,wit-constr-diff,chunkedmul.circom,ChunkedMul,pp[5]:lt[12].in:out[12],Yes
zksolid-paper/benchmarks/ed25519-099d19c/point-addition51,wit-constr-diff,chunkedmul.circom,ChunkedMul,pp[5]:lt[13].in:out[13],Yes
zksolid-paper/benchmarks/ed25519-099d19c/point-addition51,wit-constr-diff,chunkedmul.circom,ChunkedMul,pp[5]:lt[14].in:out[14],Yes
zksolid-paper/benchmarks/ed25519-099d19c/point-addition51,wit-constr-diff,chunkedmul.circom,ChunkedMul,pp[5]:lt[15].in:out[15],Yes
zksolid-paper/benchmarks/ed25519-099d19c/point-addition51,wit-constr-diff,chunkedmul.circom,ChunkedMul,pp[5]:lt[16].in:out[16],Yes
zksolid-paper/benchmarks/ed25519-099d19c/point-addition51,wit-constr-diff,chunkedmul.circom,ChunkedMul,pp[5]:lt[17].in:out[17],Yes
zksolid-paper/benchmarks/ed25519-099d19c/point-addition51,wit-constr-diff,chunkedmul.circom,ChunkedMul,pp[5]:lt[19].in:out[19],Yes
zksolid-paper/benchmarks/ed25519-099d19c/point-addition51,wit-constr-diff,chunkedmul.circom,ChunkedMul,pp[5]:lt[5].in:out[5],Yes
zksolid-paper/benchmarks/ed25519-099d19c/point-addition51,wit-constr-diff,chunkedmul.circom,ChunkedMul,pp[5]:lt[6].in:out[6],Yes
zksolid-paper/benchmarks/ed25519-099d19c/point-addition51,wit-constr-diff,chunkedmul.circom,ChunkedMul,pp[5]:lt[7].in:out[7],Yes
zksolid-paper/benchmarks/ed25519-099d19c/point-addition51,wit-constr-diff,chunkedmul.circom,ChunkedMul,pp[5]:lt[8].in:out[8],Yes
zksolid-paper/benchmarks/ed25519-099d19c/point-addition51,wit-constr-diff,chunkedmul.circom,ChunkedMul,pp[5]:lt[9].in:out[9],Yes
zksolid-paper/benchmarks/ed25519-099d19c/point-addition51,wit-constr-diff,chunkedmul.circom,ChunkedMul,pp[60]:lt[13].in:out[13],Yes
zksolid-paper/benchmarks/ed25519-099d19c/point-addition51,wit-constr-diff,chunkedmul.circom,ChunkedMul,pp[60]:lt[16].in:out[16],Yes
zksolid-paper/benchmarks/ed25519-099d19c/point-addition51,wit-constr-diff,chunkedmul.circom,ChunkedMul,pp[60]:lt[19].in:out[19],Yes
zksolid-paper/benchmarks/ed25519-099d19c/point-addition51,wit-constr-diff,chunkedmul.circom,ChunkedMul,pp[61]:lt[13].in:out[13],Yes
zksolid-paper/benchmarks/ed25519-099d19c/point-addition51,wit-constr-diff,chunkedmul.circom,ChunkedMul,pp[61]:lt[16].in:out[16],Yes
zksolid-paper/benchmarks/ed25519-099d19c/point-addition51,wit-constr-diff,chunkedmul.circom,ChunkedMul,pp[61]:lt[19].in:out[19],Yes
zksolid-paper/benchmarks/ed25519-099d19c/point-addition51,wit-constr-diff,chunkedmul.circom,ChunkedMul,pp[62]:lt[13].in:out[13],Yes
zksolid-paper/benchmarks/ed25519-099d19c/point-addition51,wit-constr-diff,chunkedmul.circom,ChunkedMul,pp[62]:lt[16].in:out[16],Yes
zksolid-paper/benchmarks/ed25519-099d19c/point-addition51,wit-constr-diff,chunkedmul.circom,ChunkedMul,pp[62]:lt[19].in:out[19],Yes
zksolid-paper/benchmarks/ed25519-099d19c/point-addition51,wit-constr-diff,chunkedmul.circom,ChunkedMul,pp[63]:lt[13].in:out[13],Yes
zksolid-paper/benchmarks/ed25519-099d19c/point-addition51,wit-constr-diff,chunkedmul.circom,ChunkedMul,pp[63]:lt[16].in:out[16],Yes
zksolid-paper/benchmarks/ed25519-099d19c/point-addition51,wit-constr-diff,chunkedmul.circom,ChunkedMul,pp[63]:lt[19].in:out[19],Yes
zksolid-paper/benchmarks/ed25519-099d19c/point-addition51,wit-constr-diff,chunkedmul.circom,ChunkedMul,pp[64]:lt[13].in:out[13],Yes
zksolid-paper/benchmarks/ed25519-099d19c/point-addition51,wit-constr-diff,chunkedmul.circom,ChunkedMul,pp[64]:lt[16].in:out[16],Yes
zksolid-paper/benchmarks/ed25519-099d19c/point-addition51,wit-constr-diff,chunkedmul.circom,ChunkedMul,pp[64]:lt[19].in:out[19],Yes
zksolid-paper/benchmarks/ed25519-099d19c/point-addition51,wit-constr-diff,chunkedmul.circom,ChunkedMul,pp[65]:lt[13].in:out[13],Yes
zksolid-paper/benchmarks/ed25519-099d19c/point-addition51,wit-constr-diff,chunkedmul.circom,ChunkedMul,pp[65]:lt[16].in:out[16],Yes
zksolid-paper/benchmarks/ed25519-099d19c/point-addition51,wit-constr-diff,chunkedmul.circom,ChunkedMul,pp[65]:lt[19].in:out[19],Yes
zksolid-paper/benchmarks/ed25519-099d19c/point-addition51,wit-constr-diff,chunkedmul.circom,ChunkedMul,pp[66]:lt[13].in:out[13],Yes
zksolid-paper/benchmarks/ed25519-099d19c/point-addition51,wit-constr-diff,chunkedmul.circom,ChunkedMul,pp[66]:lt[16].in:out[16],Yes
zksolid-paper/benchmarks/ed25519-099d19c/point-addition51,wit-constr-diff,chunkedmul.circom,ChunkedMul,pp[66]:lt[19].in:out[19],Yes
zksolid-paper/benchmarks/ed25519-099d19c/point-addition51,wit-constr-diff,chunkedmul.circom,ChunkedMul,pp[67]:lt[13].in:out[13],Yes
zksolid-paper/benchmarks/ed25519-099d19c/point-addition51,wit-constr-diff,chunkedmul.circom,ChunkedMul,pp[67]:lt[16].in:out[16],Yes
zksolid-paper/benchmarks/ed25519-099d19c/point-addition51,wit-constr-diff,chunkedmul.circom,ChunkedMul,pp[67]:lt[19].in:out[19],Yes
zksolid-paper/benchmarks/ed25519-099d19c/point-addition51,wit-constr-diff,chunkedmul.circom,ChunkedMul,pp[68]:lt[13].in:out[13],Yes
zksolid-paper/benchmarks/ed25519-099d19c/point-addition51,wit-constr-diff,chunkedmul.circom,ChunkedMul,pp[68]:lt[16].in:out[16],Yes
zksolid-paper/benchmarks/ed25519-099d19c/point-addition51,wit-constr-diff,chunkedmul.circom,ChunkedMul,pp[68]:lt[19].in:out[19],Yes
zksolid-paper/benchmarks/ed25519-099d19c/point-addition51,wit-constr-diff,chunkedmul.circom,ChunkedMul,pp[69]:lt[13].in:out[13],Yes
zksolid-paper/benchmarks/ed25519-099d19c/point-addition51,wit-constr-diff,chunkedmul.circom,ChunkedMul,pp[69]:lt[16].in:out[16],Yes
zksolid-paper/benchmarks/ed25519-099d19c/point-addition51,wit-constr-diff,chunkedmul.circom,ChunkedMul,pp[69]:lt[19].in:out[19],Yes
zksolid-paper/benchmarks/ed25519-099d19c/point-addition51,wit-constr-diff,chunkedmul.circom,ChunkedMul,pp[6]:lt[10].in:out[10],Yes
zksolid-paper/benchmarks/ed25519-099d19c/point-addition51,wit-constr-diff,chunkedmul.circom,ChunkedMul,pp[6]:lt[11].in:out[11],Yes
zksolid-paper/benchmarks/ed25519-099d19c/point-addition51,wit-constr-diff,chunkedmul.circom,ChunkedMul,pp[6]:lt[12].in:out[12],Yes
zksolid-paper/benchmarks/ed25519-099d19c/point-addition51,wit-constr-diff,chunkedmul.circom,ChunkedMul,pp[6]:lt[13].in:out[13],Yes
zksolid-paper/benchmarks/ed25519-099d19c/point-addition51,wit-constr-diff,chunkedmul.circom,ChunkedMul,pp[6]:lt[14].in:out[14],Yes
zksolid-paper/benchmarks/ed25519-099d19c/point-addition51,wit-constr-diff,chunkedmul.circom,ChunkedMul,pp[6]:lt[15].in:out[15],Yes
zksolid-paper/benchmarks/ed25519-099d19c/point-addition51,wit-constr-diff,chunkedmul.circom,ChunkedMul,pp[6]:lt[16].in:out[16],Yes
zksolid-paper/benchmarks/ed25519-099d19c/point-addition51,wit-constr-diff,chunkedmul.circom,ChunkedMul,pp[6]:lt[17].in:out[17],Yes
zksolid-paper/benchmarks/ed25519-099d19c/point-addition51,wit-constr-diff,chunkedmul.circom,ChunkedMul,pp[6]:lt[19].in:out[19],Yes
zksolid-paper/benchmarks/ed25519-099d19c/point-addition51,wit-constr-diff,chunkedmul.circom,ChunkedMul,pp[6]:lt[5].in:out[5],Yes
zksolid-paper/benchmarks/ed25519-099d19c/point-addition51,wit-constr-diff,chunkedmul.circom,ChunkedMul,pp[6]:lt[7].in:out[7],Yes
zksolid-paper/benchmarks/ed25519-099d19c/point-addition51,wit-constr-diff,chunkedmul.circom,ChunkedMul,pp[6]:lt[8].in:out[8],Yes
zksolid-paper/benchmarks/ed25519-099d19c/point-addition51,wit-constr-diff,chunkedmul.circom,ChunkedMul,pp[6]:lt[9].in:out[9],Yes
zksolid-paper/benchmarks/ed25519-099d19c/point-addition51,wit-constr-diff,chunkedmul.circom,ChunkedMul,pp[70]:lt[13].in:out[13],Yes
zksolid-paper/benchmarks/ed25519-099d19c/point-addition51,wit-constr-diff,chunkedmul.circom,ChunkedMul,pp[70]:lt[16].in:out[16],Yes
zksolid-paper/benchmarks/ed25519-099d19c/point-addition51,wit-constr-diff,chunkedmul.circom,ChunkedMul,pp[70]:lt[19].in:out[19],Yes
zksolid-paper/benchmarks/ed25519-099d19c/point-addition51,wit-constr-diff,chunkedmul.circom,ChunkedMul,pp[71]:lt[13].in:out[13],Yes
zksolid-paper/benchmarks/ed25519-099d19c/point-addition51,wit-constr-diff,chunkedmul.circom,ChunkedMul,pp[71]:lt[16].in:out[16],Yes
zksolid-paper/benchmarks/ed25519-099d19c/point-addition51,wit-constr-diff,chunkedmul.circom,ChunkedMul,pp[71]:lt[19].in:out[19],Yes
zksolid-paper/benchmarks/ed25519-099d19c/point-addition51,wit-constr-diff,chunkedmul.circom,ChunkedMul,pp[72]:lt[13].in:out[13],Yes
zksolid-paper/benchmarks/ed25519-099d19c/point-addition51,wit-constr-diff,chunkedmul.circom,ChunkedMul,pp[72]:lt[16].in:out[16],Yes
zksolid-paper/benchmarks/ed25519-099d19c/point-addition51,wit-constr-diff,chunkedmul.circom,ChunkedMul,pp[72]:lt[19].in:out[19],Yes
zksolid-paper/benchmarks/ed25519-099d19c/point-addition51,wit-constr-diff,chunkedmul.circom,ChunkedMul,pp[73]:lt[13].in:out[13],Yes
zksolid-paper/benchmarks/ed25519-099d19c/point-addition51,wit-constr-diff,chunkedmul.circom,ChunkedMul,pp[73]:lt[16].in:out[16],Yes
zksolid-paper/benchmarks/ed25519-099d19c/point-addition51,wit-constr-diff,chunkedmul.circom,ChunkedMul,pp[73]:lt[19].in:out[19],Yes
zksolid-paper/benchmarks/ed25519-099d19c/point-addition51,wit-constr-diff,chunkedmul.circom,ChunkedMul,pp[74]:lt[13].in:out[13],Yes
zksolid-paper/benchmarks/ed25519-099d19c/point-addition51,wit-constr-diff,chunkedmul.circom,ChunkedMul,pp[74]:lt[16].in:out[16],Yes
zksolid-paper/benchmarks/ed25519-099d19c/point-addition51,wit-constr-diff,chunkedmul.circom,ChunkedMul,pp[74]:lt[19].in:out[19],Yes
zksolid-paper/benchmarks/ed25519-099d19c/point-addition51,wit-constr-diff,chunkedmul.circom,ChunkedMul,pp[75]:lt[13].in:out[13],Yes
zksolid-paper/benchmarks/ed25519-099d19c/point-addition51,wit-constr-diff,chunkedmul.circom,ChunkedMul,pp[75]:lt[16].in:out[16],Yes
zksolid-paper/benchmarks/ed25519-099d19c/point-addition51,wit-constr-diff,chunkedmul.circom,ChunkedMul,pp[75]:lt[19].in:out[19],Yes
zksolid-paper/benchmarks/ed25519-099d19c/point-addition51,wit-constr-diff,chunkedmul.circom,ChunkedMul,pp[76]:lt[13].in:out[13],Yes
zksolid-paper/benchmarks/ed25519-099d19c/point-addition51,wit-constr-diff,chunkedmul.circom,ChunkedMul,pp[76]:lt[16].in:out[16],Yes
zksolid-paper/benchmarks/ed25519-099d19c/point-addition51,wit-constr-diff,chunkedmul.circom,ChunkedMul,pp[76]:lt[19].in:out[19],Yes
zksolid-paper/benchmarks/ed25519-099d19c/point-addition51,wit-constr-diff,chunkedmul.circom,ChunkedMul,pp[77]:lt[13].in:out[13],Yes
zksolid-paper/benchmarks/ed25519-099d19c/point-addition51,wit-constr-diff,chunkedmul.circom,ChunkedMul,pp[77]:lt[16].in:out[16],Yes
zksolid-paper/benchmarks/ed25519-099d19c/point-addition51,wit-constr-diff,chunkedmul.circom,ChunkedMul,pp[77]:lt[19].in:out[19],Yes
zksolid-paper/benchmarks/ed25519-099d19c/point-addition51,wit-constr-diff,chunkedmul.circom,ChunkedMul,pp[78]:lt[13].in:out[13],Yes
zksolid-paper/benchmarks/ed25519-099d19c/point-addition51,wit-constr-diff,chunkedmul.circom,ChunkedMul,pp[78]:lt[16].in:out[16],Yes
zksolid-paper/benchmarks/ed25519-099d19c/point-addition51,wit-constr-diff,chunkedmul.circom,ChunkedMul,pp[78]:lt[19].in:out[19],Yes
zksolid-paper/benchmarks/ed25519-099d19c/point-addition51,wit-constr-diff,chunkedmul.circom,ChunkedMul,pp[79]:lt[13].in:out[13],Yes
zksolid-paper/benchmarks/ed25519-099d19c/point-addition51,wit-constr-diff,chunkedmul.circom,ChunkedMul,pp[79]:lt[16].in:out[16],Yes
zksolid-paper/benchmarks/ed25519-099d19c/point-addition51,wit-constr-diff,chunkedmul.circom,ChunkedMul,pp[79]:lt[19].in:out[19],Yes
zksolid-paper/benchmarks/ed25519-099d19c/point-addition51,wit-constr-diff,chunkedmul.circom,ChunkedMul,pp[7]:lt[10].in:out[10],Yes
zksolid-paper/benchmarks/ed25519-099d19c/point-addition51,wit-constr-diff,chunkedmul.circom,ChunkedMul,pp[7]:lt[11].in:out[11],Yes
zksolid-paper/benchmarks/ed25519-099d19c/point-addition51,wit-constr-diff,chunkedmul.circom,ChunkedMul,pp[7]:lt[12].in:out[12],Yes
zksolid-paper/benchmarks/ed25519-099d19c/point-addition51,wit-constr-diff,chunkedmul.circom,ChunkedMul,pp[7]:lt[13].in:out[13],Yes
zksolid-paper/benchmarks/ed25519-099d19c/point-addition51,wit-constr-diff,chunkedmul.circom,ChunkedMul,pp[7]:lt[14].in:out[14],Yes
zksolid-paper/benchmarks/ed25519-099d19c/point-addition51,wit-constr-diff,chunkedmul.circom,ChunkedMul,pp[7]:lt[15].in:out[15],Yes
zksolid-paper/benchmarks/ed25519-099d19c/point-addition51,wit-constr-diff,chunkedmul.circom,ChunkedMul,pp[7]:lt[16].in:out[16],Yes
zksolid-paper/benchmarks/ed25519-099d19c/point-addition51,wit-constr-diff,chunkedmul.circom,ChunkedMul,pp[7]:lt[17].in:out[17],Yes
zksolid-paper/benchmarks/ed25519-099d19c/point-addition51,wit-constr-diff,chunkedmul.circom,ChunkedMul,pp[7]:lt[19].in:out[19],Yes
zksolid-paper/benchmarks/ed25519-099d19c/point-addition51,wit-constr-diff,chunkedmul.circom,ChunkedMul,pp[7]:lt[5].in:out[5],Yes
zksolid-paper/benchmarks/ed25519-099d19c/point-addition51,wit-constr-diff,chunkedmul.circom,ChunkedMul,pp[7]:lt[8].in:out[8],Yes
zksolid-paper/benchmarks/ed25519-099d19c/point-addition51,wit-constr-diff,chunkedmul.circom,ChunkedMul,pp[7]:lt[9].in:out[9],Yes
zksolid-paper/benchmarks/ed25519-099d19c/point-addition51,wit-constr-diff,chunkedmul.circom,ChunkedMul,pp[80]:lt[13].in:out[13],Yes
zksolid-paper/benchmarks/ed25519-099d19c/point-addition51,wit-constr-diff,chunkedmul.circom,ChunkedMul,pp[80]:lt[16].in:out[16],Yes
zksolid-paper/benchmarks/ed25519-099d19c/point-addition51,wit-constr-diff,chunkedmul.circom,ChunkedMul,pp[80]:lt[19].in:out[19],Yes
zksolid-paper/benchmarks/ed25519-099d19c/point-addition51,wit-constr-diff,chunkedmul.circom,ChunkedMul,pp[81]:lt[13].in:out[13],Yes
zksolid-paper/benchmarks/ed25519-099d19c/point-addition51,wit-constr-diff,chunkedmul.circom,ChunkedMul,pp[81]:lt[16].in:out[16],Yes
zksolid-paper/benchmarks/ed25519-099d19c/point-addition51,wit-constr-diff,chunkedmul.circom,ChunkedMul,pp[81]:lt[19].in:out[19],Yes
zksolid-paper/benchmarks/ed25519-099d19c/point-addition51,wit-constr-diff,chunkedmul.circom,ChunkedMul,pp[82]:lt[13].in:out[13],Yes
zksolid-paper/benchmarks/ed25519-099d19c/point-addition51,wit-constr-diff,chunkedmul.circom,ChunkedMul,pp[82]:lt[16].in:out[16],Yes
zksolid-paper/benchmarks/ed25519-099d19c/point-addition51,wit-constr-diff,chunkedmul.circom,ChunkedMul,pp[82]:lt[19].in:out[19],Yes
zksolid-paper/benchmarks/ed25519-099d19c/point-addition51,wit-constr-diff,chunkedmul.circom,ChunkedMul,pp[83]:lt[13].in:out[13],Yes
zksolid-paper/benchmarks/ed25519-099d19c/point-addition51,wit-constr-diff,chunkedmul.circom,ChunkedMul,pp[83]:lt[16].in:out[16],Yes
zksolid-paper/benchmarks/ed25519-099d19c/point-addition51,wit-constr-diff,chunkedmul.circom,ChunkedMul,pp[83]:lt[19].in:out[19],Yes
zksolid-paper/benchmarks/ed25519-099d19c/point-addition51,wit-constr-diff,chunkedmul.circom,ChunkedMul,pp[84]:lt[13].in:out[13],Yes
zksolid-paper/benchmarks/ed25519-099d19c/point-addition51,wit-constr-diff,chunkedmul.circom,ChunkedMul,pp[84]:lt[16].in:out[16],Yes
zksolid-paper/benchmarks/ed25519-099d19c/point-addition51,wit-constr-diff,chunkedmul.circom,ChunkedMul,pp[84]:lt[19].in:out[19],Yes
zksolid-paper/benchmarks/ed25519-099d19c/point-addition51,wit-constr-diff,chunkedmul.circom,ChunkedMul,pp[85]:lt[13].in:out[13],Yes
zksolid-paper/benchmarks/ed25519-099d19c/point-addition51,wit-constr-diff,chunkedmul.circom,ChunkedMul,pp[85]:lt[16].in:out[16],Yes
zksolid-paper/benchmarks/ed25519-099d19c/point-addition51,wit-constr-diff,chunkedmul.circom,ChunkedMul,pp[85]:lt[19].in:out[19],Yes
zksolid-paper/benchmarks/ed25519-099d19c/point-addition51,wit-constr-diff,chunkedmul.circom,ChunkedMul,pp[86]:lt[13].in:out[13],Yes
zksolid-paper/benchmarks/ed25519-099d19c/point-addition51,wit-constr-diff,chunkedmul.circom,ChunkedMul,pp[86]:lt[16].in:out[16],Yes
zksolid-paper/benchmarks/ed25519-099d19c/point-addition51,wit-constr-diff,chunkedmul.circom,ChunkedMul,pp[86]:lt[19].in:out[19],Yes
zksolid-paper/benchmarks/ed25519-099d19c/point-addition51,wit-constr-diff,chunkedmul.circom,ChunkedMul,pp[87]:lt[13].in:out[13],Yes
zksolid-paper/benchmarks/ed25519-099d19c/point-addition51,wit-constr-diff,chunkedmul.circom,ChunkedMul,pp[87]:lt[16].in:out[16],Yes
zksolid-paper/benchmarks/ed25519-099d19c/point-addition51,wit-constr-diff,chunkedmul.circom,ChunkedMul,pp[87]:lt[19].in:out[19],Yes
zksolid-paper/benchmarks/ed25519-099d19c/point-addition51,wit-constr-diff,chunkedmul.circom,ChunkedMul,pp[88]:lt[13].in:out[13],Yes
zksolid-paper/benchmarks/ed25519-099d19c/point-addition51,wit-constr-diff,chunkedmul.circom,ChunkedMul,pp[88]:lt[16].in:out[16],Yes
zksolid-paper/benchmarks/ed25519-099d19c/point-addition51,wit-constr-diff,chunkedmul.circom,ChunkedMul,pp[88]:lt[19].in:out[19],Yes
zksolid-paper/benchmarks/ed25519-099d19c/point-addition51,wit-constr-diff,chunkedmul.circom,ChunkedMul,pp[89]:lt[13].in:out[13],Yes
zksolid-paper/benchmarks/ed25519-099d19c/point-addition51,wit-constr-diff,chunkedmul.circom,ChunkedMul,pp[89]:lt[16].in:out[16],Yes
zksolid-paper/benchmarks/ed25519-099d19c/point-addition51,wit-constr-diff,chunkedmul.circom,ChunkedMul,pp[89]:lt[19].in:out[19],Yes
zksolid-paper/benchmarks/ed25519-099d19c/point-addition51,wit-constr-diff,chunkedmul.circom,ChunkedMul,pp[8]:lt[10].in:out[10],Yes
zksolid-paper/benchmarks/ed25519-099d19c/point-addition51,wit-constr-diff,chunkedmul.circom,ChunkedMul,pp[8]:lt[11].in:out[11],Yes
zksolid-paper/benchmarks/ed25519-099d19c/point-addition51,wit-constr-diff,chunkedmul.circom,ChunkedMul,pp[8]:lt[12].in:out[12],Yes
zksolid-paper/benchmarks/ed25519-099d19c/point-addition51,wit-constr-diff,chunkedmul.circom,ChunkedMul,pp[8]:lt[13].in:out[13],Yes
zksolid-paper/benchmarks/ed25519-099d19c/point-addition51,wit-constr-diff,chunkedmul.circom,ChunkedMul,pp[8]:lt[14].in:out[14],Yes
zksolid-paper/benchmarks/ed25519-099d19c/point-addition51,wit-constr-diff,chunkedmul.circom,ChunkedMul,pp[8]:lt[15].in:out[15],Yes
zksolid-paper/benchmarks/ed25519-099d19c/point-addition51,wit-constr-diff,chunkedmul.circom,ChunkedMul,pp[8]:lt[16].in:out[16],Yes
zksolid-paper/benchmarks/ed25519-099d19c/point-addition51,wit-constr-diff,chunkedmul.circom,ChunkedMul,pp[8]:lt[17].in:out[17],Yes
zksolid-paper/benchmarks/ed25519-099d19c/point-addition51,wit-constr-diff,chunkedmul.circom,ChunkedMul,pp[8]:lt[19].in:out[19],Yes
zksolid-paper/benchmarks/ed25519-099d19c/point-addition51,wit-constr-diff,chunkedmul.circom,ChunkedMul,pp[8]:lt[5].in:out[5],Yes
zksolid-paper/benchmarks/ed25519-099d19c/point-addition51,wit-constr-diff,chunkedmul.circom,ChunkedMul,pp[8]:lt[8].in:out[8],Yes
zksolid-paper/benchmarks/ed25519-099d19c/point-addition51,wit-constr-diff,chunkedmul.circom,ChunkedMul,pp[8]:lt[9].in:out[9],Yes
zksolid-paper/benchmarks/ed25519-099d19c/point-addition51,wit-constr-diff,chunkedmul.circom,ChunkedMul,pp[90]:lt[13].in:out[13],Yes
zksolid-paper/benchmarks/ed25519-099d19c/point-addition51,wit-constr-diff,chunkedmul.circom,ChunkedMul,pp[90]:lt[16].in:out[16],Yes
zksolid-paper/benchmarks/ed25519-099d19c/point-addition51,wit-constr-diff,chunkedmul.circom,ChunkedMul,pp[90]:lt[19].in:out[19],Yes
zksolid-paper/benchmarks/ed25519-099d19c/point-addition51,wit-constr-diff,chunkedmul.circom,ChunkedMul,pp[91]:lt[16].in:out[16],Yes
zksolid-paper/benchmarks/ed25519-099d19c/point-addition51,wit-constr-diff,chunkedmul.circom,ChunkedMul,pp[91]:lt[19].in:out[19],Yes
zksolid-paper/benchmarks/ed25519-099d19c/point-addition51,wit-constr-diff,chunkedmul.circom,ChunkedMul,pp[92]:lt[16].in:out[16],Yes
zksolid-paper/benchmarks/ed25519-099d19c/point-addition51,wit-constr-diff,chunkedmul.circom,ChunkedMul,pp[92]:lt[19].in:out[19],Yes
zksolid-paper/benchmarks/ed25519-099d19c/point-addition51,wit-constr-diff,chunkedmul.circom,ChunkedMul,pp[93]:lt[16].in:out[16],Yes
zksolid-paper/benchmarks/ed25519-099d19c/point-addition51,wit-constr-diff,chunkedmul.circom,ChunkedMul,pp[93]:lt[19].in:out[19],Yes
zksolid-paper/benchmarks/ed25519-099d19c/point-addition51,wit-constr-diff,chunkedmul.circom,ChunkedMul,pp[94]:lt[16].in:out[16],Yes
zksolid-paper/benchmarks/ed25519-099d19c/point-addition51,wit-constr-diff,chunkedmul.circom,ChunkedMul,pp[94]:lt[19].in:out[19],Yes
zksolid-paper/benchmarks/ed25519-099d19c/point-addition51,wit-constr-diff,chunkedmul.circom,ChunkedMul,pp[95]:lt[16].in:out[16],Yes
zksolid-paper/benchmarks/ed25519-099d19c/point-addition51,wit-constr-diff,chunkedmul.circom,ChunkedMul,pp[95]:lt[19].in:out[19],Yes
zksolid-paper/benchmarks/ed25519-099d19c/point-addition51,wit-constr-diff,chunkedmul.circom,ChunkedMul,pp[96]:lt[16].in:out[16],Yes
zksolid-paper/benchmarks/ed25519-099d19c/point-addition51,wit-constr-diff,chunkedmul.circom,ChunkedMul,pp[96]:lt[19].in:out[19],Yes
zksolid-paper/benchmarks/ed25519-099d19c/point-addition51,wit-constr-diff,chunkedmul.circom,ChunkedMul,pp[97]:lt[16].in:out[16],Yes
zksolid-paper/benchmarks/ed25519-099d19c/point-addition51,wit-constr-diff,chunkedmul.circom,ChunkedMul,pp[97]:lt[19].in:out[19],Yes
zksolid-paper/benchmarks/ed25519-099d19c/point-addition51,wit-constr-diff,chunkedmul.circom,ChunkedMul,pp[98]:lt[16].in:out[16],Yes
zksolid-paper/benchmarks/ed25519-099d19c/point-addition51,wit-constr-diff,chunkedmul.circom,ChunkedMul,pp[98]:lt[19].in:out[19],Yes
zksolid-paper/benchmarks/ed25519-099d19c/point-addition51,wit-constr-diff,chunkedmul.circom,ChunkedMul,pp[99]:lt[16].in:out[16],Yes
zksolid-paper/benchmarks/ed25519-099d19c/point-addition51,wit-constr-diff,chunkedmul.circom,ChunkedMul,pp[99]:lt[19].in:out[19],Yes
zksolid-paper/benchmarks/ed25519-099d19c/point-addition51,wit-constr-diff,chunkedmul.circom,ChunkedMul,pp[9]:lt[10].in:out[10],Yes
zksolid-paper/benchmarks/ed25519-099d19c/point-addition51,wit-constr-diff,chunkedmul.circom,ChunkedMul,pp[9]:lt[11].in:out[11],Yes
zksolid-paper/benchmarks/ed25519-099d19c/point-addition51,wit-constr-diff,chunkedmul.circom,ChunkedMul,pp[9]:lt[12].in:out[12],Yes
zksolid-paper/benchmarks/ed25519-099d19c/point-addition51,wit-constr-diff,chunkedmul.circom,ChunkedMul,pp[9]:lt[13].in:out[13],Yes
zksolid-paper/benchmarks/ed25519-099d19c/point-addition51,wit-constr-diff,chunkedmul.circom,ChunkedMul,pp[9]:lt[14].in:out[14],Yes
zksolid-paper/benchmarks/ed25519-099d19c/point-addition51,wit-constr-diff,chunkedmul.circom,ChunkedMul,pp[9]:lt[15].in:out[15],Yes
zksolid-paper/benchmarks/ed25519-099d19c/point-addition51,wit-constr-diff,chunkedmul.circom,ChunkedMul,pp[9]:lt[16].in:out[16],Yes
zksolid-paper/benchmarks/ed25519-099d19c/point-addition51,wit-constr-diff,chunkedmul.circom,ChunkedMul,pp[9]:lt[17].in:out[17],Yes
zksolid-paper/benchmarks/ed25519-099d19c/point-addition51,wit-constr-diff,chunkedmul.circom,ChunkedMul,pp[9]:lt[19].in:out[19],Yes
zksolid-paper/benchmarks/ed25519-099d19c/point-addition51,wit-constr-diff,chunkedmul.circom,ChunkedMul,pp[9]:lt[5].in:out[5],Yes
zksolid-paper/benchmarks/ed25519-099d19c/point-addition51,wit-constr-diff,chunkedmul.circom,ChunkedMul,pp[9]:lt[8].in:out[8],Yes
zksolid-paper/benchmarks/ed25519-099d19c/point-addition51,wit-constr-diff,chunkedmul.circom,ChunkedMul,sum[0]:lt[10].in:out[10],Yes
zksolid-paper/benchmarks/ed25519-099d19c/point-addition51,wit-constr-diff,chunkedmul.circom,ChunkedMul,sum[0]:lt[11].in:out[11],Yes
zksolid-paper/benchmarks/ed25519-099d19c/point-addition51,wit-constr-diff,chunkedmul.circom,ChunkedMul,sum[0]:lt[12].in:out[12],Yes
zksolid-paper/benchmarks/ed25519-099d19c/point-addition51,wit-constr-diff,chunkedmul.circom,ChunkedMul,sum[0]:lt[13].in:out[13],Yes
zksolid-paper/benchmarks/ed25519-099d19c/point-addition51,wit-constr-diff,chunkedmul.circom,ChunkedMul,sum[0]:lt[14].in:out[14],Yes
zksolid-paper/benchmarks/ed25519-099d19c/point-addition51,wit-constr-diff,chunkedmul.circom,ChunkedMul,sum[0]:lt[15].in:out[15],Yes
zksolid-paper/benchmarks/ed25519-099d19c/point-addition51,wit-constr-diff,chunkedmul.circom,ChunkedMul,sum[0]:lt[16].in:out[16],Yes
zksolid-paper/benchmarks/ed25519-099d19c/point-addition51,wit-constr-diff,chunkedmul.circom,ChunkedMul,sum[0]:lt[17].in:out[17],Yes
zksolid-paper/benchmarks/ed25519-099d19c/point-addition51,wit-constr-diff,chunkedmul.circom,ChunkedMul,sum[0]:lt[19].in:out[19],Yes
zksolid-paper/benchmarks/ed25519-099d19c/point-addition51,wit-constr-diff,chunkedmul.circom,ChunkedMul,sum[0]:lt[1].in:out[1],Yes
zksolid-paper/benchmarks/ed25519-099d19c/point-addition51,wit-constr-diff,chunkedmul.circom,ChunkedMul,sum[0]:lt[2].in:out[2],Yes
zksolid-paper/benchmarks/ed25519-099d19c/point-addition51,wit-constr-diff,chunkedmul.circom,ChunkedMul,sum[0]:lt[3].in:out[3],Yes
zksolid-paper/benchmarks/ed25519-099d19c/point-addition51,wit-constr-diff,chunkedmul.circom,ChunkedMul,sum[0]:lt[4].in:out[4],Yes
zksolid-paper/benchmarks/ed25519-099d19c/point-addition51,wit-constr-diff,chunkedmul.circom,ChunkedMul,sum[0]:lt[5].in:out[5],Yes
zksolid-paper/benchmarks/ed25519-099d19c/point-addition51,wit-constr-diff,chunkedmul.circom,ChunkedMul,sum[0]:lt[6].in:out[6],Yes
zksolid-paper/benchmarks/ed25519-099d19c/point-addition51,wit-constr-diff,chunkedmul.circom,ChunkedMul,sum[0]:lt[7].in:out[7],Yes
zksolid-paper/benchmarks/ed25519-099d19c/point-addition51,wit-constr-diff,chunkedmul.circom,ChunkedMul,sum[0]:lt[8].in:out[8],Yes
zksolid-paper/benchmarks/ed25519-099d19c/point-addition51,wit-constr-diff,chunkedmul.circom,ChunkedMul,sum[0]:lt[9].in:out[9],Yes
zksolid-paper/benchmarks/ed25519-099d19c/point-addition51,wit-constr-diff,chunkedmul.circom,ChunkedMul,sum[10]:lt[11].in:out[11],Yes
zksolid-paper/benchmarks/ed25519-099d19c/point-addition51,wit-constr-diff,chunkedmul.circom,ChunkedMul,sum[10]:lt[12].in:out[12],Yes
zksolid-paper/benchmarks/ed25519-099d19c/point-addition51,wit-constr-diff,chunkedmul.circom,ChunkedMul,sum[10]:lt[13].in:out[13],Yes
zksolid-paper/benchmarks/ed25519-099d19c/point-addition51,wit-constr-diff,chunkedmul.circom,ChunkedMul,sum[10]:lt[14].in:out[14],Yes
zksolid-paper/benchmarks/ed25519-099d19c/point-addition51,wit-constr-diff,chunkedmul.circom,ChunkedMul,sum[10]:lt[15].in:out[15],Yes
zksolid-paper/benchmarks/ed25519-099d19c/point-addition51,wit-constr-diff,chunkedmul.circom,ChunkedMul,sum[10]:lt[16].in:out[16],Yes
zksolid-paper/benchmarks/ed25519-099d19c/point-addition51,wit-constr-diff,chunkedmul.circom,ChunkedMul,sum[10]:lt[17].in:out[17],Yes
zksolid-paper/benchmarks/ed25519-099d19c/point-addition51,wit-constr-diff,chunkedmul.circom,ChunkedMul,sum[10]:lt[19].in:out[19],Yes
zksolid-paper/benchmarks/ed25519-099d19c/point-addition51,wit-constr-diff,chunkedmul.circom,ChunkedMul,sum[11]:lt[12].in:out[12],Yes
zksolid-paper/benchmarks/ed25519-099d19c/point-addition51,wit-constr-diff,chunkedmul.circom,ChunkedMul,sum[11]:lt[13].in:out[13],Yes
zksolid-paper/benchmarks/ed25519-099d19c/point-addition51,wit-constr-diff,chunkedmul.circom,ChunkedMul,sum[11]:lt[14].in:out[14],Yes
zksolid-paper/benchmarks/ed25519-099d19c/point-addition51,wit-constr-diff,chunkedmul.circom,ChunkedMul,sum[11]:lt[15].in:out[15],Yes
zksolid-paper/benchmarks/ed25519-099d19c/point-addition51,wit-constr-diff,chunkedmul.circom,ChunkedMul,sum[11]:lt[16].in:out[16],Yes
zksolid-paper/benchmarks/ed25519-099d19c/point-addition51,wit-constr-diff,chunkedmul.circom,ChunkedMul,sum[11]:lt[17].in:out[17],Yes
zksolid-paper/benchmarks/ed25519-099d19c/point-addition51,wit-constr-diff,chunkedmul.circom,ChunkedMul,sum[11]:lt[19].in:out[19],Yes
zksolid-paper/benchmarks/ed25519-099d19c/point-addition51,wit-constr-diff,chunkedmul.circom,ChunkedMul,sum[12]:lt[13].in:out[13],Yes
zksolid-paper/benchmarks/ed25519-099d19c/point-addition51,wit-constr-diff,chunkedmul.circom,ChunkedMul,sum[12]:lt[14].in:out[14],Yes
zksolid-paper/benchmarks/ed25519-099d19c/point-addition51,wit-constr-diff,chunkedmul.circom,ChunkedMul,sum[12]:lt[15].in:out[15],Yes
zksolid-paper/benchmarks/ed25519-099d19c/point-addition51,wit-constr-diff,chunkedmul.circom,ChunkedMul,sum[12]:lt[16].in:out[16],Yes
zksolid-paper/benchmarks/ed25519-099d19c/point-addition51,wit-constr-diff,chunkedmul.circom,ChunkedMul,sum[12]:lt[17].in:out[17],Yes
zksolid-paper/benchmarks/ed25519-099d19c/point-addition51,wit-constr-diff,chunkedmul.circom,ChunkedMul,sum[12]:lt[19].in:out[19],Yes
zksolid-paper/benchmarks/ed25519-099d19c/point-addition51,wit-constr-diff,chunkedmul.circom,ChunkedMul,sum[13]:lt[14].in:out[14],Yes
zksolid-paper/benchmarks/ed25519-099d19c/point-addition51,wit-constr-diff,chunkedmul.circom,ChunkedMul,sum[13]:lt[15].in:out[15],Yes
zksolid-paper/benchmarks/ed25519-099d19c/point-addition51,wit-constr-diff,chunkedmul.circom,ChunkedMul,sum[13]:lt[16].in:out[16],Yes
zksolid-paper/benchmarks/ed25519-099d19c/point-addition51,wit-constr-diff,chunkedmul.circom,ChunkedMul,sum[13]:lt[17].in:out[17],Yes
zksolid-paper/benchmarks/ed25519-099d19c/point-addition51,wit-constr-diff,chunkedmul.circom,ChunkedMul,sum[13]:lt[19].in:out[19],Yes
zksolid-paper/benchmarks/ed25519-099d19c/point-addition51,wit-constr-diff,chunkedmul.circom,ChunkedMul,sum[14]:lt[15].in:out[15],Yes
zksolid-paper/benchmarks/ed25519-099d19c/point-addition51,wit-constr-diff,chunkedmul.circom,ChunkedMul,sum[14]:lt[16].in:out[16],Yes
zksolid-paper/benchmarks/ed25519-099d19c/point-addition51,wit-constr-diff,chunkedmul.circom,ChunkedMul,sum[14]:lt[17].in:out[17],Yes
zksolid-paper/benchmarks/ed25519-099d19c/point-addition51,wit-constr-diff,chunkedmul.circom,ChunkedMul,sum[14]:lt[19].in:out[19],Yes
zksolid-paper/benchmarks/ed25519-099d19c/point-addition51,wit-constr-diff,chunkedmul.circom,ChunkedMul,sum[15]:lt[16].in:out[16],Yes
zksolid-paper/benchmarks/ed25519-099d19c/point-addition51,wit-constr-diff,chunkedmul.circom,ChunkedMul,sum[15]:lt[17].in:out[17],Yes
zksolid-paper/benchmarks/ed25519-099d19c/point-addition51,wit-constr-diff,chunkedmul.circom,ChunkedMul,sum[15]:lt[19].in:out[19],Yes
zksolid-paper/benchmarks/ed25519-099d19c/point-addition51,wit-constr-diff,chunkedmul.circom,ChunkedMul,sum[16]:lt[17].in:out[17],Yes
zksolid-paper/benchmarks/ed25519-099d19c/point-addition51,wit-constr-diff,chunkedmul.circom,ChunkedMul,sum[16]:lt[19].in:out[19],Yes
zksolid-paper/benchmarks/ed25519-099d19c/point-addition51,wit-constr-diff,chunkedmul.circom,ChunkedMul,sum[17]:lt[19].in:out[19],Yes
zksolid-paper/benchmarks/ed25519-099d19c/point-addition51,wit-constr-diff,chunkedmul.circom,ChunkedMul,sum[18]:lt[19].in:out[19],Yes
zksolid-paper/benchmarks/ed25519-099d19c/point-addition51,wit-constr-diff,chunkedmul.circom,ChunkedMul,sum[1]:lt[10].in:out[10],Yes
zksolid-paper/benchmarks/ed25519-099d19c/point-addition51,wit-constr-diff,chunkedmul.circom,ChunkedMul,sum[1]:lt[11].in:out[11],Yes
zksolid-paper/benchmarks/ed25519-099d19c/point-addition51,wit-constr-diff,chunkedmul.circom,ChunkedMul,sum[1]:lt[12].in:out[12],Yes
zksolid-paper/benchmarks/ed25519-099d19c/point-addition51,wit-constr-diff,chunkedmul.circom,ChunkedMul,sum[1]:lt[13].in:out[13],Yes
zksolid-paper/benchmarks/ed25519-099d19c/point-addition51,wit-constr-diff,chunkedmul.circom,ChunkedMul,sum[1]:lt[14].in:out[14],Yes
zksolid-paper/benchmarks/ed25519-099d19c/point-addition51,wit-constr-diff,chunkedmul.circom,ChunkedMul,sum[1]:lt[15].in:out[15],Yes
zksolid-paper/benchmarks/ed25519-099d19c/point-addition51,wit-constr-diff,chunkedmul.circom,ChunkedMul,sum[1]:lt[16].in:out[16],Yes
zksolid-paper/benchmarks/ed25519-099d19c/point-addition51,wit-constr-diff,chunkedmul.circom,ChunkedMul,sum[1]:lt[17].in:out[17],Yes
zksolid-paper/benchmarks/ed25519-099d19c/point-addition51,wit-constr-diff,chunkedmul.circom,ChunkedMul,sum[1]:lt[19].in:out[19],Yes
zksolid-paper/benchmarks/ed25519-099d19c/point-addition51,wit-constr-diff,chunkedmul.circom,ChunkedMul,sum[1]:lt[2].in:out[2],Yes
zksolid-paper/benchmarks/ed25519-099d19c/point-addition51,wit-constr-diff,chunkedmul.circom,ChunkedMul,sum[1]:lt[3].in:out[3],Yes
zksolid-paper/benchmarks/ed25519-099d19c/point-addition51,wit-constr-diff,chunkedmul.circom,ChunkedMul,sum[1]:lt[4].in:out[4],Yes
zksolid-paper/benchmarks/ed25519-099d19c/point-addition51,wit-constr-diff,chunkedmul.circom,ChunkedMul,sum[1]:lt[5].in:out[5],Yes
zksolid-paper/benchmarks/ed25519-099d19c/point-addition51,wit-constr-diff,chunkedmul.circom,ChunkedMul,sum[1]:lt[6].in:out[6],Yes
zksolid-paper/benchmarks/ed25519-099d19c/point-addition51,wit-constr-diff,chunkedmul.circom,ChunkedMul,sum[1]:lt[7].in:out[7],Yes
zksolid-paper/benchmarks/ed25519-099d19c/point-addition51,wit-constr-diff,chunkedmul.circom,ChunkedMul,sum[1]:lt[8].in:out[8],Yes
zksolid-paper/benchmarks/ed25519-099d19c/point-addition51,wit-constr-diff,chunkedmul.circom,ChunkedMul,sum[1]:lt[9].in:out[9],Yes
zksolid-paper/benchmarks/ed25519-099d19c/point-addition51,wit-constr-diff,chunkedmul.circom,ChunkedMul,sum[2]:lt[10].in:out[10],Yes
zksolid-paper/benchmarks/ed25519-099d19c/point-addition51,wit-constr-diff,chunkedmul.circom,ChunkedMul,sum[2]:lt[11].in:out[11],Yes
zksolid-paper/benchmarks/ed25519-099d19c/point-addition51,wit-constr-diff,chunkedmul.circom,ChunkedMul,sum[2]:lt[12].in:out[12],Yes
zksolid-paper/benchmarks/ed25519-099d19c/point-addition51,wit-constr-diff,chunkedmul.circom,ChunkedMul,sum[2]:lt[13].in:out[13],Yes
zksolid-paper/benchmarks/ed25519-099d19c/point-addition51,wit-constr-diff,chunkedmul.circom,ChunkedMul,sum[2]:lt[14].in:out[14],Yes
zksolid-paper/benchmarks/ed25519-099d19c/point-addition51,wit-constr-diff,chunkedmul.circom,ChunkedMul,sum[2]:lt[15].in:out[15],Yes
zksolid-paper/benchmarks/ed25519-099d19c/point-addition51,wit-constr-diff,chunkedmul.circom,ChunkedMul,sum[2]:lt[16].in:out[16],Yes
zksolid-paper/benchmarks/ed25519-099d19c/point-addition51,wit-constr-diff,chunkedmul.circom,ChunkedMul,sum[2]:lt[17].in:out[17],Yes
zksolid-paper/benchmarks/ed25519-099d19c/point-addition51,wit-constr-diff,chunkedmul.circom,ChunkedMul,sum[2]:lt[19].in:out[19],Yes
zksolid-paper/benchmarks/ed25519-099d19c/point-addition51,wit-constr-diff,chunkedmul.circom,ChunkedMul,sum[2]:lt[3].in:out[3],Yes
zksolid-paper/benchmarks/ed25519-099d19c/point-addition51,wit-constr-diff,chunkedmul.circom,ChunkedMul,sum[2]:lt[4].in:out[4],Yes
zksolid-paper/benchmarks/ed25519-099d19c/point-addition51,wit-constr-diff,chunkedmul.circom,ChunkedMul,sum[2]:lt[5].in:out[5],Yes
zksolid-paper/benchmarks/ed25519-099d19c/point-addition51,wit-constr-diff,chunkedmul.circom,ChunkedMul,sum[2]:lt[6].in:out[6],Yes
zksolid-paper/benchmarks/ed25519-099d19c/point-addition51,wit-constr-diff,chunkedmul.circom,ChunkedMul,sum[2]:lt[7].in:out[7],Yes
zksolid-paper/benchmarks/ed25519-099d19c/point-addition51,wit-constr-diff,chunkedmul.circom,ChunkedMul,sum[2]:lt[8].in:out[8],Yes
zksolid-paper/benchmarks/ed25519-099d19c/point-addition51,wit-constr-diff,chunkedmul.circom,ChunkedMul,sum[2]:lt[9].in:out[9],Yes
zksolid-paper/benchmarks/ed25519-099d19c/point-addition51,wit-constr-diff,chunkedmul.circom,ChunkedMul,sum[3]:lt[10].in:out[10],Yes
zksolid-paper/benchmarks/ed25519-099d19c/point-addition51,wit-constr-diff,chunkedmul.circom,ChunkedMul,sum[3]:lt[11].in:out[11],Yes
zksolid-paper/benchmarks/ed25519-099d19c/point-addition51,wit-constr-diff,chunkedmul.circom,ChunkedMul,sum[3]:lt[12].in:out[12],Yes
zksolid-paper/benchmarks/ed25519-099d19c/point-addition51,wit-constr-diff,chunkedmul.circom,ChunkedMul,sum[3]:lt[13].in:out[13],Yes
zksolid-paper/benchmarks/ed25519-099d19c/point-addition51,wit-constr-diff,chunkedmul.circom,ChunkedMul,sum[3]:lt[14].in:out[14],Yes
zksolid-paper/benchmarks/ed25519-099d19c/point-addition51,wit-constr-diff,chunkedmul.circom,ChunkedMul,sum[3]:lt[15].in:out[15],Yes
zksolid-paper/benchmarks/ed25519-099d19c/point-addition51,wit-constr-diff,chunkedmul.circom,ChunkedMul,sum[3]:lt[16].in:out[16],Yes
zksolid-paper/benchmarks/ed25519-099d19c/point-addition51,wit-constr-diff,chunkedmul.circom,ChunkedMul,sum[3]:lt[17].in:out[17],Yes
zksolid-paper/benchmarks/ed25519-099d19c/point-addition51,wit-constr-diff,chunkedmul.circom,ChunkedMul,sum[3]:lt[19].in:out[19],Yes
zksolid-paper/benchmarks/ed25519-099d19c/point-addition51,wit-constr-diff,chunkedmul.circom,ChunkedMul,sum[3]:lt[4].in:out[4],Yes
zksolid-paper/benchmarks/ed25519-099d19c/point-addition51,wit-constr-diff,chunkedmul.circom,ChunkedMul,sum[3]:lt[5].in:out[5],Yes
zksolid-paper/benchmarks/ed25519-099d19c/point-addition51,wit-constr-diff,chunkedmul.circom,ChunkedMul,sum[3]:lt[6].in:out[6],Yes
zksolid-paper/benchmarks/ed25519-099d19c/point-addition51,wit-constr-diff,chunkedmul.circom,ChunkedMul,sum[3]:lt[7].in:out[7],Yes
zksolid-paper/benchmarks/ed25519-099d19c/point-addition51,wit-constr-diff,chunkedmul.circom,ChunkedMul,sum[3]:lt[8].in:out[8],Yes
zksolid-paper/benchmarks/ed25519-099d19c/point-addition51,wit-constr-diff,chunkedmul.circom,ChunkedMul,sum[3]:lt[9].in:out[9],Yes
zksolid-paper/benchmarks/ed25519-099d19c/point-addition51,wit-constr-diff,chunkedmul.circom,ChunkedMul,sum[4]:lt[10].in:out[10],Yes
zksolid-paper/benchmarks/ed25519-099d19c/point-addition51,wit-constr-diff,chunkedmul.circom,ChunkedMul,sum[4]:lt[11].in:out[11],Yes
zksolid-paper/benchmarks/ed25519-099d19c/point-addition51,wit-constr-diff,chunkedmul.circom,ChunkedMul,sum[4]:lt[12].in:out[12],Yes
zksolid-paper/benchmarks/ed25519-099d19c/point-addition51,wit-constr-diff,chunkedmul.circom,ChunkedMul,sum[4]:lt[13].in:out[13],Yes
zksolid-paper/benchmarks/ed25519-099d19c/point-addition51,wit-constr-diff,chunkedmul.circom,ChunkedMul,sum[4]:lt[14].in:out[14],Yes
zksolid-paper/benchmarks/ed25519-099d19c/point-addition51,wit-constr-diff,chunkedmul.circom,ChunkedMul,sum[4]:lt[15].in:out[15],Yes
zksolid-paper/benchmarks/ed25519-099d19c/point-addition51,wit-constr-diff,chunkedmul.circom,ChunkedMul,sum[4]:lt[16].in:out[16],Yes
zksolid-paper/benchmarks/ed25519-099d19c/point-addition51,wit-constr-diff,chunkedmul.circom,ChunkedMul,sum[4]:lt[17].in:out[17],Yes
zksolid-paper/benchmarks/ed25519-099d19c/point-addition51,wit-constr-diff,chunkedmul.circom,ChunkedMul,sum[4]:lt[19].in:out[19],Yes
zksolid-paper/benchmarks/ed25519-099d19c/point-addition51,wit-constr-diff,chunkedmul.circom,ChunkedMul,sum[4]:lt[5].in:out[5],Yes
zksolid-paper/benchmarks/ed25519-099d19c/point-addition51,wit-constr-diff,chunkedmul.circom,ChunkedMul,sum[4]:lt[6].in:out[6],Yes
zksolid-paper/benchmarks/ed25519-099d19c/point-addition51,wit-constr-diff,chunkedmul.circom,ChunkedMul,sum[4]:lt[7].in:out[7],Yes
zksolid-paper/benchmarks/ed25519-099d19c/point-addition51,wit-constr-diff,chunkedmul.circom,ChunkedMul,sum[4]:lt[8].in:out[8],Yes
zksolid-paper/benchmarks/ed25519-099d19c/point-addition51,wit-constr-diff,chunkedmul.circom,ChunkedMul,sum[4]:lt[9].in:out[9],Yes
zksolid-paper/benchmarks/ed25519-099d19c/point-addition51,wit-constr-diff,chunkedmul.circom,ChunkedMul,sum[5]:lt[10].in:out[10],Yes
zksolid-paper/benchmarks/ed25519-099d19c/point-addition51,wit-constr-diff,chunkedmul.circom,ChunkedMul,sum[5]:lt[11].in:out[11],Yes
zksolid-paper/benchmarks/ed25519-099d19c/point-addition51,wit-constr-diff,chunkedmul.circom,ChunkedMul,sum[5]:lt[12].in:out[12],Yes
zksolid-paper/benchmarks/ed25519-099d19c/point-addition51,wit-constr-diff,chunkedmul.circom,ChunkedMul,sum[5]:lt[13].in:out[13],Yes
zksolid-paper/benchmarks/ed25519-099d19c/point-addition51,wit-constr-diff,chunkedmul.circom,ChunkedMul,sum[5]:lt[14].in:out[14],Yes
zksolid-paper/benchmarks/ed25519-099d19c/point-addition51,wit-constr-diff,chunkedmul.circom,ChunkedMul,sum[5]:lt[15].in:out[15],Yes
zksolid-paper/benchmarks/ed25519-099d19c/point-addition51,wit-constr-diff,chunkedmul.circom,ChunkedMul,sum[5]:lt[16].in:out[16],Yes
zksolid-paper/benchmarks/ed25519-099d19c/point-addition51,wit-constr-diff,chunkedmul.circom,ChunkedMul,sum[5]:lt[17].in:out[17],Yes
zksolid-paper/benchmarks/ed25519-099d19c/point-addition51,wit-constr-diff,chunkedmul.circom,ChunkedMul,sum[5]:lt[19].in:out[19],Yes
zksolid-paper/benchmarks/ed25519-099d19c/point-addition51,wit-constr-diff,chunkedmul.circom,ChunkedMul,sum[5]:lt[6].in:out[6],Yes
zksolid-paper/benchmarks/ed25519-099d19c/point-addition51,wit-constr-diff,chunkedmul.circom,ChunkedMul,sum[5]:lt[7].in:out[7],Yes
zksolid-paper/benchmarks/ed25519-099d19c/point-addition51,wit-constr-diff,chunkedmul.circom,ChunkedMul,sum[5]:lt[8].in:out[8],Yes
zksolid-paper/benchmarks/ed25519-099d19c/point-addition51,wit-constr-diff,chunkedmul.circom,ChunkedMul,sum[5]:lt[9].in:out[9],Yes
zksolid-paper/benchmarks/ed25519-099d19c/point-addition51,wit-constr-diff,chunkedmul.circom,ChunkedMul,sum[6]:lt[10].in:out[10],Yes
zksolid-paper/benchmarks/ed25519-099d19c/point-addition51,wit-constr-diff,chunkedmul.circom,ChunkedMul,sum[6]:lt[11].in:out[11],Yes
zksolid-paper/benchmarks/ed25519-099d19c/point-addition51,wit-constr-diff,chunkedmul.circom,ChunkedMul,sum[6]:lt[12].in:out[12],Yes
zksolid-paper/benchmarks/ed25519-099d19c/point-addition51,wit-constr-diff,chunkedmul.circom,ChunkedMul,sum[6]:lt[13].in:out[13],Yes
zksolid-paper/benchmarks/ed25519-099d19c/point-addition51,wit-constr-diff,chunkedmul.circom,ChunkedMul,sum[6]:lt[14].in:out[14],Yes
zksolid-paper/benchmarks/ed25519-099d19c/point-addition51,wit-constr-diff,chunkedmul.circom,ChunkedMul,sum[6]:lt[15].in:out[15],Yes
zksolid-paper/benchmarks/ed25519-099d19c/point-addition51,wit-constr-diff,chunkedmul.circom,ChunkedMul,sum[6]:lt[16].in:out[16],Yes
zksolid-paper/benchmarks/ed25519-099d19c/point-addition51,wit-constr-diff,chunkedmul.circom,ChunkedMul,sum[6]:lt[17].in:out[17],Yes
zksolid-paper/benchmarks/ed25519-099d19c/point-addition51,wit-constr-diff,chunkedmul.circom,ChunkedMul,sum[6]:lt[19].in:out[19],Yes
zksolid-paper/benchmarks/ed25519-099d19c/point-addition51,wit-constr-diff,chunkedmul.circom,ChunkedMul,sum[6]:lt[7].in:out[7],Yes
zksolid-paper/benchmarks/ed25519-099d19c/point-addition51,wit-constr-diff,chunkedmul.circom,ChunkedMul,sum[6]:lt[8].in:out[8],Yes
zksolid-paper/benchmarks/ed25519-099d19c/point-addition51,wit-constr-diff,chunkedmul.circom,ChunkedMul,sum[6]:lt[9].in:out[9],Yes
zksolid-paper/benchmarks/ed25519-099d19c/point-addition51,wit-constr-diff,chunkedmul.circom,ChunkedMul,sum[7]:lt[10].in:out[10],Yes
zksolid-paper/benchmarks/ed25519-099d19c/point-addition51,wit-constr-diff,chunkedmul.circom,ChunkedMul,sum[7]:lt[11].in:out[11],Yes
zksolid-paper/benchmarks/ed25519-099d19c/point-addition51,wit-constr-diff,chunkedmul.circom,ChunkedMul,sum[7]:lt[12].in:out[12],Yes
zksolid-paper/benchmarks/ed25519-099d19c/point-addition51,wit-constr-diff,chunkedmul.circom,ChunkedMul,sum[7]:lt[13].in:out[13],Yes
zksolid-paper/benchmarks/ed25519-099d19c/point-addition51,wit-constr-diff,chunkedmul.circom,ChunkedMul,sum[7]:lt[14].in:out[14],Yes
zksolid-paper/benchmarks/ed25519-099d19c/point-addition51,wit-constr-diff,chunkedmul.circom,ChunkedMul,sum[7]:lt[15].in:out[15],Yes
zksolid-paper/benchmarks/ed25519-099d19c/point-addition51,wit-constr-diff,chunkedmul.circom,ChunkedMul,sum[7]:lt[16].in:out[16],Yes
zksolid-paper/benchmarks/ed25519-099d19c/point-addition51,wit-constr-diff,chunkedmul.circom,ChunkedMul,sum[7]:lt[17].in:out[17],Yes
zksolid-paper/benchmarks/ed25519-099d19c/point-addition51,wit-constr-diff,chunkedmul.circom,ChunkedMul,sum[7]:lt[19].in:out[19],Yes
zksolid-paper/benchmarks/ed25519-099d19c/point-addition51,wit-constr-diff,chunkedmul.circom,ChunkedMul,sum[7]:lt[8].in:out[8],Yes
zksolid-paper/benchmarks/ed25519-099d19c/point-addition51,wit-constr-diff,chunkedmul.circom,ChunkedMul,sum[7]:lt[9].in:out[9],Yes
zksolid-paper/benchmarks/ed25519-099d19c/point-addition51,wit-constr-diff,chunkedmul.circom,ChunkedMul,sum[8]:lt[10].in:out[10],Yes
zksolid-paper/benchmarks/ed25519-099d19c/point-addition51,wit-constr-diff,chunkedmul.circom,ChunkedMul,sum[8]:lt[11].in:out[11],Yes
zksolid-paper/benchmarks/ed25519-099d19c/point-addition51,wit-constr-diff,chunkedmul.circom,ChunkedMul,sum[8]:lt[12].in:out[12],Yes
zksolid-paper/benchmarks/ed25519-099d19c/point-addition51,wit-constr-diff,chunkedmul.circom,ChunkedMul,sum[8]:lt[13].in:out[13],Yes
zksolid-paper/benchmarks/ed25519-099d19c/point-addition51,wit-constr-diff,chunkedmul.circom,ChunkedMul,sum[8]:lt[14].in:out[14],Yes
zksolid-paper/benchmarks/ed25519-099d19c/point-addition51,wit-constr-diff,chunkedmul.circom,ChunkedMul,sum[8]:lt[15].in:out[15],Yes
zksolid-paper/benchmarks/ed25519-099d19c/point-addition51,wit-constr-diff,chunkedmul.circom,ChunkedMul,sum[8]:lt[16].in:out[16],Yes
zksolid-paper/benchmarks/ed25519-099d19c/point-addition51,wit-constr-diff,chunkedmul.circom,ChunkedMul,sum[8]:lt[17].in:out[17],Yes
zksolid-paper/benchmarks/ed25519-099d19c/point-addition51,wit-constr-diff,chunkedmul.circom,ChunkedMul,sum[8]:lt[19].in:out[19],Yes
zksolid-paper/benchmarks/ed25519-099d19c/point-addition51,wit-constr-diff,chunkedmul.circom,ChunkedMul,sum[8]:lt[9].in:out[9],Yes
zksolid-paper/benchmarks/ed25519-099d19c/point-addition51,wit-constr-diff,chunkedmul.circom,ChunkedMul,sum[9]:lt[10].in:out[10],Yes
zksolid-paper/benchmarks/ed25519-099d19c/point-addition51,wit-constr-diff,chunkedmul.circom,ChunkedMul,sum[9]:lt[11].in:out[11],Yes
zksolid-paper/benchmarks/ed25519-099d19c/point-addition51,wit-constr-diff,chunkedmul.circom,ChunkedMul,sum[9]:lt[12].in:out[12],Yes
zksolid-paper/benchmarks/ed25519-099d19c/point-addition51,wit-constr-diff,chunkedmul.circom,ChunkedMul,sum[9]:lt[13].in:out[13],Yes
zksolid-paper/benchmarks/ed25519-099d19c/point-addition51,wit-constr-diff,chunkedmul.circom,ChunkedMul,sum[9]:lt[14].in:out[14],Yes
zksolid-paper/benchmarks/ed25519-099d19c/point-addition51,wit-constr-diff,chunkedmul.circom,ChunkedMul,sum[9]:lt[15].in:out[15],Yes
zksolid-paper/benchmarks/ed25519-099d19c/point-addition51,wit-constr-diff,chunkedmul.circom,ChunkedMul,sum[9]:lt[16].in:out[16],Yes
zksolid-paper/benchmarks/ed25519-099d19c/point-addition51,wit-constr-diff,chunkedmul.circom,ChunkedMul,sum[9]:lt[17].in:out[17],Yes
zksolid-paper/benchmarks/ed25519-099d19c/point-addition51,wit-constr-diff,chunkedmul.circom,ChunkedMul,sum[9]:lt[19].in:out[19],Yes
zksolid-paper/benchmarks/ed25519-099d19c/point-addition51,wit-constr-diff,lt.circom,LessThanBounded,in[0]:out,Yes
zksolid-paper/benchmarks/ed25519-099d19c/point-addition51,wit-constr-diff,lt.circom,LessThanBounded,in[1]:out,Yes
zksolid-paper/benchmarks/ed25519-099d19c/point-addition51,wit-constr-diff,lt.circom,LessThanPower,in:out,Yes
zksolid-paper/benchmarks/ed25519-099d19c/pointcompress,non-det-wit,lt.circom,LessThanBounded,in[0..2],Yes
zksolid-paper/benchmarks/ed25519-099d19c/pointcompress,non-det-wit,lt.circom,LessThanPower,in,Yes
zksolid-paper/benchmarks/ed25519-099d19c/pointcompress,uc-inputs,pointcompress.circom,PointCompress,P[9..12],Yes
zksolid-paper/benchmarks/ed25519-099d19c/pointcompress,uc-outputs,chunkedmul.circom,ChunkedMul,out[1],Yes
zksolid-paper/benchmarks/ed25519-099d19c/pointcompress,uc-outputs,chunkedmul.circom,ChunkedMul,out[3],Yes
zksolid-paper/benchmarks/ed25519-099d19c/pointcompress,uc-outputs,chunkedmul.circom,ChunkedMul,out[5],Yes
zksolid-paper/benchmarks/ed25519-099d19c/pointcompress,uc-outputs,lt.circom,LessThanBounded,out,Yes
zksolid-paper/benchmarks/ed25519-099d19c/pointcompress,uc-outputs,lt.circom,LessThanPower,out,Yes
zksolid-paper/benchmarks/ed25519-099d19c/pointcompress,uc-outputs,pointcompress.circom,PointCompress,out[255],Yes
zksolid-paper/benchmarks/ed25519-099d19c/pointcompress,uc-subcmp-outputs,modulus.circom,ModulusAgainst2PChunked51,mux.out[3],Yes
zksolid-paper/benchmarks/ed25519-099d19c/pointcompress,uc-subcmp-outputs,pointcompress.circom,PointCompress,mod_x.out[1..3],Yes
zksolid-paper/benchmarks/ed25519-099d19c/pointcompress,wit-constr-diff,chunkedmul.circom,ChunkedMul,carry[0]:lt[1].in:out[1],Yes
zksolid-paper/benchmarks/ed25519-099d19c/pointcompress,wit-constr-diff,chunkedmul.circom,ChunkedMul,carry[0]:lt[3].in:out[3],Yes
zksolid-paper/benchmarks/ed25519-099d19c/pointcompress,wit-constr-diff,chunkedmul.circom,ChunkedMul,carry[0]:lt[5].in:out[5],Yes
zksolid-paper/benchmarks/ed25519-099d19c/pointcompress,wit-constr-diff,chunkedmul.circom,ChunkedMul,carry[1]:lt[1].in:out[1],Yes
zksolid-paper/benchmarks/ed25519-099d19c/pointcompress,wit-constr-diff,chunkedmul.circom,ChunkedMul,carry[1]:lt[3].in:out[3],Yes
zksolid-paper/benchmarks/ed25519-099d19c/pointcompress,wit-constr-diff,chunkedmul.circom,ChunkedMul,carry[1]:lt[5].in:out[5],Yes
zksolid-paper/benchmarks/ed25519-099d19c/pointcompress,wit-constr-diff,chunkedmul.circom,ChunkedMul,carry[2]:lt[3].in:out[3],Yes
zksolid-paper/benchmarks/ed25519-099d19c/pointcompress,wit-constr-diff,chunkedmul.circom,ChunkedMul,carry[2]:lt[5].in:out[5],Yes
zksolid-paper/benchmarks/ed25519-099d19c/pointcompress,wit-constr-diff,chunkedmul.circom,ChunkedMul,carry[3]:lt[3].in:out[3],Yes
zksolid-paper/benchmarks/ed25519-099d19c/pointcompress,wit-constr-diff,chunkedmul.circom,ChunkedMul,carry[3]:lt[5].in:out[5],Yes
zksolid-paper/benchmarks/ed25519-099d19c/pointcompress,wit-constr-diff,chunkedmul.circom,ChunkedMul,carry[4]:lt[5].in:out[5],Yes
zksolid-paper/benchmarks/ed25519-099d19c/pointcompress,wit-constr-diff,chunkedmul.circom,ChunkedMul,carry[5]:lt[5].in:out[5],Yes
zksolid-paper/benchmarks/ed25519-099d19c/pointcompress,wit-constr-diff,chunkedmul.circom,ChunkedMul,in1[0]:lt[1].in:out[1],Yes
zksolid-paper/benchmarks/ed25519-099d19c/pointcompress,wit-constr-diff,chunkedmul.circom,ChunkedMul,in1[0]:lt[3].in:out[3],Yes
zksolid-paper/benchmarks/ed25519-099d19c/pointcompress,wit-constr-diff,chunkedmul.circom,ChunkedMul,in1[0]:lt[5].in:out[5],Yes
zksolid-paper/benchmarks/ed25519-099d19c/pointcompress,wit-constr-diff,chunkedmul.circom,ChunkedMul,in1[1]:lt[3].in:out[3],Yes
zksolid-paper/benchmarks/ed25519-099d19c/pointcompress,wit-constr-diff,chunkedmul.circom,ChunkedMul,in1[1]:lt[5].in:out[5],Yes
zksolid-paper/benchmarks/ed25519-099d19c/pointcompress,wit-constr-diff,chunkedmul.circom,ChunkedMul,in1[2]:lt[3].in:out[3],Yes
zksolid-paper/benchmarks/ed25519-099d19c/pointcompress,wit-constr-diff,chunkedmul.circom,ChunkedMul,in1[2]:lt[5].in:out[5],Yes
zksolid-paper/benchmarks/ed25519-099d19c/pointcompress,wit-constr-diff,chunkedmul.circom,ChunkedMul,in2[0]:lt[1].in:out[1],Yes
zksolid-paper/benchmarks/ed25519-099d19c/pointcompress,wit-constr-diff,chunkedmul.circom,ChunkedMul,in2[0]:lt[3].in:out[3],Yes
zksolid-paper/benchmarks/ed25519-099d19c/pointcompress,wit-constr-diff,chunkedmul.circom,ChunkedMul,in2[0]:lt[5].in:out[5],Yes
zksolid-paper/benchmarks/ed25519-099d19c/pointcompress,wit-constr-diff,chunkedmul.circom,ChunkedMul,in2[1]:lt[5].in:out[5],Yes
zksolid-paper/benchmarks/ed25519-099d19c/pointcompress,wit-constr-diff,chunkedmul.circom,ChunkedMul,in2[2]:lt[5].in:out[5],Yes
zksolid-paper/benchmarks/ed25519-099d19c/pointcompress,wit-constr-diff,chunkedmul.circom,ChunkedMul,pp[0]:lt[1].in:out[1],Yes
zksolid-paper/benchmarks/ed25519-099d19c/pointcompress,wit-constr-diff,chunkedmul.circom,ChunkedMul,pp[0]:lt[3].in:out[3],Yes
zksolid-paper/benchmarks/ed25519-099d19c/pointcompress,wit-constr-diff,chunkedmul.circom,ChunkedMul,pp[0]:lt[5].in:out[5],Yes
zksolid-paper/benchmarks/ed25519-099d19c/pointcompress,wit-constr-diff,chunkedmul.circom,ChunkedMul,pp[10]:lt[5].in:out[5],Yes
zksolid-paper/benchmarks/ed25519-099d19c/pointcompress,wit-constr-diff,chunkedmul.circom,ChunkedMul,pp[11]:lt[5].in:out[5],Yes
zksolid-paper/benchmarks/ed25519-099d19c/pointcompress,wit-constr-diff,chunkedmul.circom,ChunkedMul,pp[12]:lt[5].in:out[5],Yes
zksolid-paper/benchmarks/ed25519-099d19c/pointcompress,wit-constr-diff,chunkedmul.circom,ChunkedMul,pp[13]:lt[5].in:out[5],Yes
zksolid-paper/benchmarks/ed25519-099d19c/pointcompress,wit-constr-diff,chunkedmul.circom,ChunkedMul,pp[14]:lt[5].in:out[5],Yes
zksolid-paper/benchmarks/ed25519-099d19c/pointcompress,wit-constr-diff,chunkedmul.circom,ChunkedMul,pp[1]:lt[3].in:out[3],Yes
zksolid-paper/benchmarks/ed25519-099d19c/pointcompress,wit-constr-diff,chunkedmul.circom,ChunkedMul,pp[1]:lt[5].in:out[5],Yes
zksolid-paper/benchmarks/ed25519-099d19c/pointcompress,wit-constr-diff,chunkedmul.circom,ChunkedMul,pp[2]:lt[3].in:out[3],Yes
zksolid-paper/benchmarks/ed25519-099d19c/pointcompress,wit-constr-diff,chunkedmul.circom,ChunkedMul,pp[2]:lt[5].in:out[5],Yes
zksolid-paper/benchmarks/ed25519-099d19c/pointcompress,wit-constr-diff,chunkedmul.circom,ChunkedMul,pp[3]:lt[5].in:out[5],Yes
zksolid-paper/benchmarks/ed25519-099d19c/pointcompress,wit-constr-diff,chunkedmul.circom,ChunkedMul,pp[4]:lt[5].in:out[5],Yes
zksolid-paper/benchmarks/ed25519-099d19c/pointcompress,wit-constr-diff,chunkedmul.circom,ChunkedMul,pp[5]:lt[5].in:out[5],Yes
zksolid-paper/benchmarks/ed25519-099d19c/pointcompress,wit-constr-diff,chunkedmul.circom,ChunkedMul,pp[6]:lt[5].in:out[5],Yes
zksolid-paper/benchmarks/ed25519-099d19c/pointcompress,wit-constr-diff,chunkedmul.circom,ChunkedMul,pp[7]:lt[5].in:out[5],Yes
zksolid-paper/benchmarks/ed25519-099d19c/pointcompress,wit-constr-diff,chunkedmul.circom,ChunkedMul,pp[8]:lt[5].in:out[5],Yes
zksolid-paper/benchmarks/ed25519-099d19c/pointcompress,wit-constr-diff,chunkedmul.circom,ChunkedMul,pp[9]:lt[5].in:out[5],Yes
zksolid-paper/benchmarks/ed25519-099d19c/pointcompress,wit-constr-diff,chunkedmul.circom,ChunkedMul,sum[0]:lt[1].in:out[1],Yes
zksolid-paper/benchmarks/ed25519-099d19c/pointcompress,wit-constr-diff,chunkedmul.circom,ChunkedMul,sum[0]:lt[3].in:out[3],Yes
zksolid-paper/benchmarks/ed25519-099d19c/pointcompress,wit-constr-diff,chunkedmul.circom,ChunkedMul,sum[0]:lt[5].in:out[5],Yes
zksolid-paper/benchmarks/ed25519-099d19c/pointcompress,wit-constr-diff,chunkedmul.circom,ChunkedMul,sum[1]:lt[3].in:out[3],Yes
zksolid-paper/benchmarks/ed25519-099d19c/pointcompress,wit-constr-diff,chunkedmul.circom,ChunkedMul,sum[1]:lt[5].in:out[5],Yes
zksolid-paper/benchmarks/ed25519-099d19c/pointcompress,wit-constr-diff,chunkedmul.circom,ChunkedMul,sum[2]:lt[3].in:out[3],Yes
zksolid-paper/benchmarks/ed25519-099d19c/pointcompress,wit-constr-diff,chunkedmul.circom,ChunkedMul,sum[2]:lt[5].in:out[5],Yes
zksolid-paper/benchmarks/ed25519-099d19c/pointcompress,wit-constr-diff,chunkedmul.circom,ChunkedMul,sum[3]:lt[5].in:out[5],Yes
zksolid-paper/benchmarks/ed25519-099d19c/pointcompress,wit-constr-diff,chunkedmul.circom,ChunkedMul,sum[4]:lt[5].in:out[5],Yes
zksolid-paper/benchmarks/ed25519-099d19c/pointcompress,wit-constr-diff,lt.circom,LessThanBounded,in[0]:out,Yes
zksolid-paper/benchmarks/ed25519-099d19c/pointcompress,wit-constr-diff,lt.circom,LessThanBounded,in[1]:out,Yes
zksolid-paper/benchmarks/ed25519-099d19c/pointcompress,wit-constr-diff,lt.circom,LessThanPower,in:out,Yes
zksolid-paper/benchmarks/ed25519-099d19c/pointcompress,wit-constr-diff,pointcompress.circom,PointCompress,mod_x.out[0]:out[255],Yes
zksolid-paper/benchmarks/ed25519-099d19c/scalarmul,non-det-wit,lt.circom,LessThanBounded,in[0..2],Yes
zksolid-paper/benchmarks/ed25519-099d19c/scalarmul,non-det-wit,lt.circom,LessThanPower,in,Yes
zksolid-paper/benchmarks/ed25519-099d19c/scalarmul,uc-outputs,chunkedmul.circom,ChunkedMul,out[0],Yes
zksolid-paper/benchmarks/ed25519-099d19c/scalarmul,uc-outputs,chunkedmul.circom,ChunkedMul,out[10],Yes
zksolid-paper/benchmarks/ed25519-099d19c/scalarmul,uc-outputs,chunkedmul.circom,ChunkedMul,out[11],Yes
zksolid-paper/benchmarks/ed25519-099d19c/scalarmul,uc-outputs,chunkedmul.circom,ChunkedMul,out[12],Yes
zksolid-paper/benchmarks/ed25519-099d19c/scalarmul,uc-outputs,chunkedmul.circom,ChunkedMul,out[13],Yes
zksolid-paper/benchmarks/ed25519-099d19c/scalarmul,uc-outputs,chunkedmul.circom,ChunkedMul,out[14],Yes
zksolid-paper/benchmarks/ed25519-099d19c/scalarmul,uc-outputs,chunkedmul.circom,ChunkedMul,out[15],Yes
zksolid-paper/benchmarks/ed25519-099d19c/scalarmul,uc-outputs,chunkedmul.circom,ChunkedMul,out[16],Yes
zksolid-paper/benchmarks/ed25519-099d19c/scalarmul,uc-outputs,chunkedmul.circom,ChunkedMul,out[17],Yes
zksolid-paper/benchmarks/ed25519-099d19c/scalarmul,uc-outputs,chunkedmul.circom,ChunkedMul,out[19],Yes
zksolid-paper/benchmarks/ed25519-099d19c/scalarmul,uc-outputs,chunkedmul.circom,ChunkedMul,out[1],Yes
zksolid-paper/benchmarks/ed25519-099d19c/scalarmul,uc-outputs,chunkedmul.circom,ChunkedMul,out[2],Yes
zksolid-paper/benchmarks/ed25519-099d19c/scalarmul,uc-outputs,chunkedmul.circom,ChunkedMul,out[3],Yes
zksolid-paper/benchmarks/ed25519-099d19c/scalarmul,uc-outputs,chunkedmul.circom,ChunkedMul,out[4],Yes
zksolid-paper/benchmarks/ed25519-099d19c/scalarmul,uc-outputs,chunkedmul.circom,ChunkedMul,out[5],Yes
zksolid-paper/benchmarks/ed25519-099d19c/scalarmul,uc-outputs,chunkedmul.circom,ChunkedMul,out[6],Yes
zksolid-paper/benchmarks/ed25519-099d19c/scalarmul,uc-outputs,chunkedmul.circom,ChunkedMul,out[7],Yes
zksolid-paper/benchmarks/ed25519-099d19c/scalarmul,uc-outputs,chunkedmul.circom,ChunkedMul,out[8],Yes
zksolid-paper/benchmarks/ed25519-099d19c/scalarmul,uc-outputs,chunkedmul.circom,ChunkedMul,out[9],Yes
zksolid-paper/benchmarks/ed25519-099d19c/scalarmul,uc-outputs,lt.circom,LessThanBounded,out,Yes
zksolid-paper/benchmarks/ed25519-099d19c/scalarmul,uc-outputs,lt.circom,LessThanPower,out,Yes
zksolid-paper/benchmarks/ed25519-099d19c/scalarmul,uc-subcmp-outputs,modulus.circom,ModulusAgainst2PChunked51,mux.out[3],Yes
zksolid-paper/benchmarks/ed25519-099d19c/scalarmul,uc-subcmp-outputs,scalarmul.circom,ScalarMul,bits[253].dblOut[0..12],Yes
zksolid-paper/benchmarks/ed25519-099d19c/scalarmul,uc-subcmp-outputs,scalarmul.circom,ScalarMul,sub_t.underflow,Yes
zksolid-paper/benchmarks/ed25519-099d19c/scalarmul,uc-subcmp-outputs,scalarmul.circom,ScalarMul,sub_x.underflow,Yes
zksolid-paper/benchmarks/ed25519-099d19c/scalarmul,wit-constr-diff,chunkedmul.circom,ChunkedMul,carry[0]:lt[0].in:out[0],Yes
zksolid-paper/benchmarks/ed25519-099d19c/scalarmul,wit-constr-diff,chunkedmul.circom,ChunkedMul,carry[0]:lt[10].in:out[10],Yes
zksolid-paper/benchmarks/ed25519-099d19c/scalarmul,wit-constr-diff,chunkedmul.circom,ChunkedMul,carry[0]:lt[11].in:out[11],Yes
zksolid-paper/benchmarks/ed25519-099d19c/scalarmul,wit-constr-diff,chunkedmul.circom,ChunkedMul,carry[0]:lt[12].in:out[12],Yes
zksolid-paper/benchmarks/ed25519-099d19c/scalarmul,wit-constr-diff,chunkedmul.circom,ChunkedMul,carry[0]:lt[13].in:out[13],Yes
zksolid-paper/benchmarks/ed25519-099d19c/scalarmul,wit-constr-diff,chunkedmul.circom,ChunkedMul,carry[0]:lt[14].in:out[14],Yes
zksolid-paper/benchmarks/ed25519-099d19c/scalarmul,wit-constr-diff,chunkedmul.circom,ChunkedMul,carry[0]:lt[15].in:out[15],Yes
zksolid-paper/benchmarks/ed25519-099d19c/scalarmul,wit-constr-diff,chunkedmul.circom,ChunkedMul,carry[0]:lt[16].in:out[16],Yes
zksolid-paper/benchmarks/ed25519-099d19c/scalarmul,wit-constr-diff,chunkedmul.circom,ChunkedMul,carry[0]:lt[17].in:out[17],Yes
zksolid-paper/benchmarks/ed25519-099d19c/scalarmul,wit-constr-diff,chunkedmul.circom,ChunkedMul,carry[0]:lt[19].in:out[19],Yes
zksolid-paper/benchmarks/ed25519-099d19c/scalarmul,wit-constr-diff,chunkedmul.circom,ChunkedMul,carry[0]:lt[1].in:out[1],Yes
zksolid-paper/benchmarks/ed25519-099d19c/scalarmul,wit-constr-diff,chunkedmul.circom,ChunkedMul,carry[0]:lt[2].in:out[2],Yes
zksolid-paper/benchmarks/ed25519-099d19c/scalarmul,wit-constr-diff,chunkedmul.circom,ChunkedMul,carry[0]:lt[3].in:out[3],Yes
zksolid-paper/benchmarks/ed25519-099d19c/scalarmul,wit-constr-diff,chunkedmul.circom,ChunkedMul,carry[0]:lt[4].in:out[4],Yes
zksolid-paper/benchmarks/ed25519-099d19c/scalarmul,wit-constr-diff,chunkedmul.circom,ChunkedMul,carry[0]:lt[5].in:out[5],Yes
zksolid-paper/benchmarks/ed25519-099d19c/scalarmul,wit-constr-diff,chunkedmul.circom,ChunkedMul,carry[0]:lt[6].in:out[6],Yes
zksolid-paper/benchmarks/ed25519-099d19c/scalarmul,wit-constr-diff,chunkedmul.circom,ChunkedMul,carry[0]:lt[7].in:out[7],Yes
zksolid-paper/benchmarks/ed25519-099d19c/scalarmul,wit-constr-diff,chunkedmul.circom,ChunkedMul,carry[0]:lt[8].in:out[8],Yes
zksolid-paper/benchmarks/ed25519-099d19c/scalarmul,wit-constr-diff,chunkedmul.circom,ChunkedMul,carry[0]:lt[9].in:out[9],Yes
zksolid-paper/benchmarks/ed25519-099d19c/scalarmul,wit-constr-diff,chunkedmul.circom,ChunkedMul,carry[10]:lt[10].in:out[10],Yes
zksolid-paper/benchmarks/ed25519-099d19c/scalarmul,wit-constr-diff,chunkedmul.circom,ChunkedMul,carry[10]:lt[11].in:out[11],Yes
zksolid-paper/benchmarks/ed25519-099d19c/scalarmul,wit-constr-diff,chunkedmul.circom,ChunkedMul,carry[10]:lt[12].in:out[12],Yes
zksolid-paper/benchmarks/ed25519-099d19c/scalarmul,wit-constr-diff,chunkedmul.circom,ChunkedMul,carry[10]:lt[13].in:out[13],Yes
zksolid-paper/benchmarks/ed25519-099d19c/scalarmul,wit-constr-diff,chunkedmul.circom,ChunkedMul,carry[10]:lt[14].in:out[14],Yes
zksolid-paper/benchmarks/ed25519-099d19c/scalarmul,wit-constr-diff,chunkedmul.circom,ChunkedMul,carry[10]:lt[15].in:out[15],Yes
zksolid-paper/benchmarks/ed25519-099d19c/scalarmul,wit-constr-diff,chunkedmul.circom,ChunkedMul,carry[10]:lt[16].in:out[16],Yes
zksolid-paper/benchmarks/ed25519-099d19c/scalarmul,wit-constr-diff,chunkedmul.circom,ChunkedMul,carry[10]:lt[17].in:out[17],Yes
zksolid-paper/benchmarks/ed25519-099d19c/scalarmul,wit-constr-diff,chunkedmul.circom,ChunkedMul,carry[10]:lt[19].in:out[19],Yes
zksolid-paper/benchmarks/ed25519-099d19c/scalarmul,wit-constr-diff,chunkedmul.circom,ChunkedMul,carry[11]:lt[11].in:out[11],Yes
zksolid-paper/benchmarks/ed25519-099d19c/scalarmul,wit-constr-diff,chunkedmul.circom,ChunkedMul,carry[11]:lt[12].in:out[12],Yes
zksolid-paper/benchmarks/ed25519-099d19c/scalarmul,wit-constr-diff,chunkedmul.circom,ChunkedMul,carry[11]:lt[13].in:out[13],Yes
zksolid-paper/benchmarks/ed25519-099d19c/scalarmul,wit-constr-diff,chunkedmul.circom,ChunkedMul,carry[11]:lt[14].in:out[14],Yes
zksolid-paper/benchmarks/ed25519-099d19c/scalarmul,wit-constr-diff,chunkedmul.circom,ChunkedMul,carry[11]:lt[15].in:out[15],Yes
zksolid-paper/benchmarks/ed25519-099d19c/scalarmul,wit-constr-diff,chunkedmul.circom,ChunkedMul,carry[11]:lt[16].in:out[16],Yes
zksolid-paper/benchmarks/ed25519-099d19c/scalarmul,wit-constr-diff,chunkedmul.circom,ChunkedMul,carry[11]:lt[17].in:out[17],Yes
zksolid-paper/benchmarks/ed25519-099d19c/scalarmul,wit-constr-diff,chunkedmul.circom,ChunkedMul,carry[11]:lt[19].in:out[19],Yes
zksolid-paper/benchmarks/ed25519-099d19c/scalarmul,wit-constr-diff,chunkedmul.circom,ChunkedMul,carry[12]:lt[12].in:out[12],Yes
zksolid-paper/benchmarks/ed25519-099d19c/scalarmul,wit-constr-diff,chunkedmul.circom,ChunkedMul,carry[12]:lt[13].in:out[13],Yes
zksolid-paper/benchmarks/ed25519-099d19c/scalarmul,wit-constr-diff,chunkedmul.circom,ChunkedMul,carry[12]:lt[14].in:out[14],Yes
zksolid-paper/benchmarks/ed25519-099d19c/scalarmul,wit-constr-diff,chunkedmul.circom,ChunkedMul,carry[12]:lt[15].in:out[15],Yes
zksolid-paper/benchmarks/ed25519-099d19c/scalarmul,wit-constr-diff,chunkedmul.circom,ChunkedMul,carry[12]:lt[16].in:out[16],Yes
zksolid-paper/benchmarks/ed25519-099d19c/scalarmul,wit-constr-diff,chunkedmul.circom,ChunkedMul,carry[12]:lt[17].in:out[17],Yes
zksolid-paper/benchmarks/ed25519-099d19c/scalarmul,wit-constr-diff,chunkedmul.circom,ChunkedMul,carry[12]:lt[19].in:out[19],Yes
zksolid-paper/benchmarks/ed25519-099d19c/scalarmul,wit-constr-diff,chunkedmul.circom,ChunkedMul,carry[13]:lt[13].in:out[13],Yes
zksolid-paper/benchmarks/ed25519-099d19c/scalarmul,wit-constr-diff,chunkedmul.circom,ChunkedMul,carry[13]:lt[14].in:out[14],Yes
zksolid-paper/benchmarks/ed25519-099d19c/scalarmul,wit-constr-diff,chunkedmul.circom,ChunkedMul,carry[13]:lt[15].in:out[15],Yes
zksolid-paper/benchmarks/ed25519-099d19c/scalarmul,wit-constr-diff,chunkedmul.circom,ChunkedMul,carry[13]:lt[16].in:out[16],Yes
zksolid-paper/benchmarks/ed25519-099d19c/scalarmul,wit-constr-diff,chunkedmul.circom,ChunkedMul,carry[13]:lt[17].in:out[17],Yes
zksolid-paper/benchmarks/ed25519-099d19c/scalarmul,wit-constr-diff,chunkedmul.circom,ChunkedMul,carry[13]:lt[19].in:out[19],Yes
zksolid-paper/benchmarks/ed25519-099d19c/scalarmul,wit-constr-diff,chunkedmul.circom,ChunkedMul,carry[14]:lt[14].in:out[14],Yes
zksolid-paper/benchmarks/ed25519-099d19c/scalarmul,wit-constr-diff,chunkedmul.circom,ChunkedMul,carry[14]:lt[15].in:out[15],Yes
zksolid-paper/benchmarks/ed25519-099d19c/scalarmul,wit-constr-diff,chunkedmul.circom,ChunkedMul,carry[14]:lt[16].in:out[16],Yes
zksolid-paper/benchmarks/ed25519-099d19c/scalarmul,wit-constr-diff,chunkedmul.circom,ChunkedMul,carry[14]:lt[17].in:out[17],Yes
zksolid-paper/benchmarks/ed25519-099d19c/scalarmul,wit-constr-diff,chunkedmul.circom,ChunkedMul,carry[14]:lt[19].in:out[19],Yes
zksolid-paper/benchmarks/ed25519-099d19c/scalarmul,wit-constr-diff,chunkedmul.circom,ChunkedMul,carry[15]:lt[15].in:out[15],Yes
zksolid-paper/benchmarks/ed25519-099d19c/scalarmul,wit-constr-diff,chunkedmul.circom,ChunkedMul,carry[15]:lt[16].in:out[16],Yes
zksolid-paper/benchmarks/ed25519-099d19c/scalarmul,wit-constr-diff,chunkedmul.circom,ChunkedMul,carry[15]:lt[17].in:out[17],Yes
zksolid-paper/benchmarks/ed25519-099d19c/scalarmul,wit-constr-diff,chunkedmul.circom,ChunkedMul,carry[15]:lt[19].in:out[19],Yes
zksolid-paper/benchmarks/ed25519-099d19c/scalarmul,wit-constr-diff,chunkedmul.circom,ChunkedMul,carry[16]:lt[16].in:out[16],Yes
zksolid-paper/benchmarks/ed25519-099d19c/scalarmul,wit-constr-diff,chunkedmul.circom,ChunkedMul,carry[16]:lt[17].in:out[17],Yes
zksolid-paper/benchmarks/ed25519-099d19c/scalarmul,wit-constr-diff,chunkedmul.circom,ChunkedMul,carry[16]:lt[19].in:out[19],Yes
zksolid-paper/benchmarks/ed25519-099d19c/scalarmul,wit-constr-diff,chunkedmul.circom,ChunkedMul,carry[17]:lt[17].in:out[17],Yes
zksolid-paper/benchmarks/ed25519-099d19c/scalarmul,wit-constr-diff,chunkedmul.circom,ChunkedMul,carry[17]:lt[19].in:out[19],Yes
zksolid-paper/benchmarks/ed25519-099d19c/scalarmul,wit-constr-diff,chunkedmul.circom,ChunkedMul,carry[18]:lt[19].in:out[19],Yes
zksolid-paper/benchmarks/ed25519-099d19c/scalarmul,wit-constr-diff,chunkedmul.circom,ChunkedMul,carry[19]:lt[19].in:out[19],Yes
zksolid-paper/benchmarks/ed25519-099d19c/scalarmul,wit-constr-diff,chunkedmul.circom,ChunkedMul,carry[1]:lt[10].in:out[10],Yes
zksolid-paper/benchmarks/ed25519-099d19c/scalarmul,wit-constr-diff,chunkedmul.circom,ChunkedMul,carry[1]:lt[11].in:out[11],Yes
zksolid-paper/benchmarks/ed25519-099d19c/scalarmul,wit-constr-diff,chunkedmul.circom,ChunkedMul,carry[1]:lt[12].in:out[12],Yes
zksolid-paper/benchmarks/ed25519-099d19c/scalarmul,wit-constr-diff,chunkedmul.circom,ChunkedMul,carry[1]:lt[13].in:out[13],Yes
zksolid-paper/benchmarks/ed25519-099d19c/scalarmul,wit-constr-diff,chunkedmul.circom,ChunkedMul,carry[1]:lt[14].in:out[14],Yes
zksolid-paper/benchmarks/ed25519-099d19c/scalarmul,wit-constr-diff,chunkedmul.circom,ChunkedMul,carry[1]:lt[15].in:out[15],Yes
zksolid-paper/benchmarks/ed25519-099d19c/scalarmul,wit-constr-diff,chunkedmul.circom,ChunkedMul,carry[1]:lt[16].in:out[16],Yes
zksolid-paper/benchmarks/ed25519-099d19c/scalarmul,wit-constr-diff,chunkedmul.circom,ChunkedMul,carry[1]:lt[17].in:out[17],Yes
zksolid-paper/benchmarks/ed25519-099d19c/scalarmul,wit-constr-diff,chunkedmul.circom,ChunkedMul,carry[1]:lt[19].in:out[19],Yes
zksolid-paper/benchmarks/ed25519-099d19c/scalarmul,wit-constr-diff,chunkedmul.circom,ChunkedMul,carry[1]:lt[1].in:out[1],Yes
zksolid-paper/benchmarks/ed25519-099d19c/scalarmul,wit-constr-diff,chunkedmul.circom,ChunkedMul,carry[1]:lt[2].in:out[2],Yes
zksolid-paper/benchmarks/ed25519-099d19c/scalarmul,wit-constr-diff,chunkedmul.circom,ChunkedMul,carry[1]:lt[3].in:out[3],Yes
zksolid-paper/benchmarks/ed25519-099d19c/scalarmul,wit-constr-diff,chunkedmul.circom,ChunkedMul,carry[1]:lt[4].in:out[4],Yes
zksolid-paper/benchmarks/ed25519-099d19c/scalarmul,wit-constr-diff,chunkedmul.circom,ChunkedMul,carry[1]:lt[5].in:out[5],Yes
zksolid-paper/benchmarks/ed25519-099d19c/scalarmul,wit-constr-diff,chunkedmul.circom,ChunkedMul,carry[1]:lt[6].in:out[6],Yes
zksolid-paper/benchmarks/ed25519-099d19c/scalarmul,wit-constr-diff,chunkedmul.circom,ChunkedMul,carry[1]:lt[7].in:out[7],Yes
zksolid-paper/benchmarks/ed25519-099d19c/scalarmul,wit-constr-diff,chunkedmul.circom,ChunkedMul,carry[1]:lt[8].in:out[8],Yes
zksolid-paper/benchmarks/ed25519-099d19c/scalarmul,wit-constr-diff,chunkedmul.circom,ChunkedMul,carry[1]:lt[9].in:out[9],Yes
zksolid-paper/benchmarks/ed25519-099d19c/scalarmul,wit-constr-diff,chunkedmul.circom,ChunkedMul,carry[2]:lt[10].in:out[10],Yes
zksolid-paper/benchmarks/ed25519-099d19c/scalarmul,wit-constr-diff,chunkedmul.circom,ChunkedMul,carry[2]:lt[11].in:out[11],Yes
zksolid-paper/benchmarks/ed25519-099d19c/scalarmul,wit-constr-diff,chunkedmul.circom,ChunkedMul,carry[2]:lt[12].in:out[12],Yes
zksolid-paper/benchmarks/ed25519-099d19c/scalarmul,wit-constr-diff,chunkedmul.circom,ChunkedMul,carry[2]:lt[13].in:out[13],Yes
zksolid-paper/benchmarks/ed25519-099d19c/scalarmul,wit-constr-diff,chunkedmul.circom,ChunkedMul,carry[2]:lt[14].in:out[14],Yes
zksolid-paper/benchmarks/ed25519-099d19c/scalarmul,wit-constr-diff,chunkedmul.circom,ChunkedMul,carry[2]:lt[15].in:out[15],Yes
zksolid-paper/benchmarks/ed25519-099d19c/scalarmul,wit-constr-diff,chunkedmul.circom,ChunkedMul,carry[2]:lt[16].in:out[16],Yes
zksolid-paper/benchmarks/ed25519-099d19c/scalarmul,wit-constr-diff,chunkedmul.circom,ChunkedMul,carry[2]:lt[17].in:out[17],Yes
zksolid-paper/benchmarks/ed25519-099d19c/scalarmul,wit-constr-diff,chunkedmul.circom,ChunkedMul,carry[2]:lt[19].in:out[19],Yes
zksolid-paper/benchmarks/ed25519-099d19c/scalarmul,wit-constr-diff,chunkedmul.circom,ChunkedMul,carry[2]:lt[2].in:out[2],Yes
zksolid-paper/benchmarks/ed25519-099d19c/scalarmul,wit-constr-diff,chunkedmul.circom,ChunkedMul,carry[2]:lt[3].in:out[3],Yes
zksolid-paper/benchmarks/ed25519-099d19c/scalarmul,wit-constr-diff,chunkedmul.circom,ChunkedMul,carry[2]:lt[4].in:out[4],Yes
zksolid-paper/benchmarks/ed25519-099d19c/scalarmul,wit-constr-diff,chunkedmul.circom,ChunkedMul,carry[2]:lt[5].in:out[5],Yes
zksolid-paper/benchmarks/ed25519-099d19c/scalarmul,wit-constr-diff,chunkedmul.circom,ChunkedMul,carry[2]:lt[6].in:out[6],Yes
zksolid-paper/benchmarks/ed25519-099d19c/scalarmul,wit-constr-diff,chunkedmul.circom,ChunkedMul,carry[2]:lt[7].in:out[7],Yes
zksolid-paper/benchmarks/ed25519-099d19c/scalarmul,wit-constr-diff,chunkedmul.circom,ChunkedMul,carry[2]:lt[8].in:out[8],Yes
zksolid-paper/benchmarks/ed25519-099d19c/scalarmul,wit-constr-diff,chunkedmul.circom,ChunkedMul,carry[2]:lt[9].in:out[9],Yes
zksolid-paper/benchmarks/ed25519-099d19c/scalarmul,wit-constr-diff,chunkedmul.circom,ChunkedMul,carry[3]:lt[10].in:out[10],Yes
zksolid-paper/benchmarks/ed25519-099d19c/scalarmul,wit-constr-diff,chunkedmul.circom,ChunkedMul,carry[3]:lt[11].in:out[11],Yes
zksolid-paper/benchmarks/ed25519-099d19c/scalarmul,wit-constr-diff,chunkedmul.circom,ChunkedMul,carry[3]:lt[12].in:out[12],Yes
zksolid-paper/benchmarks/ed25519-099d19c/scalarmul,wit-constr-diff,chunkedmul.circom,ChunkedMul,carry[3]:lt[13].in:out[13],Yes
zksolid-paper/benchmarks/ed25519-099d19c/scalarmul,wit-constr-diff,chunkedmul.circom,ChunkedMul,carry[3]:lt[14].in:out[14],Yes
zksolid-paper/benchmarks/ed25519-099d19c/scalarmul,wit-constr-diff,chunkedmul.circom,ChunkedMul,carry[3]:lt[15].in:out[15],Yes
zksolid-paper/benchmarks/ed25519-099d19c/scalarmul,wit-constr-diff,chunkedmul.circom,ChunkedMul,carry[3]:lt[16].in:out[16],Yes
zksolid-paper/benchmarks/ed25519-099d19c/scalarmul,wit-constr-diff,chunkedmul.circom,ChunkedMul,carry[3]:lt[17].in:out[17],Yes
zksolid-paper/benchmarks/ed25519-099d19c/scalarmul,wit-constr-diff,chunkedmul.circom,ChunkedMul,carry[3]:lt[19].in:out[19],Yes
zksolid-paper/benchmarks/ed25519-099d19c/scalarmul,wit-constr-diff,chunkedmul.circom,ChunkedMul,carry[3]:lt[3].in:out[3],Yes
zksolid-paper/benchmarks/ed25519-099d19c/scalarmul,wit-constr-diff,chunkedmul.circom,ChunkedMul,carry[3]:lt[4].in:out[4],Yes
zksolid-paper/benchmarks/ed25519-099d19c/scalarmul,wit-constr-diff,chunkedmul.circom,ChunkedMul,carry[3]:lt[5].in:out[5],Yes
zksolid-paper/benchmarks/ed25519-099d19c/scalarmul,wit-constr-diff,chunkedmul.circom,ChunkedMul,carry[3]:lt[6].in:out[6],Yes
zksolid-paper/benchmarks/ed25519-099d19c/scalarmul,wit-constr-diff,chunkedmul.circom,ChunkedMul,carry[3]:lt[7].in:out[7],Yes
zksolid-paper/benchmarks/ed25519-099d19c/scalarmul,wit-constr-diff,chunkedmul.circom,ChunkedMul,carry[3]:lt[8].in:out[8],Yes
zksolid-paper/benchmarks/ed25519-099d19c/scalarmul,wit-constr-diff,chunkedmul.circom,ChunkedMul,carry[3]:lt[9].in:out[9],Yes
zksolid-paper/benchmarks/ed25519-099d19c/scalarmul,wit-constr-diff,chunkedmul.circom,ChunkedMul,carry[4]:lt[10].in:out[10],Yes
zksolid-paper/benchmarks/ed25519-099d19c/scalarmul,wit-constr-diff,chunkedmul.circom,ChunkedMul,carry[4]:lt[11].in:out[11],Yes
zksolid-paper/benchmarks/ed25519-099d19c/scalarmul,wit-constr-diff,chunkedmul.circom,ChunkedMul,carry[4]:lt[12].in:out[12],Yes
zksolid-paper/benchmarks/ed25519-099d19c/scalarmul,wit-constr-diff,chunkedmul.circom,ChunkedMul,carry[4]:lt[13].in:out[13],Yes
zksolid-paper/benchmarks/ed25519-099d19c/scalarmul,wit-constr-diff,chunkedmul.circom,ChunkedMul,carry[4]:lt[14].in:out[14],Yes
zksolid-paper/benchmarks/ed25519-099d19c/scalarmul,wit-constr-diff,chunkedmul.circom,ChunkedMul,carry[4]:lt[15].in:out[15],Yes
zksolid-paper/benchmarks/ed25519-099d19c/scalarmul,wit-constr-diff,chunkedmul.circom,ChunkedMul,carry[4]:lt[16].in:out[16],Yes
zksolid-paper/benchmarks/ed25519-099d19c/scalarmul,wit-constr-diff,chunkedmul.circom,ChunkedMul,carry[4]:lt[17].in:out[17],Yes
zksolid-paper/benchmarks/ed25519-099d19c/scalarmul,wit-constr-diff,chunkedmul.circom,ChunkedMul,carry[4]:lt[19].in:out[19],Yes
zksolid-paper/benchmarks/ed25519-099d19c/scalarmul,wit-constr-diff,chunkedmul.circom,ChunkedMul,carry[4]:lt[4].in:out[4],Yes
zksolid-paper/benchmarks/ed25519-099d19c/scalarmul,wit-constr-diff,chunkedmul.circom,ChunkedMul,carry[4]:lt[5].in:out[5],Yes
zksolid-paper/benchmarks/ed25519-099d19c/scalarmul,wit-constr-diff,chunkedmul.circom,ChunkedMul,carry[4]:lt[6].in:out[6],Yes
zksolid-paper/benchmarks/ed25519-099d19c/scalarmul,wit-constr-diff,chunkedmul.circom,ChunkedMul,carry[4]:lt[7].in:out[7],Yes
zksolid-paper/benchmarks/ed25519-099d19c/scalarmul,wit-constr-diff,chunkedmul.circom,ChunkedMul,carry[4]:lt[8].in:out[8],Yes
zksolid-paper/benchmarks/ed25519-099d19c/scalarmul,wit-constr-diff,chunkedmul.circom,ChunkedMul,carry[4]:lt[9].in:out[9],Yes
zksolid-paper/benchmarks/ed25519-099d19c/scalarmul,wit-constr-diff,chunkedmul.circom,ChunkedMul,carry[5]:lt[10].in:out[10],Yes
zksolid-paper/benchmarks/ed25519-099d19c/scalarmul,wit-constr-diff,chunkedmul.circom,ChunkedMul,carry[5]:lt[11].in:out[11],Yes
zksolid-paper/benchmarks/ed25519-099d19c/scalarmul,wit-constr-diff,chunkedmul.circom,ChunkedMul,carry[5]:lt[12].in:out[12],Yes
zksolid-paper/benchmarks/ed25519-099d19c/scalarmul,wit-constr-diff,chunkedmul.circom,ChunkedMul,carry[5]:lt[13].in:out[13],Yes
zksolid-paper/benchmarks/ed25519-099d19c/scalarmul,wit-constr-diff,chunkedmul.circom,ChunkedMul,carry[5]:lt[14].in:out[14],Yes
zksolid-paper/benchmarks/ed25519-099d19c/scalarmul,wit-constr-diff,chunkedmul.circom,ChunkedMul,carry[5]:lt[15].in:out[15],Yes
zksolid-paper/benchmarks/ed25519-099d19c/scalarmul,wit-constr-diff,chunkedmul.circom,ChunkedMul,carry[5]:lt[16].in:out[16],Yes
zksolid-paper/benchmarks/ed25519-099d19c/scalarmul,wit-constr-diff,chunkedmul.circom,ChunkedMul,carry[5]:lt[17].in:out[17],Yes
zksolid-paper/benchmarks/ed25519-099d19c/scalarmul,wit-constr-diff,chunkedmul.circom,ChunkedMul,carry[5]:lt[19].in:out[19],Yes
zksolid-paper/benchmarks/ed25519-099d19c/scalarmul,wit-constr-diff,chunkedmul.circom,ChunkedMul,carry[5]:lt[5].in:out[5],Yes
zksolid-paper/benchmarks/ed25519-099d19c/scalarmul,wit-constr-diff,chunkedmul.circom,ChunkedMul,carry[5]:lt[6].in:out[6],Yes
zksolid-paper/benchmarks/ed25519-099d19c/scalarmul,wit-constr-diff,chunkedmul.circom,ChunkedMul,carry[5]:lt[7].in:out[7],Yes
zksolid-paper/benchmarks/ed25519-099d19c/scalarmul,wit-constr-diff,chunkedmul.circom,ChunkedMul,carry[5]:lt[8].in:out[8],Yes
zksolid-paper/benchmarks/ed25519-099d19c/scalarmul,wit-constr-diff,chunkedmul.circom,ChunkedMul,carry[5]:lt[9].in:out[9],Yes
zksolid-paper/benchmarks/ed25519-099d19c/scalarmul,wit-constr-diff,chunkedmul.circom,ChunkedMul,carry[6]:lt[10].in:out[10],Yes
zksolid-paper/benchmarks/ed25519-099d19c/scalarmul,wit-constr-diff,chunkedmul.circom,ChunkedMul,carry[6]:lt[11].in:out[11],Yes
zksolid-paper/benchmarks/ed25519-099d19c/scalarmul,wit-constr-diff,chunkedmul.circom,ChunkedMul,carry[6]:lt[12].in:out[12],Yes
zksolid-paper/benchmarks/ed25519-099d19c/scalarmul,wit-constr-diff,chunkedmul.circom,ChunkedMul,carry[6]:lt[13].in:out[13],Yes
zksolid-paper/benchmarks/ed25519-099d19c/scalarmul,wit-constr-diff,chunkedmul.circom,ChunkedMul,carry[6]:lt[14].in:out[14],Yes
zksolid-paper/benchmarks/ed25519-099d19c/scalarmul,wit-constr-diff,chunkedmul.circom,ChunkedMul,carry[6]:lt[15].in:out[15],Yes
zksolid-paper/benchmarks/ed25519-099d19c/scalarmul,wit-constr-diff,chunkedmul.circom,ChunkedMul,carry[6]:lt[16].in:out[16],Yes
zksolid-paper/benchmarks/ed25519-099d19c/scalarmul,wit-constr-diff,chunkedmul.circom,ChunkedMul,carry[6]:lt[17].in:out[17],Yes
zksolid-paper/benchmarks/ed25519-099d19c/scalarmul,wit-constr-diff,chunkedmul.circom,ChunkedMul,carry[6]:lt[19].in:out[19],Yes
zksolid-paper/benchmarks/ed25519-099d19c/scalarmul,wit-constr-diff,chunkedmul.circom,ChunkedMul,carry[6]:lt[6].in:out[6],Yes
zksolid-paper/benchmarks/ed25519-099d19c/scalarmul,wit-constr-diff,chunkedmul.circom,ChunkedMul,carry[6]:lt[7].in:out[7],Yes
zksolid-paper/benchmarks/ed25519-099d19c/scalarmul,wit-constr-diff,chunkedmul.circom,ChunkedMul,carry[6]:lt[8].in:out[8],Yes
zksolid-paper/benchmarks/ed25519-099d19c/scalarmul,wit-constr-diff,chunkedmul.circom,ChunkedMul,carry[6]:lt[9].in:out[9],Yes
zksolid-paper/benchmarks/ed25519-099d19c/scalarmul,wit-constr-diff,chunkedmul.circom,ChunkedMul,carry[7]:lt[10].in:out[10],Yes
zksolid-paper/benchmarks/ed25519-099d19c/scalarmul,wit-constr-diff,chunkedmul.circom,ChunkedMul,carry[7]:lt[11].in:out[11],Yes
zksolid-paper/benchmarks/ed25519-099d19c/scalarmul,wit-constr-diff,chunkedmul.circom,ChunkedMul,carry[7]:lt[12].in:out[12],Yes
zksolid-paper/benchmarks/ed25519-099d19c/scalarmul,wit-constr-diff,chunkedmul.circom,ChunkedMul,carry[7]:lt[13].in:out[13],Yes
zksolid-paper/benchmarks/ed25519-099d19c/scalarmul,wit-constr-diff,chunkedmul.circom,ChunkedMul,carry[7]:lt[14].in:out[14],Yes
zksolid-paper/benchmarks/ed25519-099d19c/scalarmul,wit-constr-diff,chunkedmul.circom,ChunkedMul,carry[7]:lt[15].in:out[15],Yes
zksolid-paper/benchmarks/ed25519-099d19c/scalarmul,wit-constr-diff,chunkedmul.circom,ChunkedMul,carry[7]:lt[16].in:out[16],Yes
zksolid-paper/benchmarks/ed25519-099d19c/scalarmul,wit-constr-diff,chunkedmul.circom,ChunkedMul,carry[7]:lt[17].in:out[17],Yes
zksolid-paper/benchmarks/ed25519-099d19c/scalarmul,wit-constr-diff,chunkedmul.circom,ChunkedMul,carry[7]:lt[19].in:out[19],Yes
zksolid-paper/benchmarks/ed25519-099d19c/scalarmul,wit-constr-diff,chunkedmul.circom,ChunkedMul,carry[7]:lt[7].in:out[7],Yes
zksolid-paper/benchmarks/ed25519-099d19c/scalarmul,wit-constr-diff,chunkedmul.circom,ChunkedMul,carry[7]:lt[8].in:out[8],Yes
zksolid-paper/benchmarks/ed25519-099d19c/scalarmul,wit-constr-diff,chunkedmul.circom,ChunkedMul,carry[7]:lt[9].in:out[9],Yes
zksolid-paper/benchmarks/ed25519-099d19c/scalarmul,wit-constr-diff,chunkedmul.circom,ChunkedMul,carry[8]:lt[10].in:out[10],Yes
zksolid-paper/benchmarks/ed25519-099d19c/scalarmul,wit-constr-diff,chunkedmul.circom,ChunkedMul,carry[8]:lt[11].in:out[11],Yes
zksolid-paper/benchmarks/ed25519-099d19c/scalarmul,wit-constr-diff,chunkedmul.circom,ChunkedMul,carry[8]:lt[12].in:out[12],Yes
zksolid-paper/benchmarks/ed25519-099d19c/scalarmul,wit-constr-diff,chunkedmul.circom,ChunkedMul,carry[8]:lt[13].in:out[13],Yes
zksolid-paper/benchmarks/ed25519-099d19c/scalarmul,wit-constr-diff,chunkedmul.circom,ChunkedMul,carry[8]:lt[14].in:out[14],Yes
zksolid-paper/benchmarks/ed25519-099d19c/scalarmul,wit-constr-diff,chunkedmul.circom,ChunkedMul,carry[8]:lt[15].in:out[15],Yes
zksolid-paper/benchmarks/ed25519-099d19c/scalarmul,wit-constr-diff,chunkedmul.circom,ChunkedMul,carry[8]:lt[16].in:out[16],Yes
zksolid-paper/benchmarks/ed25519-099d19c/scalarmul,wit-constr-diff,chunkedmul.circom,ChunkedMul,carry[8]:lt[17].in:out[17],Yes
zksolid-paper/benchmarks/ed25519-099d19c/scalarmul,wit-constr-diff,chunkedmul.circom,ChunkedMul,carry[8]:lt[19].in:out[19],Yes
zksolid-paper/benchmarks/ed25519-099d19c/scalarmul,wit-constr-diff,chunkedmul.circom,ChunkedMul,carry[8]:lt[8].in:out[8],Yes
zksolid-paper/benchmarks/ed25519-099d19c/scalarmul,wit-constr-diff,chunkedmul.circom,ChunkedMul,carry[8]:lt[9].in:out[9],Yes
zksolid-paper/benchmarks/ed25519-099d19c/scalarmul,wit-constr-diff,chunkedmul.circom,ChunkedMul,carry[9]:lt[10].in:out[10],Yes
zksolid-paper/benchmarks/ed25519-099d19c/scalarmul,wit-constr-diff,chunkedmul.circom,ChunkedMul,carry[9]:lt[11].in:out[11],Yes
zksolid-paper/benchmarks/ed25519-099d19c/scalarmul,wit-constr-diff,chunkedmul.circom,ChunkedMul,carry[9]:lt[12].in:out[12],Yes
zksolid-paper/benchmarks/ed25519-099d19c/scalarmul,wit-constr-diff,chunkedmul.circom,ChunkedMul,carry[9]:lt[13].in:out[13],Yes
zksolid-paper/benchmarks/ed25519-099d19c/scalarmul,wit-constr-diff,chunkedmul.circom,ChunkedMul,carry[9]:lt[14].in:out[14],Yes
zksolid-paper/benchmarks/ed25519-099d19c/scalarmul,wit-constr-diff,chunkedmul.circom,ChunkedMul,carry[9]:lt[15].in:out[15],Yes
zksolid-paper/benchmarks/ed25519-099d19c/scalarmul,wit-constr-diff,chunkedmul.circom,ChunkedMul,carry[9]:lt[16].in:out[16],Yes
zksolid-paper/benchmarks/ed25519-099d19c/scalarmul,wit-constr-diff,chunkedmul.circom,ChunkedMul,carry[9]:lt[17].in:out[17],Yes
zksolid-paper/benchmarks/ed25519-099d19c/scalarmul,wit-constr-diff,chunkedmul.circom,ChunkedMul,carry[9]:lt[19].in:out[19],Yes
zksolid-paper/benchmarks/ed25519-099d19c/scalarmul,wit-constr-diff,chunkedmul.circom,ChunkedMul,carry[9]:lt[9].in:out[9],Yes
zksolid-paper/benchmarks/ed25519-099d19c/scalarmul,wit-constr-diff,chunkedmul.circom,ChunkedMul,in1[0]:lt[10].in:out[10],Yes
zksolid-paper/benchmarks/ed25519-099d19c/scalarmul,wit-constr-diff,chunkedmul.circom,ChunkedMul,in1[0]:lt[11].in:out[11],Yes
zksolid-paper/benchmarks/ed25519-099d19c/scalarmul,wit-constr-diff,chunkedmul.circom,ChunkedMul,in1[0]:lt[12].in:out[12],Yes
zksolid-paper/benchmarks/ed25519-099d19c/scalarmul,wit-constr-diff,chunkedmul.circom,ChunkedMul,in1[0]:lt[13].in:out[13],Yes
zksolid-paper/benchmarks/ed25519-099d19c/scalarmul,wit-constr-diff,chunkedmul.circom,ChunkedMul,in1[0]:lt[14].in:out[14],Yes
zksolid-paper/benchmarks/ed25519-099d19c/scalarmul,wit-constr-diff,chunkedmul.circom,ChunkedMul,in1[0]:lt[15].in:out[15],Yes
zksolid-paper/benchmarks/ed25519-099d19c/scalarmul,wit-constr-diff,chunkedmul.circom,ChunkedMul,in1[0]:lt[16].in:out[16],Yes
zksolid-paper/benchmarks/ed25519-099d19c/scalarmul,wit-constr-diff,chunkedmul.circom,ChunkedMul,in1[0]:lt[17].in:out[17],Yes
zksolid-paper/benchmarks/ed25519-099d19c/scalarmul,wit-constr-diff,chunkedmul.circom,ChunkedMul,in1[0]:lt[19].in:out[19],Yes
zksolid-paper/benchmarks/ed25519-099d19c/scalarmul,wit-constr-diff,chunkedmul.circom,ChunkedMul,in1[0]:lt[1].in:out[1],Yes
zksolid-paper/benchmarks/ed25519-099d19c/scalarmul,wit-constr-diff,chunkedmul.circom,ChunkedMul,in1[0]:lt[2].in:out[2],Yes
zksolid-paper/benchmarks/ed25519-099d19c/scalarmul,wit-constr-diff,chunkedmul.circom,ChunkedMul,in1[0]:lt[3].in:out[3],Yes
zksolid-paper/benchmarks/ed25519-099d19c/scalarmul,wit-constr-diff,chunkedmul.circom,ChunkedMul,in1[0]:lt[4].in:out[4],Yes
zksolid-paper/benchmarks/ed25519-099d19c/scalarmul,wit-constr-diff,chunkedmul.circom,ChunkedMul,in1[0]:lt[5].in:out[5],Yes
zksolid-paper/benchmarks/ed25519-099d19c/scalarmul,wit-constr-diff,chunkedmul.circom,ChunkedMul,in1[0]:lt[6].in:out[6],Yes
zksolid-paper/benchmarks/ed25519-099d19c/scalarmul,wit-constr-diff,chunkedmul.circom,ChunkedMul,in1[0]:lt[7].in:out[7],Yes
zksolid-paper/benchmarks/ed25519-099d19c/scalarmul,wit-constr-diff,chunkedmul.circom,ChunkedMul,in1[0]:lt[8].in:out[8],Yes
zksolid-paper/benchmarks/ed25519-099d19c/scalarmul,wit-constr-diff,chunkedmul.circom,ChunkedMul,in1[0]:lt[9].in:out[9],Yes
zksolid-paper/benchmarks/ed25519-099d19c/scalarmul,wit-constr-diff,chunkedmul.circom,ChunkedMul,in1[10]:lt[11].in:out[11],Yes
zksolid-paper/benchmarks/ed25519-099d19c/scalarmul,wit-constr-diff,chunkedmul.circom,ChunkedMul,in1[10]:lt[12].in:out[12],Yes
zksolid-paper/benchmarks/ed25519-099d19c/scalarmul,wit-constr-diff,chunkedmul.circom,ChunkedMul,in1[10]:lt[13].in:out[13],Yes
zksolid-paper/benchmarks/ed25519-099d19c/scalarmul,wit-constr-diff,chunkedmul.circom,ChunkedMul,in1[10]:lt[14].in:out[14],Yes
zksolid-paper/benchmarks/ed25519-099d19c/scalarmul,wit-constr-diff,chunkedmul.circom,ChunkedMul,in1[10]:lt[15].in:out[15],Yes
zksolid-paper/benchmarks/ed25519-099d19c/scalarmul,wit-constr-diff,chunkedmul.circom,ChunkedMul,in1[10]:lt[17].in:out[17],Yes
zksolid-paper/benchmarks/ed25519-099d19c/scalarmul,wit-constr-diff,chunkedmul.circom,ChunkedMul,in1[11]:lt[12].in:out[12],Yes
zksolid-paper/benchmarks/ed25519-099d19c/scalarmul,wit-constr-diff,chunkedmul.circom,ChunkedMul,in1[11]:lt[13].in:out[13],Yes
zksolid-paper/benchmarks/ed25519-099d19c/scalarmul,wit-constr-diff,chunkedmul.circom,ChunkedMul,in1[11]:lt[14].in:out[14],Yes
zksolid-paper/benchmarks/ed25519-099d19c/scalarmul,wit-constr-diff,chunkedmul.circom,ChunkedMul,in1[11]:lt[15].in:out[15],Yes
zksolid-paper/benchmarks/ed25519-099d19c/scalarmul,wit-constr-diff,chunkedmul.circom,ChunkedMul,in1[11]:lt[17].in:out[17],Yes
zksolid-paper/benchmarks/ed25519-099d19c/scalarmul,wit-constr-diff,chunkedmul.circom,ChunkedMul,in1[12]:lt[13].in:out[13],Yes
zksolid-paper/benchmarks/ed25519-099d19c/scalarmul,wit-constr-diff,chunkedmul.circom,ChunkedMul,in1[12]:lt[14].in:out[14],Yes
zksolid-paper/benchmarks/ed25519-099d19c/scalarmul,wit-constr-diff,chunkedmul.circom,ChunkedMul,in1[12]:lt[15].in:out[15],Yes
zksolid-paper/benchmarks/ed25519-099d19c/scalarmul,wit-constr-diff,chunkedmul.circom,ChunkedMul,in1[12]:lt[17].in:out[17],Yes
zksolid-paper/benchmarks/ed25519-099d19c/scalarmul,wit-constr-diff,chunkedmul.circom,ChunkedMul,in1[13]:lt[14].in:out[14],Yes
zksolid-paper/benchmarks/ed25519-099d19c/scalarmul,wit-constr-diff,chunkedmul.circom,ChunkedMul,in1[13]:lt[15].in:out[15],Yes
zksolid-paper/benchmarks/ed25519-099d19c/scalarmul,wit-constr-diff,chunkedmul.circom,ChunkedMul,in1[13]:lt[17].in:out[17],Yes
zksolid-paper/benchmarks/ed25519-099d19c/scalarmul,wit-constr-diff,chunkedmul.circom,ChunkedMul,in1[14]:lt[15].in:out[15],Yes
zksolid-paper/benchmarks/ed25519-099d19c/scalarmul,wit-constr-diff,chunkedmul.circom,ChunkedMul,in1[14]:lt[17].in:out[17],Yes
zksolid-paper/benchmarks/ed25519-099d19c/scalarmul,wit-constr-diff,chunkedmul.circom,ChunkedMul,in1[15]:lt[17].in:out[17],Yes
zksolid-paper/benchmarks/ed25519-099d19c/scalarmul,wit-constr-diff,chunkedmul.circom,ChunkedMul,in1[16]:lt[17].in:out[17],Yes
zksolid-paper/benchmarks/ed25519-099d19c/scalarmul,wit-constr-diff,chunkedmul.circom,ChunkedMul,in1[1]:lt[10].in:out[10],Yes
zksolid-paper/benchmarks/ed25519-099d19c/scalarmul,wit-constr-diff,chunkedmul.circom,ChunkedMul,in1[1]:lt[11].in:out[11],Yes
zksolid-paper/benchmarks/ed25519-099d19c/scalarmul,wit-constr-diff,chunkedmul.circom,ChunkedMul,in1[1]:lt[12].in:out[12],Yes
zksolid-paper/benchmarks/ed25519-099d19c/scalarmul,wit-constr-diff,chunkedmul.circom,ChunkedMul,in1[1]:lt[13].in:out[13],Yes
zksolid-paper/benchmarks/ed25519-099d19c/scalarmul,wit-constr-diff,chunkedmul.circom,ChunkedMul,in1[1]:lt[14].in:out[14],Yes
zksolid-paper/benchmarks/ed25519-099d19c/scalarmul,wit-constr-diff,chunkedmul.circom,ChunkedMul,in1[1]:lt[15].in:out[15],Yes
zksolid-paper/benchmarks/ed25519-099d19c/scalarmul,wit-constr-diff,chunkedmul.circom,ChunkedMul,in1[1]:lt[16].in:out[16],Yes
zksolid-paper/benchmarks/ed25519-099d19c/scalarmul,wit-constr-diff,chunkedmul.circom,ChunkedMul,in1[1]:lt[17].in:out[17],Yes
zksolid-paper/benchmarks/ed25519-099d19c/scalarmul,wit-constr-diff,chunkedmul.circom,ChunkedMul,in1[1]:lt[19].in:out[19],Yes
zksolid-paper/benchmarks/ed25519-099d19c/scalarmul,wit-constr-diff,chunkedmul.circom,ChunkedMul,in1[1]:lt[2].in:out[2],Yes
zksolid-paper/benchmarks/ed25519-099d19c/scalarmul,wit-constr-diff,chunkedmul.circom,ChunkedMul,in1[1]:lt[3].in:out[3],Yes
zksolid-paper/benchmarks/ed25519-099d19c/scalarmul,wit-constr-diff,chunkedmul.circom,ChunkedMul,in1[1]:lt[4].in:out[4],Yes
zksolid-paper/benchmarks/ed25519-099d19c/scalarmul,wit-constr-diff,chunkedmul.circom,ChunkedMul,in1[1]:lt[5].in:out[5],Yes
zksolid-paper/benchmarks/ed25519-099d19c/scalarmul,wit-constr-diff,chunkedmul.circom,ChunkedMul,in1[1]:lt[6].in:out[6],Yes
zksolid-paper/benchmarks/ed25519-099d19c/scalarmul,wit-constr-diff,chunkedmul.circom,ChunkedMul,in1[1]:lt[7].in:out[7],Yes
zksolid-paper/benchmarks/ed25519-099d19c/scalarmul,wit-constr-diff,chunkedmul.circom,ChunkedMul,in1[1]:lt[8].in:out[8],Yes
zksolid-paper/benchmarks/ed25519-099d19c/scalarmul,wit-constr-diff,chunkedmul.circom,ChunkedMul,in1[1]:lt[9].in:out[9],Yes
zksolid-paper/benchmarks/ed25519-099d19c/scalarmul,wit-constr-diff,chunkedmul.circom,ChunkedMul,in1[2]:lt[10].in:out[10],Yes
zksolid-paper/benchmarks/ed25519-099d19c/scalarmul,wit-constr-diff,chunkedmul.circom,ChunkedMul,in1[2]:lt[11].in:out[11],Yes
zksolid-paper/benchmarks/ed25519-099d19c/scalarmul,wit-constr-diff,chunkedmul.circom,ChunkedMul,in1[2]:lt[12].in:out[12],Yes
zksolid-paper/benchmarks/ed25519-099d19c/scalarmul,wit-constr-diff,chunkedmul.circom,ChunkedMul,in1[2]:lt[13].in:out[13],Yes
zksolid-paper/benchmarks/ed25519-099d19c/scalarmul,wit-constr-diff,chunkedmul.circom,ChunkedMul,in1[2]:lt[14].in:out[14],Yes
zksolid-paper/benchmarks/ed25519-099d19c/scalarmul,wit-constr-diff,chunkedmul.circom,ChunkedMul,in1[2]:lt[15].in:out[15],Yes
zksolid-paper/benchmarks/ed25519-099d19c/scalarmul,wit-constr-diff,chunkedmul.circom,ChunkedMul,in1[2]:lt[16].in:out[16],Yes
zksolid-paper/benchmarks/ed25519-099d19c/scalarmul,wit-constr-diff,chunkedmul.circom,ChunkedMul,in1[2]:lt[17].in:out[17],Yes
zksolid-paper/benchmarks/ed25519-099d19c/scalarmul,wit-constr-diff,chunkedmul.circom,ChunkedMul,in1[2]:lt[19].in:out[19],Yes
zksolid-paper/benchmarks/ed25519-099d19c/scalarmul,wit-constr-diff,chunkedmul.circom,ChunkedMul,in1[2]:lt[3].in:out[3],Yes
zksolid-paper/benchmarks/ed25519-099d19c/scalarmul,wit-constr-diff,chunkedmul.circom,ChunkedMul,in1[2]:lt[4].in:out[4],Yes
zksolid-paper/benchmarks/ed25519-099d19c/scalarmul,wit-constr-diff,chunkedmul.circom,ChunkedMul,in1[2]:lt[5].in:out[5],Yes
zksolid-paper/benchmarks/ed25519-099d19c/scalarmul,wit-constr-diff,chunkedmul.circom,ChunkedMul,in1[2]:lt[6].in:out[6],Yes
zksolid-paper/benchmarks/ed25519-099d19c/scalarmul,wit-constr-diff,chunkedmul.circom,ChunkedMul,in1[2]:lt[7].in:out[7],Yes
zksolid-paper/benchmarks/ed25519-099d19c/scalarmul,wit-constr-diff,chunkedmul.circom,ChunkedMul,in1[2]:lt[8].in:out[8],Yes
zksolid-paper/benchmarks/ed25519-099d19c/scalarmul,wit-constr-diff,chunkedmul.circom,ChunkedMul,in1[2]:lt[9].in:out[9],Yes
zksolid-paper/benchmarks/ed25519-099d19c/scalarmul,wit-constr-diff,chunkedmul.circom,ChunkedMul,in1[3]:lt[10].in:out[10],Yes
zksolid-paper/benchmarks/ed25519-099d19c/scalarmul,wit-constr-diff,chunkedmul.circom,ChunkedMul,in1[3]:lt[11].in:out[11],Yes
zksolid-paper/benchmarks/ed25519-099d19c/scalarmul,wit-constr-diff,chunkedmul.circom,ChunkedMul,in1[3]:lt[12].in:out[12],Yes
zksolid-paper/benchmarks/ed25519-099d19c/scalarmul,wit-constr-diff,chunkedmul.circom,ChunkedMul,in1[3]:lt[13].in:out[13],Yes
zksolid-paper/benchmarks/ed25519-099d19c/scalarmul,wit-constr-diff,chunkedmul.circom,ChunkedMul,in1[3]:lt[14].in:out[14],Yes
zksolid-paper/benchmarks/ed25519-099d19c/scalarmul,wit-constr-diff,chunkedmul.circom,ChunkedMul,in1[3]:lt[15].in:out[15],Yes
zksolid-paper/benchmarks/ed25519-099d19c/scalarmul,wit-constr-diff,chunkedmul.circom,ChunkedMul,in1[3]:lt[16].in:out[16],Yes
zksolid-paper/benchmarks/ed25519-099d19c/scalarmul,wit-constr-diff,chunkedmul.circom,ChunkedMul,in1[3]:lt[17].in:out[17],Yes
zksolid-paper/benchmarks/ed25519-099d19c/scalarmul,wit-constr-diff,chunkedmul.circom,ChunkedMul,in1[3]:lt[19].in:out[19],Yes
zksolid-paper/benchmarks/ed25519-099d19c/scalarmul,wit-constr-diff,chunkedmul.circom,ChunkedMul,in1[3]:lt[4].in:out[4],Yes
zksolid-paper/benchmarks/ed25519-099d19c/scalarmul,wit-constr-diff,chunkedmul.circom,ChunkedMul,in1[3]:lt[5].in:out[5],Yes
zksolid-paper/benchmarks/ed25519-099d19c/scalarmul,wit-constr-diff,chunkedmul.circom,ChunkedMul,in1[3]:lt[6].in:out[6],Yes
zksolid-paper/benchmarks/ed25519-099d19c/scalarmul,wit-constr-diff,chunkedmul.circom,ChunkedMul,in1[3]:lt[7].in:out[7],Yes
zksolid-paper/benchmarks/ed25519-099d19c/scalarmul,wit-constr-diff,chunkedmul.circom,ChunkedMul,in1[3]:lt[8].in:out[8],Yes
zksolid-paper/benchmarks/ed25519-099d19c/scalarmul,wit-constr-diff,chunkedmul.circom,ChunkedMul,in1[3]:lt[9].in:out[9],Yes
zksolid-paper/benchmarks/ed25519-099d19c/scalarmul,wit-constr-diff,chunkedmul.circom,ChunkedMul,in1[4]:lt[10].in:out[10],Yes
zksolid-paper/benchmarks/ed25519-099d19c/scalarmul,wit-constr-diff,chunkedmul.circom,ChunkedMul,in1[4]:lt[11].in:out[11],Yes
zksolid-paper/benchmarks/ed25519-099d19c/scalarmul,wit-constr-diff,chunkedmul.circom,ChunkedMul,in1[4]:lt[12].in:out[12],Yes
zksolid-paper/benchmarks/ed25519-099d19c/scalarmul,wit-constr-diff,chunkedmul.circom,ChunkedMul,in1[4]:lt[13].in:out[13],Yes
zksolid-paper/benchmarks/ed25519-099d19c/scalarmul,wit-constr-diff,chunkedmul.circom,ChunkedMul,in1[4]:lt[14].in:out[14],Yes
zksolid-paper/benchmarks/ed25519-099d19c/scalarmul,wit-constr-diff,chunkedmul.circom,ChunkedMul,in1[4]:lt[15].in:out[15],Yes
zksolid-paper/benchmarks/ed25519-099d19c/scalarmul,wit-constr-diff,chunkedmul.circom,ChunkedMul,in1[4]:lt[16].in:out[16],Yes
zksolid-paper/benchmarks/ed25519-099d19c/scalarmul,wit-constr-diff,chunkedmul.circom,ChunkedMul,in1[4]:lt[17].in:out[17],Yes
zksolid-paper/benchmarks/ed25519-099d19c/scalarmul,wit-constr-diff,chunkedmul.circom,ChunkedMul,in1[4]:lt[19].in:out[19],Yes
zksolid-paper/benchmarks/ed25519-099d19c/scalarmul,wit-constr-diff,chunkedmul.circom,ChunkedMul,in1[4]:lt[5].in:out[5],Yes
zksolid-paper/benchmarks/ed25519-099d19c/scalarmul,wit-constr-diff,chunkedmul.circom,ChunkedMul,in1[4]:lt[6].in:out[6],Yes
zksolid-paper/benchmarks/ed25519-099d19c/scalarmul,wit-constr-diff,chunkedmul.circom,ChunkedMul,in1[4]:lt[7].in:out[7],Yes
zksolid-paper/benchmarks/ed25519-099d19c/scalarmul,wit-constr-diff,chunkedmul.circom,ChunkedMul,in1[4]:lt[8].in:out[8],Yes
zksolid-paper/benchmarks/ed25519-099d19c/scalarmul,wit-constr-diff,chunkedmul.circom,ChunkedMul,in1[4]:lt[9].in:out[9],Yes
zksolid-paper/benchmarks/ed25519-099d19c/scalarmul,wit-constr-diff,chunkedmul.circom,ChunkedMul,in1[5]:lt[10].in:out[10],Yes
zksolid-paper/benchmarks/ed25519-099d19c/scalarmul,wit-constr-diff,chunkedmul.circom,ChunkedMul,in1[5]:lt[11].in:out[11],Yes
zksolid-paper/benchmarks/ed25519-099d19c/scalarmul,wit-constr-diff,chunkedmul.circom,ChunkedMul,in1[5]:lt[12].in:out[12],Yes
zksolid-paper/benchmarks/ed25519-099d19c/scalarmul,wit-constr-diff,chunkedmul.circom,ChunkedMul,in1[5]:lt[13].in:out[13],Yes
zksolid-paper/benchmarks/ed25519-099d19c/scalarmul,wit-constr-diff,chunkedmul.circom,ChunkedMul,in1[5]:lt[14].in:out[14],Yes
zksolid-paper/benchmarks/ed25519-099d19c/scalarmul,wit-constr-diff,chunkedmul.circom,ChunkedMul,in1[5]:lt[15].in:out[15],Yes
zksolid-paper/benchmarks/ed25519-099d19c/scalarmul,wit-constr-diff,chunkedmul.circom,ChunkedMul,in1[5]:lt[16].in:out[16],Yes
zksolid-paper/benchmarks/ed25519-099d19c/scalarmul,wit-constr-diff,chunkedmul.circom,ChunkedMul,in1[5]:lt[17].in:out[17],Yes
zksolid-paper/benchmarks/ed25519-099d19c/scalarmul,wit-constr-diff,chunkedmul.circom,ChunkedMul,in1[5]:lt[19].in:out[19],Yes
zksolid-paper/benchmarks/ed25519-099d19c/scalarmul,wit-constr-diff,chunkedmul.circom,ChunkedMul,in1[5]:lt[6].in:out[6],Yes
zksolid-paper/benchmarks/ed25519-099d19c/scalarmul,wit-constr-diff,chunkedmul.circom,ChunkedMul,in1[5]:lt[7].in:out[7],Yes
zksolid-paper/benchmarks/ed25519-099d19c/scalarmul,wit-constr-diff,chunkedmul.circom,ChunkedMul,in1[5]:lt[8].in:out[8],Yes
zksolid-paper/benchmarks/ed25519-099d19c/scalarmul,wit-constr-diff,chunkedmul.circom,ChunkedMul,in1[5]:lt[9].in:out[9],Yes
zksolid-paper/benchmarks/ed25519-099d19c/scalarmul,wit-constr-diff,chunkedmul.circom,ChunkedMul,in1[6]:lt[10].in:out[10],Yes
zksolid-paper/benchmarks/ed25519-099d19c/scalarmul,wit-constr-diff,chunkedmul.circom,ChunkedMul,in1[6]:lt[11].in:out[11],Yes
zksolid-paper/benchmarks/ed25519-099d19c/scalarmul,wit-constr-diff,chunkedmul.circom,ChunkedMul,in1[6]:lt[12].in:out[12],Yes
zksolid-paper/benchmarks/ed25519-099d19c/scalarmul,wit-constr-diff,chunkedmul.circom,ChunkedMul,in1[6]:lt[13].in:out[13],Yes
zksolid-paper/benchmarks/ed25519-099d19c/scalarmul,wit-constr-diff,chunkedmul.circom,ChunkedMul,in1[6]:lt[14].in:out[14],Yes
zksolid-paper/benchmarks/ed25519-099d19c/scalarmul,wit-constr-diff,chunkedmul.circom,ChunkedMul,in1[6]:lt[15].in:out[15],Yes
zksolid-paper/benchmarks/ed25519-099d19c/scalarmul,wit-constr-diff,chunkedmul.circom,ChunkedMul,in1[6]:lt[16].in:out[16],Yes
zksolid-paper/benchmarks/ed25519-099d19c/scalarmul,wit-constr-diff,chunkedmul.circom,ChunkedMul,in1[6]:lt[17].in:out[17],Yes
zksolid-paper/benchmarks/ed25519-099d19c/scalarmul,wit-constr-diff,chunkedmul.circom,ChunkedMul,in1[6]:lt[19].in:out[19],Yes
zksolid-paper/benchmarks/ed25519-099d19c/scalarmul,wit-constr-diff,chunkedmul.circom,ChunkedMul,in1[6]:lt[7].in:out[7],Yes
zksolid-paper/benchmarks/ed25519-099d19c/scalarmul,wit-constr-diff,chunkedmul.circom,ChunkedMul,in1[6]:lt[8].in:out[8],Yes
zksolid-paper/benchmarks/ed25519-099d19c/scalarmul,wit-constr-diff,chunkedmul.circom,ChunkedMul,in1[6]:lt[9].in:out[9],Yes
zksolid-paper/benchmarks/ed25519-099d19c/scalarmul,wit-constr-diff,chunkedmul.circom,ChunkedMul,in1[7]:lt[10].in:out[10],Yes
zksolid-paper/benchmarks/ed25519-099d19c/scalarmul,wit-constr-diff,chunkedmul.circom,ChunkedMul,in1[7]:lt[11].in:out[11],Yes
zksolid-paper/benchmarks/ed25519-099d19c/scalarmul,wit-constr-diff,chunkedmul.circom,ChunkedMul,in1[7]:lt[12].in:out[12],Yes
zksolid-paper/benchmarks/ed25519-099d19c/scalarmul,wit-constr-diff,chunkedmul.circom,ChunkedMul,in1[7]:lt[13].in:out[13],Yes
zksolid-paper/benchmarks/ed25519-099d19c/scalarmul,wit-constr-diff,chunkedmul.circom,ChunkedMul,in1[7]:lt[14].in:out[14],Yes
zksolid-paper/benchmarks/ed25519-099d19c/scalarmul,wit-constr-diff,chunkedmul.circom,ChunkedMul,in1[7]:lt[15].in:out[15],Yes
zksolid-paper/benchmarks/ed25519-099d19c/scalarmul,wit-constr-diff,chunkedmul.circom,ChunkedMul,in1[7]:lt[16].in:out[16],Yes
zksolid-paper/benchmarks/ed25519-099d19c/scalarmul,wit-constr-diff,chunkedmul.circom,ChunkedMul,in1[7]:lt[17].in:out[17],Yes
zksolid-paper/benchmarks/ed25519-099d19c/scalarmul,wit-constr-diff,chunkedmul.circom,ChunkedMul,in1[7]:lt[19].in:out[19],Yes
zksolid-paper/benchmarks/ed25519-099d19c/scalarmul,wit-constr-diff,chunkedmul.circom,ChunkedMul,in1[7]:lt[8].in:out[8],Yes
zksolid-paper/benchmarks/ed25519-099d19c/scalarmul,wit-constr-diff,chunkedmul.circom,ChunkedMul,in1[7]:lt[9].in:out[9],Yes
zksolid-paper/benchmarks/ed25519-099d19c/scalarmul,wit-constr-diff,chunkedmul.circom,ChunkedMul,in1[8]:lt[10].in:out[10],Yes
zksolid-paper/benchmarks/ed25519-099d19c/scalarmul,wit-constr-diff,chunkedmul.circom,ChunkedMul,in1[8]:lt[11].in:out[11],Yes
zksolid-paper/benchmarks/ed25519-099d19c/scalarmul,wit-constr-diff,chunkedmul.circom,ChunkedMul,in1[8]:lt[12].in:out[12],Yes
zksolid-paper/benchmarks/ed25519-099d19c/scalarmul,wit-constr-diff,chunkedmul.circom,ChunkedMul,in1[8]:lt[13].in:out[13],Yes
zksolid-paper/benchmarks/ed25519-099d19c/scalarmul,wit-constr-diff,chunkedmul.circom,ChunkedMul,in1[8]:lt[14].in:out[14],Yes
zksolid-paper/benchmarks/ed25519-099d19c/scalarmul,wit-constr-diff,chunkedmul.circom,ChunkedMul,in1[8]:lt[15].in:out[15],Yes
zksolid-paper/benchmarks/ed25519-099d19c/scalarmul,wit-constr-diff,chunkedmul.circom,ChunkedMul,in1[8]:lt[16].in:out[16],Yes
zksolid-paper/benchmarks/ed25519-099d19c/scalarmul,wit-constr-diff,chunkedmul.circom,ChunkedMul,in1[8]:lt[17].in:out[17],Yes
zksolid-paper/benchmarks/ed25519-099d19c/scalarmul,wit-constr-diff,chunkedmul.circom,ChunkedMul,in1[8]:lt[19].in:out[19],Yes
zksolid-paper/benchmarks/ed25519-099d19c/scalarmul,wit-constr-diff,chunkedmul.circom,ChunkedMul,in1[8]:lt[9].in:out[9],Yes
zksolid-paper/benchmarks/ed25519-099d19c/scalarmul,wit-constr-diff,chunkedmul.circom,ChunkedMul,in1[9]:lt[10].in:out[10],Yes
zksolid-paper/benchmarks/ed25519-099d19c/scalarmul,wit-constr-diff,chunkedmul.circom,ChunkedMul,in1[9]:lt[11].in:out[11],Yes
zksolid-paper/benchmarks/ed25519-099d19c/scalarmul,wit-constr-diff,chunkedmul.circom,ChunkedMul,in1[9]:lt[12].in:out[12],Yes
zksolid-paper/benchmarks/ed25519-099d19c/scalarmul,wit-constr-diff,chunkedmul.circom,ChunkedMul,in1[9]:lt[13].in:out[13],Yes
zksolid-paper/benchmarks/ed25519-099d19c/scalarmul,wit-constr-diff,chunkedmul.circom,ChunkedMul,in1[9]:lt[14].in:out[14],Yes
zksolid-paper/benchmarks/ed25519-099d19c/scalarmul,wit-constr-diff,chunkedmul.circom,ChunkedMul,in1[9]:lt[15].in:out[15],Yes
zksolid-paper/benchmarks/ed25519-099d19c/scalarmul,wit-constr-diff,chunkedmul.circom,ChunkedMul,in1[9]:lt[16].in:out[16],Yes
zksolid-paper/benchmarks/ed25519-099d19c/scalarmul,wit-constr-diff,chunkedmul.circom,ChunkedMul,in1[9]:lt[17].in:out[17],Yes
zksolid-paper/benchmarks/ed25519-099d19c/scalarmul,wit-constr-diff,chunkedmul.circom,ChunkedMul,in1[9]:lt[19].in:out[19],Yes
zksolid-paper/benchmarks/ed25519-099d19c/scalarmul,wit-constr-diff,chunkedmul.circom,ChunkedMul,in2[0]:lt[10].in:out[10],Yes
zksolid-paper/benchmarks/ed25519-099d19c/scalarmul,wit-constr-diff,chunkedmul.circom,ChunkedMul,in2[0]:lt[11].in:out[11],Yes
zksolid-paper/benchmarks/ed25519-099d19c/scalarmul,wit-constr-diff,chunkedmul.circom,ChunkedMul,in2[0]:lt[12].in:out[12],Yes
zksolid-paper/benchmarks/ed25519-099d19c/scalarmul,wit-constr-diff,chunkedmul.circom,ChunkedMul,in2[0]:lt[13].in:out[13],Yes
zksolid-paper/benchmarks/ed25519-099d19c/scalarmul,wit-constr-diff,chunkedmul.circom,ChunkedMul,in2[0]:lt[14].in:out[14],Yes
zksolid-paper/benchmarks/ed25519-099d19c/scalarmul,wit-constr-diff,chunkedmul.circom,ChunkedMul,in2[0]:lt[15].in:out[15],Yes
zksolid-paper/benchmarks/ed25519-099d19c/scalarmul,wit-constr-diff,chunkedmul.circom,ChunkedMul,in2[0]:lt[16].in:out[16],Yes
zksolid-paper/benchmarks/ed25519-099d19c/scalarmul,wit-constr-diff,chunkedmul.circom,ChunkedMul,in2[0]:lt[17].in:out[17],Yes
zksolid-paper/benchmarks/ed25519-099d19c/scalarmul,wit-constr-diff,chunkedmul.circom,ChunkedMul,in2[0]:lt[19].in:out[19],Yes
zksolid-paper/benchmarks/ed25519-099d19c/scalarmul,wit-constr-diff,chunkedmul.circom,ChunkedMul,in2[0]:lt[1].in:out[1],Yes
zksolid-paper/benchmarks/ed25519-099d19c/scalarmul,wit-constr-diff,chunkedmul.circom,ChunkedMul,in2[0]:lt[2].in:out[2],Yes
zksolid-paper/benchmarks/ed25519-099d19c/scalarmul,wit-constr-diff,chunkedmul.circom,ChunkedMul,in2[0]:lt[3].in:out[3],Yes
zksolid-paper/benchmarks/ed25519-099d19c/scalarmul,wit-constr-diff,chunkedmul.circom,ChunkedMul,in2[0]:lt[4].in:out[4],Yes
zksolid-paper/benchmarks/ed25519-099d19c/scalarmul,wit-constr-diff,chunkedmul.circom,ChunkedMul,in2[0]:lt[5].in:out[5],Yes
zksolid-paper/benchmarks/ed25519-099d19c/scalarmul,wit-constr-diff,chunkedmul.circom,ChunkedMul,in2[0]:lt[6].in:out[6],Yes
zksolid-paper/benchmarks/ed25519-099d19c/scalarmul,wit-constr-diff,chunkedmul.circom,ChunkedMul,in2[0]:lt[7].in:out[7],Yes
zksolid-paper/benchmarks/ed25519-099d19c/scalarmul,wit-constr-diff,chunkedmul.circom,ChunkedMul,in2[0]:lt[8].in:out[8],Yes
zksolid-paper/benchmarks/ed25519-099d19c/scalarmul,wit-constr-diff,chunkedmul.circom,ChunkedMul,in2[0]:lt[9].in:out[9],Yes
zksolid-paper/benchmarks/ed25519-099d19c/scalarmul,wit-constr-diff,chunkedmul.circom,ChunkedMul,in2[1]:lt[13].in:out[13],Yes
zksolid-paper/benchmarks/ed25519-099d19c/scalarmul,wit-constr-diff,chunkedmul.circom,ChunkedMul,in2[1]:lt[16].in:out[16],Yes
zksolid-paper/benchmarks/ed25519-099d19c/scalarmul,wit-constr-diff,chunkedmul.circom,ChunkedMul,in2[1]:lt[19].in:out[19],Yes
zksolid-paper/benchmarks/ed25519-099d19c/scalarmul,wit-constr-diff,chunkedmul.circom,ChunkedMul,in2[1]:lt[5].in:out[5],Yes
zksolid-paper/benchmarks/ed25519-099d19c/scalarmul,wit-constr-diff,chunkedmul.circom,ChunkedMul,in2[1]:lt[8].in:out[8],Yes
zksolid-paper/benchmarks/ed25519-099d19c/scalarmul,wit-constr-diff,chunkedmul.circom,ChunkedMul,in2[2]:lt[13].in:out[13],Yes
zksolid-paper/benchmarks/ed25519-099d19c/scalarmul,wit-constr-diff,chunkedmul.circom,ChunkedMul,in2[2]:lt[16].in:out[16],Yes
zksolid-paper/benchmarks/ed25519-099d19c/scalarmul,wit-constr-diff,chunkedmul.circom,ChunkedMul,in2[2]:lt[19].in:out[19],Yes
zksolid-paper/benchmarks/ed25519-099d19c/scalarmul,wit-constr-diff,chunkedmul.circom,ChunkedMul,in2[2]:lt[5].in:out[5],Yes
zksolid-paper/benchmarks/ed25519-099d19c/scalarmul,wit-constr-diff,chunkedmul.circom,ChunkedMul,in2[2]:lt[8].in:out[8],Yes
zksolid-paper/benchmarks/ed25519-099d19c/scalarmul,wit-constr-diff,chunkedmul.circom,ChunkedMul,in2[3]:lt[13].in:out[13],Yes
zksolid-paper/benchmarks/ed25519-099d19c/scalarmul,wit-constr-diff,chunkedmul.circom,ChunkedMul,in2[3]:lt[16].in:out[16],Yes
zksolid-paper/benchmarks/ed25519-099d19c/scalarmul,wit-constr-diff,chunkedmul.circom,ChunkedMul,in2[3]:lt[19].in:out[19],Yes
zksolid-paper/benchmarks/ed25519-099d19c/scalarmul,wit-constr-diff,chunkedmul.circom,ChunkedMul,in2[4]:lt[13].in:out[13],Yes
zksolid-paper/benchmarks/ed25519-099d19c/scalarmul,wit-constr-diff,chunkedmul.circom,ChunkedMul,in2[4]:lt[16].in:out[16],Yes
zksolid-paper/benchmarks/ed25519-099d19c/scalarmul,wit-constr-diff,chunkedmul.circom,ChunkedMul,in2[4]:lt[19].in:out[19],Yes
zksolid-paper/benchmarks/ed25519-099d19c/scalarmul,wit-constr-diff,chunkedmul.circom,ChunkedMul,in2[5]:lt[13].in:out[13],Yes
zksolid-paper/benchmarks/ed25519-099d19c/scalarmul,wit-constr-diff,chunkedmul.circom,ChunkedMul,in2[5]:lt[16].in:out[16],Yes
zksolid-paper/benchmarks/ed25519-099d19c/scalarmul,wit-constr-diff,chunkedmul.circom,ChunkedMul,in2[5]:lt[19].in:out[19],Yes
zksolid-paper/benchmarks/ed25519-099d19c/scalarmul,wit-constr-diff,chunkedmul.circom,ChunkedMul,in2[6]:lt[13].in:out[13],Yes
zksolid-paper/benchmarks/ed25519-099d19c/scalarmul,wit-constr-diff,chunkedmul.circom,ChunkedMul,in2[6]:lt[16].in:out[16],Yes
zksolid-paper/benchmarks/ed25519-099d19c/scalarmul,wit-constr-diff,chunkedmul.circom,ChunkedMul,in2[6]:lt[19].in:out[19],Yes
zksolid-paper/benchmarks/ed25519-099d19c/scalarmul,wit-constr-diff,chunkedmul.circom,ChunkedMul,in2[7]:lt[19].in:out[19],Yes
zksolid-paper/benchmarks/ed25519-099d19c/scalarmul,wit-constr-diff,chunkedmul.circom,ChunkedMul,in2[8]:lt[19].in:out[19],Yes
zksolid-paper/benchmarks/ed25519-099d19c/scalarmul,wit-constr-diff,chunkedmul.circom,ChunkedMul,in2[9]:lt[19].in:out[19],Yes
zksolid-paper/benchmarks/ed25519-099d19c/scalarmul,wit-constr-diff,chunkedmul.circom,ChunkedMul,pp[0]:lt[10].in:out[10],Yes
zksolid-paper/benchmarks/ed25519-099d19c/scalarmul,wit-constr-diff,chunkedmul.circom,ChunkedMul,pp[0]:lt[11].in:out[11],Yes
zksolid-paper/benchmarks/ed25519-099d19c/scalarmul,wit-constr-diff,chunkedmul.circom,ChunkedMul,pp[0]:lt[12].in:out[12],Yes
zksolid-paper/benchmarks/ed25519-099d19c/scalarmul,wit-constr-diff,chunkedmul.circom,ChunkedMul,pp[0]:lt[13].in:out[13],Yes
zksolid-paper/benchmarks/ed25519-099d19c/scalarmul,wit-constr-diff,chunkedmul.circom,ChunkedMul,pp[0]:lt[14].in:out[14],Yes
zksolid-paper/benchmarks/ed25519-099d19c/scalarmul,wit-constr-diff,chunkedmul.circom,ChunkedMul,pp[0]:lt[15].in:out[15],Yes
zksolid-paper/benchmarks/ed25519-099d19c/scalarmul,wit-constr-diff,chunkedmul.circom,ChunkedMul,pp[0]:lt[16].in:out[16],Yes
zksolid-paper/benchmarks/ed25519-099d19c/scalarmul,wit-constr-diff,chunkedmul.circom,ChunkedMul,pp[0]:lt[17].in:out[17],Yes
zksolid-paper/benchmarks/ed25519-099d19c/scalarmul,wit-constr-diff,chunkedmul.circom,ChunkedMul,pp[0]:lt[19].in:out[19],Yes
zksolid-paper/benchmarks/ed25519-099d19c/scalarmul,wit-constr-diff,chunkedmul.circom,ChunkedMul,pp[0]:lt[1].in:out[1],Yes
zksolid-paper/benchmarks/ed25519-099d19c/scalarmul,wit-constr-diff,chunkedmul.circom,ChunkedMul,pp[0]:lt[2].in:out[2],Yes
zksolid-paper/benchmarks/ed25519-099d19c/scalarmul,wit-constr-diff,chunkedmul.circom,ChunkedMul,pp[0]:lt[3].in:out[3],Yes
zksolid-paper/benchmarks/ed25519-099d19c/scalarmul,wit-constr-diff,chunkedmul.circom,ChunkedMul,pp[0]:lt[4].in:out[4],Yes
zksolid-paper/benchmarks/ed25519-099d19c/scalarmul,wit-constr-diff,chunkedmul.circom,ChunkedMul,pp[0]:lt[5].in:out[5],Yes
zksolid-paper/benchmarks/ed25519-099d19c/scalarmul,wit-constr-diff,chunkedmul.circom,ChunkedMul,pp[0]:lt[6].in:out[6],Yes
zksolid-paper/benchmarks/ed25519-099d19c/scalarmul,wit-constr-diff,chunkedmul.circom,ChunkedMul,pp[0]:lt[7].in:out[7],Yes
zksolid-paper/benchmarks/ed25519-099d19c/scalarmul,wit-constr-diff,chunkedmul.circom,ChunkedMul,pp[0]:lt[8].in:out[8],Yes
zksolid-paper/benchmarks/ed25519-099d19c/scalarmul,wit-constr-diff,chunkedmul.circom,ChunkedMul,pp[0]:lt[9].in:out[9],Yes
zksolid-paper/benchmarks/ed25519-099d19c/scalarmul,wit-constr-diff,chunkedmul.circom,ChunkedMul,pp[100]:lt[16].in:out[16],Yes
zksolid-paper/benchmarks/ed25519-099d19c/scalarmul,wit-constr-diff,chunkedmul.circom,ChunkedMul,pp[100]:lt[19].in:out[19],Yes
zksolid-paper/benchmarks/ed25519-099d19c/scalarmul,wit-constr-diff,chunkedmul.circom,ChunkedMul,pp[101]:lt[16].in:out[16],Yes
zksolid-paper/benchmarks/ed25519-099d19c/scalarmul,wit-constr-diff,chunkedmul.circom,ChunkedMul,pp[101]:lt[19].in:out[19],Yes
zksolid-paper/benchmarks/ed25519-099d19c/scalarmul,wit-constr-diff,chunkedmul.circom,ChunkedMul,pp[102]:lt[16].in:out[16],Yes
zksolid-paper/benchmarks/ed25519-099d19c/scalarmul,wit-constr-diff,chunkedmul.circom,ChunkedMul,pp[102]:lt[19].in:out[19],Yes
zksolid-paper/benchmarks/ed25519-099d19c/scalarmul,wit-constr-diff,chunkedmul.circom,ChunkedMul,pp[103]:lt[16].in:out[16],Yes
zksolid-paper/benchmarks/ed25519-099d19c/scalarmul,wit-constr-diff,chunkedmul.circom,ChunkedMul,pp[103]:lt[19].in:out[19],Yes
zksolid-paper/benchmarks/ed25519-099d19c/scalarmul,wit-constr-diff,chunkedmul.circom,ChunkedMul,pp[104]:lt[16].in:out[16],Yes
zksolid-paper/benchmarks/ed25519-099d19c/scalarmul,wit-constr-diff,chunkedmul.circom,ChunkedMul,pp[104]:lt[19].in:out[19],Yes
zksolid-paper/benchmarks/ed25519-099d19c/scalarmul,wit-constr-diff,chunkedmul.circom,ChunkedMul,pp[105]:lt[16].in:out[16],Yes
zksolid-paper/benchmarks/ed25519-099d19c/scalarmul,wit-constr-diff,chunkedmul.circom,ChunkedMul,pp[105]:lt[19].in:out[19],Yes
zksolid-paper/benchmarks/ed25519-099d19c/scalarmul,wit-constr-diff,chunkedmul.circom,ChunkedMul,pp[106]:lt[16].in:out[16],Yes
zksolid-paper/benchmarks/ed25519-099d19c/scalarmul,wit-constr-diff,chunkedmul.circom,ChunkedMul,pp[106]:lt[19].in:out[19],Yes
zksolid-paper/benchmarks/ed25519-099d19c/scalarmul,wit-constr-diff,chunkedmul.circom,ChunkedMul,pp[107]:lt[16].in:out[16],Yes
zksolid-paper/benchmarks/ed25519-099d19c/scalarmul,wit-constr-diff,chunkedmul.circom,ChunkedMul,pp[107]:lt[19].in:out[19],Yes
zksolid-paper/benchmarks/ed25519-099d19c/scalarmul,wit-constr-diff,chunkedmul.circom,ChunkedMul,pp[108]:lt[16].in:out[16],Yes
zksolid-paper/benchmarks/ed25519-099d19c/scalarmul,wit-constr-diff,chunkedmul.circom,ChunkedMul,pp[108]:lt[19].in:out[19],Yes
zksolid-paper/benchmarks/ed25519-099d19c/scalarmul,wit-constr-diff,chunkedmul.circom,ChunkedMul,pp[109]:lt[16].in:out[16],Yes
zksolid-paper/benchmarks/ed25519-099d19c/scalarmul,wit-constr-diff,chunkedmul.circom,ChunkedMul,pp[109]:lt[19].in:out[19],Yes
zksolid-paper/benchmarks/ed25519-099d19c/scalarmul,wit-constr-diff,chunkedmul.circom,ChunkedMul,pp[10]:lt[11].in:out[11],Yes
zksolid-paper/benchmarks/ed25519-099d19c/scalarmul,wit-constr-diff,chunkedmul.circom,ChunkedMul,pp[10]:lt[12].in:out[12],Yes
zksolid-paper/benchmarks/ed25519-099d19c/scalarmul,wit-constr-diff,chunkedmul.circom,ChunkedMul,pp[10]:lt[13].in:out[13],Yes
zksolid-paper/benchmarks/ed25519-099d19c/scalarmul,wit-constr-diff,chunkedmul.circom,ChunkedMul,pp[10]:lt[14].in:out[14],Yes
zksolid-paper/benchmarks/ed25519-099d19c/scalarmul,wit-constr-diff,chunkedmul.circom,ChunkedMul,pp[10]:lt[15].in:out[15],Yes
zksolid-paper/benchmarks/ed25519-099d19c/scalarmul,wit-constr-diff,chunkedmul.circom,ChunkedMul,pp[10]:lt[16].in:out[16],Yes
zksolid-paper/benchmarks/ed25519-099d19c/scalarmul,wit-constr-diff,chunkedmul.circom,ChunkedMul,pp[10]:lt[17].in:out[17],Yes
zksolid-paper/benchmarks/ed25519-099d19c/scalarmul,wit-constr-diff,chunkedmul.circom,ChunkedMul,pp[10]:lt[19].in:out[19],Yes
zksolid-paper/benchmarks/ed25519-099d19c/scalarmul,wit-constr-diff,chunkedmul.circom,ChunkedMul,pp[10]:lt[5].in:out[5],Yes
zksolid-paper/benchmarks/ed25519-099d19c/scalarmul,wit-constr-diff,chunkedmul.circom,ChunkedMul,pp[10]:lt[8].in:out[8],Yes
zksolid-paper/benchmarks/ed25519-099d19c/scalarmul,wit-constr-diff,chunkedmul.circom,ChunkedMul,pp[110]:lt[16].in:out[16],Yes
zksolid-paper/benchmarks/ed25519-099d19c/scalarmul,wit-constr-diff,chunkedmul.circom,ChunkedMul,pp[110]:lt[19].in:out[19],Yes
zksolid-paper/benchmarks/ed25519-099d19c/scalarmul,wit-constr-diff,chunkedmul.circom,ChunkedMul,pp[111]:lt[16].in:out[16],Yes
zksolid-paper/benchmarks/ed25519-099d19c/scalarmul,wit-constr-diff,chunkedmul.circom,ChunkedMul,pp[111]:lt[19].in:out[19],Yes
zksolid-paper/benchmarks/ed25519-099d19c/scalarmul,wit-constr-diff,chunkedmul.circom,ChunkedMul,pp[112]:lt[19].in:out[19],Yes
zksolid-paper/benchmarks/ed25519-099d19c/scalarmul,wit-constr-diff,chunkedmul.circom,ChunkedMul,pp[113]:lt[19].in:out[19],Yes
zksolid-paper/benchmarks/ed25519-099d19c/scalarmul,wit-constr-diff,chunkedmul.circom,ChunkedMul,pp[114]:lt[19].in:out[19],Yes
zksolid-paper/benchmarks/ed25519-099d19c/scalarmul,wit-constr-diff,chunkedmul.circom,ChunkedMul,pp[115]:lt[19].in:out[19],Yes
zksolid-paper/benchmarks/ed25519-099d19c/scalarmul,wit-constr-diff,chunkedmul.circom,ChunkedMul,pp[116]:lt[19].in:out[19],Yes
zksolid-paper/benchmarks/ed25519-099d19c/scalarmul,wit-constr-diff,chunkedmul.circom,ChunkedMul,pp[117]:lt[19].in:out[19],Yes
zksolid-paper/benchmarks/ed25519-099d19c/scalarmul,wit-constr-diff,chunkedmul.circom,ChunkedMul,pp[118]:lt[19].in:out[19],Yes
zksolid-paper/benchmarks/ed25519-099d19c/scalarmul,wit-constr-diff,chunkedmul.circom,ChunkedMul,pp[119]:lt[19].in:out[19],Yes
zksolid-paper/benchmarks/ed25519-099d19c/scalarmul,wit-constr-diff,chunkedmul.circom,ChunkedMul,pp[11]:lt[12].in:out[12],Yes
zksolid-paper/benchmarks/ed25519-099d19c/scalarmul,wit-constr-diff,chunkedmul.circom,ChunkedMul,pp[11]:lt[13].in:out[13],Yes
zksolid-paper/benchmarks/ed25519-099d19c/scalarmul,wit-constr-diff,chunkedmul.circom,ChunkedMul,pp[11]:lt[14].in:out[14],Yes
zksolid-paper/benchmarks/ed25519-099d19c/scalarmul,wit-constr-diff,chunkedmul.circom,ChunkedMul,pp[11]:lt[15].in:out[15],Yes
zksolid-paper/benchmarks/ed25519-099d19c/scalarmul,wit-constr-diff,chunkedmul.circom,ChunkedMul,pp[11]:lt[16].in:out[16],Yes
zksolid-paper/benchmarks/ed25519-099d19c/scalarmul,wit-constr-diff,chunkedmul.circom,ChunkedMul,pp[11]:lt[17].in:out[17],Yes
zksolid-paper/benchmarks/ed25519-099d19c/scalarmul,wit-constr-diff,chunkedmul.circom,ChunkedMul,pp[11]:lt[19].in:out[19],Yes
zksolid-paper/benchmarks/ed25519-099d19c/scalarmul,wit-constr-diff,chunkedmul.circom,ChunkedMul,pp[11]:lt[5].in:out[5],Yes
zksolid-paper/benchmarks/ed25519-099d19c/scalarmul,wit-constr-diff,chunkedmul.circom,ChunkedMul,pp[11]:lt[8].in:out[8],Yes
zksolid-paper/benchmarks/ed25519-099d19c/scalarmul,wit-constr-diff,chunkedmul.circom,ChunkedMul,pp[120]:lt[19].in:out[19],Yes
zksolid-paper/benchmarks/ed25519-099d19c/scalarmul,wit-constr-diff,chunkedmul.circom,ChunkedMul,pp[121]:lt[19].in:out[19],Yes
zksolid-paper/benchmarks/ed25519-099d19c/scalarmul,wit-constr-diff,chunkedmul.circom,ChunkedMul,pp[122]:lt[19].in:out[19],Yes
zksolid-paper/benchmarks/ed25519-099d19c/scalarmul,wit-constr-diff,chunkedmul.circom,ChunkedMul,pp[123]:lt[19].in:out[19],Yes
zksolid-paper/benchmarks/ed25519-099d19c/scalarmul,wit-constr-diff,chunkedmul.circom,ChunkedMul,pp[124]:lt[19].in:out[19],Yes
zksolid-paper/benchmarks/ed25519-099d19c/scalarmul,wit-constr-diff,chunkedmul.circom,ChunkedMul,pp[125]:lt[19].in:out[19],Yes
zksolid-paper/benchmarks/ed25519-099d19c/scalarmul,wit-constr-diff,chunkedmul.circom,ChunkedMul,pp[126]:lt[19].in:out[19],Yes
zksolid-paper/benchmarks/ed25519-099d19c/scalarmul,wit-constr-diff,chunkedmul.circom,ChunkedMul,pp[127]:lt[19].in:out[19],Yes
zksolid-paper/benchmarks/ed25519-099d19c/scalarmul,wit-constr-diff,chunkedmul.circom,ChunkedMul,pp[128]:lt[19].in:out[19],Yes
zksolid-paper/benchmarks/ed25519-099d19c/scalarmul,wit-constr-diff,chunkedmul.circom,ChunkedMul,pp[129]:lt[19].in:out[19],Yes
zksolid-paper/benchmarks/ed25519-099d19c/scalarmul,wit-constr-diff,chunkedmul.circom,ChunkedMul,pp[12]:lt[13].in:out[13],Yes
zksolid-paper/benchmarks/ed25519-099d19c/scalarmul,wit-constr-diff,chunkedmul.circom,ChunkedMul,pp[12]:lt[14].in:out[14],Yes
zksolid-paper/benchmarks/ed25519-099d19c/scalarmul,wit-constr-diff,chunkedmul.circom,ChunkedMul,pp[12]:lt[15].in:out[15],Yes
zksolid-paper/benchmarks/ed25519-099d19c/scalarmul,wit-constr-diff,chunkedmul.circom,ChunkedMul,pp[12]:lt[16].in:out[16],Yes
zksolid-paper/benchmarks/ed25519-099d19c/scalarmul,wit-constr-diff,chunkedmul.circom,ChunkedMul,pp[12]:lt[17].in:out[17],Yes
zksolid-paper/benchmarks/ed25519-099d19c/scalarmul,wit-constr-diff,chunkedmul.circom,ChunkedMul,pp[12]:lt[19].in:out[19],Yes
zksolid-paper/benchmarks/ed25519-099d19c/scalarmul,wit-constr-diff,chunkedmul.circom,ChunkedMul,pp[12]:lt[5].in:out[5],Yes
zksolid-paper/benchmarks/ed25519-099d19c/scalarmul,wit-constr-diff,chunkedmul.circom,ChunkedMul,pp[12]:lt[8].in:out[8],Yes
zksolid-paper/benchmarks/ed25519-099d19c/scalarmul,wit-constr-diff,chunkedmul.circom,ChunkedMul,pp[130]:lt[19].in:out[19],Yes
zksolid-paper/benchmarks/ed25519-099d19c/scalarmul,wit-constr-diff,chunkedmul.circom,ChunkedMul,pp[131]:lt[19].in:out[19],Yes
zksolid-paper/benchmarks/ed25519-099d19c/scalarmul,wit-constr-diff,chunkedmul.circom,ChunkedMul,pp[132]:lt[19].in:out[19],Yes
zksolid-paper/benchmarks/ed25519-099d19c/scalarmul,wit-constr-diff,chunkedmul.circom,ChunkedMul,pp[133]:lt[19].in:out[19],Yes
zksolid-paper/benchmarks/ed25519-099d19c/scalarmul,wit-constr-diff,chunkedmul.circom,ChunkedMul,pp[134]:lt[19].in:out[19],Yes
zksolid-paper/benchmarks/ed25519-099d19c/scalarmul,wit-constr-diff,chunkedmul.circom,ChunkedMul,pp[135]:lt[19].in:out[19],Yes
zksolid-paper/benchmarks/ed25519-099d19c/scalarmul,wit-constr-diff,chunkedmul.circom,ChunkedMul,pp[136]:lt[19].in:out[19],Yes
zksolid-paper/benchmarks/ed25519-099d19c/scalarmul,wit-constr-diff,chunkedmul.circom,ChunkedMul,pp[137]:lt[19].in:out[19],Yes
zksolid-paper/benchmarks/ed25519-099d19c/scalarmul,wit-constr-diff,chunkedmul.circom,ChunkedMul,pp[138]:lt[19].in:out[19],Yes
zksolid-paper/benchmarks/ed25519-099d19c/scalarmul,wit-constr-diff,chunkedmul.circom,ChunkedMul,pp[139]:lt[19].in:out[19],Yes
zksolid-paper/benchmarks/ed25519-099d19c/scalarmul,wit-constr-diff,chunkedmul.circom,ChunkedMul,pp[13]:lt[13].in:out[13],Yes
zksolid-paper/benchmarks/ed25519-099d19c/scalarmul,wit-constr-diff,chunkedmul.circom,ChunkedMul,pp[13]:lt[14].in:out[14],Yes
zksolid-paper/benchmarks/ed25519-099d19c/scalarmul,wit-constr-diff,chunkedmul.circom,ChunkedMul,pp[13]:lt[15].in:out[15],Yes
zksolid-paper/benchmarks/ed25519-099d19c/scalarmul,wit-constr-diff,chunkedmul.circom,ChunkedMul,pp[13]:lt[16].in:out[16],Yes
zksolid-paper/benchmarks/ed25519-099d19c/scalarmul,wit-constr-diff,chunkedmul.circom,ChunkedMul,pp[13]:lt[17].in:out[17],Yes
zksolid-paper/benchmarks/ed25519-099d19c/scalarmul,wit-constr-diff,chunkedmul.circom,ChunkedMul,pp[13]:lt[19].in:out[19],Yes
zksolid-paper/benchmarks/ed25519-099d19c/scalarmul,wit-constr-diff,chunkedmul.circom,ChunkedMul,pp[13]:lt[5].in:out[5],Yes
zksolid-paper/benchmarks/ed25519-099d19c/scalarmul,wit-constr-diff,chunkedmul.circom,ChunkedMul,pp[13]:lt[8].in:out[8],Yes
zksolid-paper/benchmarks/ed25519-099d19c/scalarmul,wit-constr-diff,chunkedmul.circom,ChunkedMul,pp[140]:lt[19].in:out[19],Yes
zksolid-paper/benchmarks/ed25519-099d19c/scalarmul,wit-constr-diff,chunkedmul.circom,ChunkedMul,pp[141]:lt[19].in:out[19],Yes
zksolid-paper/benchmarks/ed25519-099d19c/scalarmul,wit-constr-diff,chunkedmul.circom,ChunkedMul,pp[142]:lt[19].in:out[19],Yes
zksolid-paper/benchmarks/ed25519-099d19c/scalarmul,wit-constr-diff,chunkedmul.circom,ChunkedMul,pp[143]:lt[19].in:out[19],Yes
zksolid-paper/benchmarks/ed25519-099d19c/scalarmul,wit-constr-diff,chunkedmul.circom,ChunkedMul,pp[144]:lt[19].in:out[19],Yes
zksolid-paper/benchmarks/ed25519-099d19c/scalarmul,wit-constr-diff,chunkedmul.circom,ChunkedMul,pp[145]:lt[19].in:out[19],Yes
zksolid-paper/benchmarks/ed25519-099d19c/scalarmul,wit-constr-diff,chunkedmul.circom,ChunkedMul,pp[146]:lt[19].in:out[19],Yes
zksolid-paper/benchmarks/ed25519-099d19c/scalarmul,wit-constr-diff,chunkedmul.circom,ChunkedMul,pp[147]:lt[19].in:out[19],Yes
zksolid-paper/benchmarks/ed25519-099d19c/scalarmul,wit-constr-diff,chunkedmul.circom,ChunkedMul,pp[148]:lt[19].in:out[19],Yes
zksolid-paper/benchmarks/ed25519-099d19c/scalarmul,wit-constr-diff,chunkedmul.circom,ChunkedMul,pp[149]:lt[19].in:out[19],Yes
zksolid-paper/benchmarks/ed25519-099d19c/scalarmul,wit-constr-diff,chunkedmul.circom,ChunkedMul,pp[14]:lt[13].in:out[13],Yes
zksolid-paper/benchmarks/ed25519-099d19c/scalarmul,wit-constr-diff,chunkedmul.circom,ChunkedMul,pp[14]:lt[15].in:out[15],Yes
zksolid-paper/benchmarks/ed25519-099d19c/scalarmul,wit-constr-diff,chunkedmul.circom,ChunkedMul,pp[14]:lt[16].in:out[16],Yes
zksolid-paper/benchmarks/ed25519-099d19c/scalarmul,wit-constr-diff,chunkedmul.circom,ChunkedMul,pp[14]:lt[17].in:out[17],Yes
zksolid-paper/benchmarks/ed25519-099d19c/scalarmul,wit-constr-diff,chunkedmul.circom,ChunkedMul,pp[14]:lt[19].in:out[19],Yes
zksolid-paper/benchmarks/ed25519-099d19c/scalarmul,wit-constr-diff,chunkedmul.circom,ChunkedMul,pp[14]:lt[5].in:out[5],Yes
zksolid-paper/benchmarks/ed25519-099d19c/scalarmul,wit-constr-diff,chunkedmul.circom,ChunkedMul,pp[14]:lt[8].in:out[8],Yes
zksolid-paper/benchmarks/ed25519-099d19c/scalarmul,wit-constr-diff,chunkedmul.circom,ChunkedMul,pp[150]:lt[19].in:out[19],Yes
zksolid-paper/benchmarks/ed25519-099d19c/scalarmul,wit-constr-diff,chunkedmul.circom,ChunkedMul,pp[151]:lt[19].in:out[19],Yes
zksolid-paper/benchmarks/ed25519-099d19c/scalarmul,wit-constr-diff,chunkedmul.circom,ChunkedMul,pp[152]:lt[19].in:out[19],Yes
zksolid-paper/benchmarks/ed25519-099d19c/scalarmul,wit-constr-diff,chunkedmul.circom,ChunkedMul,pp[153]:lt[19].in:out[19],Yes
zksolid-paper/benchmarks/ed25519-099d19c/scalarmul,wit-constr-diff,chunkedmul.circom,ChunkedMul,pp[154]:lt[19].in:out[19],Yes
zksolid-paper/benchmarks/ed25519-099d19c/scalarmul,wit-constr-diff,chunkedmul.circom,ChunkedMul,pp[155]:lt[19].in:out[19],Yes
zksolid-paper/benchmarks/ed25519-099d19c/scalarmul,wit-constr-diff,chunkedmul.circom,ChunkedMul,pp[156]:lt[19].in:out[19],Yes
zksolid-paper/benchmarks/ed25519-099d19c/scalarmul,wit-constr-diff,chunkedmul.circom,ChunkedMul,pp[157]:lt[19].in:out[19],Yes
zksolid-paper/benchmarks/ed25519-099d19c/scalarmul,wit-constr-diff,chunkedmul.circom,ChunkedMul,pp[158]:lt[19].in:out[19],Yes
zksolid-paper/benchmarks/ed25519-099d19c/scalarmul,wit-constr-diff,chunkedmul.circom,ChunkedMul,pp[159]:lt[19].in:out[19],Yes
zksolid-paper/benchmarks/ed25519-099d19c/scalarmul,wit-constr-diff,chunkedmul.circom,ChunkedMul,pp[15]:lt[13].in:out[13],Yes
zksolid-paper/benchmarks/ed25519-099d19c/scalarmul,wit-constr-diff,chunkedmul.circom,ChunkedMul,pp[15]:lt[16].in:out[16],Yes
zksolid-paper/benchmarks/ed25519-099d19c/scalarmul,wit-constr-diff,chunkedmul.circom,ChunkedMul,pp[15]:lt[17].in:out[17],Yes
zksolid-paper/benchmarks/ed25519-099d19c/scalarmul,wit-constr-diff,chunkedmul.circom,ChunkedMul,pp[15]:lt[19].in:out[19],Yes
zksolid-paper/benchmarks/ed25519-099d19c/scalarmul,wit-constr-diff,chunkedmul.circom,ChunkedMul,pp[15]:lt[8].in:out[8],Yes
zksolid-paper/benchmarks/ed25519-099d19c/scalarmul,wit-constr-diff,chunkedmul.circom,ChunkedMul,pp[160]:lt[19].in:out[19],Yes
zksolid-paper/benchmarks/ed25519-099d19c/scalarmul,wit-constr-diff,chunkedmul.circom,ChunkedMul,pp[161]:lt[19].in:out[19],Yes
zksolid-paper/benchmarks/ed25519-099d19c/scalarmul,wit-constr-diff,chunkedmul.circom,ChunkedMul,pp[162]:lt[19].in:out[19],Yes
zksolid-paper/benchmarks/ed25519-099d19c/scalarmul,wit-constr-diff,chunkedmul.circom,ChunkedMul,pp[163]:lt[19].in:out[19],Yes
zksolid-paper/benchmarks/ed25519-099d19c/scalarmul,wit-constr-diff,chunkedmul.circom,ChunkedMul,pp[164]:lt[19].in:out[19],Yes
zksolid-paper/benchmarks/ed25519-099d19c/scalarmul,wit-constr-diff,chunkedmul.circom,ChunkedMul,pp[165]:lt[19].in:out[19],Yes
zksolid-paper/benchmarks/ed25519-099d19c/scalarmul,wit-constr-diff,chunkedmul.circom,ChunkedMul,pp[166]:lt[19].in:out[19],Yes
zksolid-paper/benchmarks/ed25519-099d19c/scalarmul,wit-constr-diff,chunkedmul.circom,ChunkedMul,pp[167]:lt[19].in:out[19],Yes
zksolid-paper/benchmarks/ed25519-099d19c/scalarmul,wit-constr-diff,chunkedmul.circom,ChunkedMul,pp[168]:lt[19].in:out[19],Yes
zksolid-paper/benchmarks/ed25519-099d19c/scalarmul,wit-constr-diff,chunkedmul.circom,ChunkedMul,pp[169]:lt[19].in:out[19],Yes
zksolid-paper/benchmarks/ed25519-099d19c/scalarmul,wit-constr-diff,chunkedmul.circom,ChunkedMul,pp[16]:lt[13].in:out[13],Yes
zksolid-paper/benchmarks/ed25519-099d19c/scalarmul,wit-constr-diff,chunkedmul.circom,ChunkedMul,pp[16]:lt[16].in:out[16],Yes
zksolid-paper/benchmarks/ed25519-099d19c/scalarmul,wit-constr-diff,chunkedmul.circom,ChunkedMul,pp[16]:lt[17].in:out[17],Yes
zksolid-paper/benchmarks/ed25519-099d19c/scalarmul,wit-constr-diff,chunkedmul.circom,ChunkedMul,pp[16]:lt[19].in:out[19],Yes
zksolid-paper/benchmarks/ed25519-099d19c/scalarmul,wit-constr-diff,chunkedmul.circom,ChunkedMul,pp[16]:lt[8].in:out[8],Yes
zksolid-paper/benchmarks/ed25519-099d19c/scalarmul,wit-constr-diff,chunkedmul.circom,ChunkedMul,pp[170]:lt[19].in:out[19],Yes
zksolid-paper/benchmarks/ed25519-099d19c/scalarmul,wit-constr-diff,chunkedmul.circom,ChunkedMul,pp[171]:lt[19].in:out[19],Yes
zksolid-paper/benchmarks/ed25519-099d19c/scalarmul,wit-constr-diff,chunkedmul.circom,ChunkedMul,pp[172]:lt[19].in:out[19],Yes
zksolid-paper/benchmarks/ed25519-099d19c/scalarmul,wit-constr-diff,chunkedmul.circom,ChunkedMul,pp[173]:lt[19].in:out[19],Yes
zksolid-paper/benchmarks/ed25519-099d19c/scalarmul,wit-constr-diff,chunkedmul.circom,ChunkedMul,pp[174]:lt[19].in:out[19],Yes
zksolid-paper/benchmarks/ed25519-099d19c/scalarmul,wit-constr-diff,chunkedmul.circom,ChunkedMul,pp[175]:lt[19].in:out[19],Yes
zksolid-paper/benchmarks/ed25519-099d19c/scalarmul,wit-constr-diff,chunkedmul.circom,ChunkedMul,pp[176]:lt[19].in:out[19],Yes
zksolid-paper/benchmarks/ed25519-099d19c/scalarmul,wit-constr-diff,chunkedmul.circom,ChunkedMul,pp[177]:lt[19].in:out[19],Yes
zksolid-paper/benchmarks/ed25519-099d19c/scalarmul,wit-constr-diff,chunkedmul.circom,ChunkedMul,pp[178]:lt[19].in:out[19],Yes
zksolid-paper/benchmarks/ed25519-099d19c/scalarmul,wit-constr-diff,chunkedmul.circom,ChunkedMul,pp[179]:lt[19].in:out[19],Yes
zksolid-paper/benchmarks/ed25519-099d19c/scalarmul,wit-constr-diff,chunkedmul.circom,ChunkedMul,pp[17]:lt[13].in:out[13],Yes
zksolid-paper/benchmarks/ed25519-099d19c/scalarmul,wit-constr-diff,chunkedmul.circom,ChunkedMul,pp[17]:lt[16].in:out[16],Yes
zksolid-paper/benchmarks/ed25519-099d19c/scalarmul,wit-constr-diff,chunkedmul.circom,ChunkedMul,pp[17]:lt[19].in:out[19],Yes
zksolid-paper/benchmarks/ed25519-099d19c/scalarmul,wit-constr-diff,chunkedmul.circom,ChunkedMul,pp[17]:lt[8].in:out[8],Yes
zksolid-paper/benchmarks/ed25519-099d19c/scalarmul,wit-constr-diff,chunkedmul.circom,ChunkedMul,pp[180]:lt[19].in:out[19],Yes
zksolid-paper/benchmarks/ed25519-099d19c/scalarmul,wit-constr-diff,chunkedmul.circom,ChunkedMul,pp[181]:lt[19].in:out[19],Yes
zksolid-paper/benchmarks/ed25519-099d19c/scalarmul,wit-constr-diff,chunkedmul.circom,ChunkedMul,pp[182]:lt[19].in:out[19],Yes
zksolid-paper/benchmarks/ed25519-099d19c/scalarmul,wit-constr-diff,chunkedmul.circom,ChunkedMul,pp[183]:lt[19].in:out[19],Yes
zksolid-paper/benchmarks/ed25519-099d19c/scalarmul,wit-constr-diff,chunkedmul.circom,ChunkedMul,pp[184]:lt[19].in:out[19],Yes
zksolid-paper/benchmarks/ed25519-099d19c/scalarmul,wit-constr-diff,chunkedmul.circom,ChunkedMul,pp[185]:lt[19].in:out[19],Yes
zksolid-paper/benchmarks/ed25519-099d19c/scalarmul,wit-constr-diff,chunkedmul.circom,ChunkedMul,pp[186]:lt[19].in:out[19],Yes
zksolid-paper/benchmarks/ed25519-099d19c/scalarmul,wit-constr-diff,chunkedmul.circom,ChunkedMul,pp[187]:lt[19].in:out[19],Yes
zksolid-paper/benchmarks/ed25519-099d19c/scalarmul,wit-constr-diff,chunkedmul.circom,ChunkedMul,pp[188]:lt[19].in:out[19],Yes
zksolid-paper/benchmarks/ed25519-099d19c/scalarmul,wit-constr-diff,chunkedmul.circom,ChunkedMul,pp[189]:lt[19].in:out[19],Yes
zksolid-paper/benchmarks/ed25519-099d19c/scalarmul,wit-constr-diff,chunkedmul.circom,ChunkedMul,pp[18]:lt[13].in:out[13],Yes
zksolid-paper/benchmarks/ed25519-099d19c/scalarmul,wit-constr-diff,chunkedmul.circom,ChunkedMul,pp[18]:lt[16].in:out[16],Yes
zksolid-paper/benchmarks/ed25519-099d19c/scalarmul,wit-constr-diff,chunkedmul.circom,ChunkedMul,pp[18]:lt[19].in:out[19],Yes
zksolid-paper/benchmarks/ed25519-099d19c/scalarmul,wit-constr-diff,chunkedmul.circom,ChunkedMul,pp[18]:lt[8].in:out[8],Yes
zksolid-paper/benchmarks/ed25519-099d19c/scalarmul,wit-constr-diff,chunkedmul.circom,ChunkedMul,pp[19]:lt[13].in:out[13],Yes
zksolid-paper/benchmarks/ed25519-099d19c/scalarmul,wit-constr-diff,chunkedmul.circom,ChunkedMul,pp[19]:lt[16].in:out[16],Yes
zksolid-paper/benchmarks/ed25519-099d19c/scalarmul,wit-constr-diff,chunkedmul.circom,ChunkedMul,pp[19]:lt[19].in:out[19],Yes
zksolid-paper/benchmarks/ed25519-099d19c/scalarmul,wit-constr-diff,chunkedmul.circom,ChunkedMul,pp[19]:lt[8].in:out[8],Yes
zksolid-paper/benchmarks/ed25519-099d19c/scalarmul,wit-constr-diff,chunkedmul.circom,ChunkedMul,pp[1]:lt[10].in:out[10],Yes
zksolid-paper/benchmarks/ed25519-099d19c/scalarmul,wit-constr-diff,chunkedmul.circom,ChunkedMul,pp[1]:lt[11].in:out[11],Yes
zksolid-paper/benchmarks/ed25519-099d19c/scalarmul,wit-constr-diff,chunkedmul.circom,ChunkedMul,pp[1]:lt[12].in:out[12],Yes
zksolid-paper/benchmarks/ed25519-099d19c/scalarmul,wit-constr-diff,chunkedmul.circom,ChunkedMul,pp[1]:lt[13].in:out[13],Yes
zksolid-paper/benchmarks/ed25519-099d19c/scalarmul,wit-constr-diff,chunkedmul.circom,ChunkedMul,pp[1]:lt[14].in:out[14],Yes
zksolid-paper/benchmarks/ed25519-099d19c/scalarmul,wit-constr-diff,chunkedmul.circom,ChunkedMul,pp[1]:lt[15].in:out[15],Yes
zksolid-paper/benchmarks/ed25519-099d19c/scalarmul,wit-constr-diff,chunkedmul.circom,ChunkedMul,pp[1]:lt[16].in:out[16],Yes
zksolid-paper/benchmarks/ed25519-099d19c/scalarmul,wit-constr-diff,chunkedmul.circom,ChunkedMul,pp[1]:lt[17].in:out[17],Yes
zksolid-paper/benchmarks/ed25519-099d19c/scalarmul,wit-constr-diff,chunkedmul.circom,ChunkedMul,pp[1]:lt[19].in:out[19],Yes
zksolid-paper/benchmarks/ed25519-099d19c/scalarmul,wit-constr-diff,chunkedmul.circom,ChunkedMul,pp[1]:lt[2].in:out[2],Yes
zksolid-paper/benchmarks/ed25519-099d19c/scalarmul,wit-constr-diff,chunkedmul.circom,ChunkedMul,pp[1]:lt[3].in:out[3],Yes
zksolid-paper/benchmarks/ed25519-099d19c/scalarmul,wit-constr-diff,chunkedmul.circom,ChunkedMul,pp[1]:lt[4].in:out[4],Yes
zksolid-paper/benchmarks/ed25519-099d19c/scalarmul,wit-constr-diff,chunkedmul.circom,ChunkedMul,pp[1]:lt[5].in:out[5],Yes
zksolid-paper/benchmarks/ed25519-099d19c/scalarmul,wit-constr-diff,chunkedmul.circom,ChunkedMul,pp[1]:lt[6].in:out[6],Yes
zksolid-paper/benchmarks/ed25519-099d19c/scalarmul,wit-constr-diff,chunkedmul.circom,ChunkedMul,pp[1]:lt[7].in:out[7],Yes
zksolid-paper/benchmarks/ed25519-099d19c/scalarmul,wit-constr-diff,chunkedmul.circom,ChunkedMul,pp[1]:lt[8].in:out[8],Yes
zksolid-paper/benchmarks/ed25519-099d19c/scalarmul,wit-constr-diff,chunkedmul.circom,ChunkedMul,pp[1]:lt[9].in:out[9],Yes
zksolid-paper/benchmarks/ed25519-099d19c/scalarmul,wit-constr-diff,chunkedmul.circom,ChunkedMul,pp[20]:lt[13].in:out[13],Yes
zksolid-paper/benchmarks/ed25519-099d19c/scalarmul,wit-constr-diff,chunkedmul.circom,ChunkedMul,pp[20]:lt[16].in:out[16],Yes
zksolid-paper/benchmarks/ed25519-099d19c/scalarmul,wit-constr-diff,chunkedmul.circom,ChunkedMul,pp[20]:lt[19].in:out[19],Yes
zksolid-paper/benchmarks/ed25519-099d19c/scalarmul,wit-constr-diff,chunkedmul.circom,ChunkedMul,pp[20]:lt[8].in:out[8],Yes
zksolid-paper/benchmarks/ed25519-099d19c/scalarmul,wit-constr-diff,chunkedmul.circom,ChunkedMul,pp[21]:lt[13].in:out[13],Yes
zksolid-paper/benchmarks/ed25519-099d19c/scalarmul,wit-constr-diff,chunkedmul.circom,ChunkedMul,pp[21]:lt[16].in:out[16],Yes
zksolid-paper/benchmarks/ed25519-099d19c/scalarmul,wit-constr-diff,chunkedmul.circom,ChunkedMul,pp[21]:lt[19].in:out[19],Yes
zksolid-paper/benchmarks/ed25519-099d19c/scalarmul,wit-constr-diff,chunkedmul.circom,ChunkedMul,pp[21]:lt[8].in:out[8],Yes
zksolid-paper/benchmarks/ed25519-099d19c/scalarmul,wit-constr-diff,chunkedmul.circom,ChunkedMul,pp[22]:lt[13].in:out[13],Yes
zksolid-paper/benchmarks/ed25519-099d19c/scalarmul,wit-constr-diff,chunkedmul.circom,ChunkedMul,pp[22]:lt[16].in:out[16],Yes
zksolid-paper/benchmarks/ed25519-099d19c/scalarmul,wit-constr-diff,chunkedmul.circom,ChunkedMul,pp[22]:lt[19].in:out[19],Yes
zksolid-paper/benchmarks/ed25519-099d19c/scalarmul,wit-constr-diff,chunkedmul.circom,ChunkedMul,pp[22]:lt[8].in:out[8],Yes
zksolid-paper/benchmarks/ed25519-099d19c/scalarmul,wit-constr-diff,chunkedmul.circom,ChunkedMul,pp[23]:lt[13].in:out[13],Yes
zksolid-paper/benchmarks/ed25519-099d19c/scalarmul,wit-constr-diff,chunkedmul.circom,ChunkedMul,pp[23]:lt[16].in:out[16],Yes
zksolid-paper/benchmarks/ed25519-099d19c/scalarmul,wit-constr-diff,chunkedmul.circom,ChunkedMul,pp[23]:lt[19].in:out[19],Yes
zksolid-paper/benchmarks/ed25519-099d19c/scalarmul,wit-constr-diff,chunkedmul.circom,ChunkedMul,pp[23]:lt[8].in:out[8],Yes
zksolid-paper/benchmarks/ed25519-099d19c/scalarmul,wit-constr-diff,chunkedmul.circom,ChunkedMul,pp[24]:lt[13].in:out[13],Yes
zksolid-paper/benchmarks/ed25519-099d19c/scalarmul,wit-constr-diff,chunkedmul.circom,ChunkedMul,pp[24]:lt[16].in:out[16],Yes
zksolid-paper/benchmarks/ed25519-099d19c/scalarmul,wit-constr-diff,chunkedmul.circom,ChunkedMul,pp[24]:lt[19].in:out[19],Yes
zksolid-paper/benchmarks/ed25519-099d19c/scalarmul,wit-constr-diff,chunkedmul.circom,ChunkedMul,pp[25]:lt[13].in:out[13],Yes
zksolid-paper/benchmarks/ed25519-099d19c/scalarmul,wit-constr-diff,chunkedmul.circom,ChunkedMul,pp[25]:lt[16].in:out[16],Yes
zksolid-paper/benchmarks/ed25519-099d19c/scalarmul,wit-constr-diff,chunkedmul.circom,ChunkedMul,pp[25]:lt[19].in:out[19],Yes
zksolid-paper/benchmarks/ed25519-099d19c/scalarmul,wit-constr-diff,chunkedmul.circom,ChunkedMul,pp[26]:lt[13].in:out[13],Yes
zksolid-paper/benchmarks/ed25519-099d19c/scalarmul,wit-constr-diff,chunkedmul.circom,ChunkedMul,pp[26]:lt[16].in:out[16],Yes
zksolid-paper/benchmarks/ed25519-099d19c/scalarmul,wit-constr-diff,chunkedmul.circom,ChunkedMul,pp[26]:lt[19].in:out[19],Yes
zksolid-paper/benchmarks/ed25519-099d19c/scalarmul,wit-constr-diff,chunkedmul.circom,ChunkedMul,pp[27]:lt[13].in:out[13],Yes
zksolid-paper/benchmarks/ed25519-099d19c/scalarmul,wit-constr-diff,chunkedmul.circom,ChunkedMul,pp[27]:lt[16].in:out[16],Yes
zksolid-paper/benchmarks/ed25519-099d19c/scalarmul,wit-constr-diff,chunkedmul.circom,ChunkedMul,pp[27]:lt[19].in:out[19],Yes
zksolid-paper/benchmarks/ed25519-099d19c/scalarmul,wit-constr-diff,chunkedmul.circom,ChunkedMul,pp[28]:lt[13].in:out[13],Yes
zksolid-paper/benchmarks/ed25519-099d19c/scalarmul,wit-constr-diff,chunkedmul.circom,ChunkedMul,pp[28]:lt[16].in:out[16],Yes
zksolid-paper/benchmarks/ed25519-099d19c/scalarmul,wit-constr-diff,chunkedmul.circom,ChunkedMul,pp[28]:lt[19].in:out[19],Yes
zksolid-paper/benchmarks/ed25519-099d19c/scalarmul,wit-constr-diff,chunkedmul.circom,ChunkedMul,pp[29]:lt[13].in:out[13],Yes
zksolid-paper/benchmarks/ed25519-099d19c/scalarmul,wit-constr-diff,chunkedmul.circom,ChunkedMul,pp[29]:lt[16].in:out[16],Yes
zksolid-paper/benchmarks/ed25519-099d19c/scalarmul,wit-constr-diff,chunkedmul.circom,ChunkedMul,pp[29]:lt[19].in:out[19],Yes
zksolid-paper/benchmarks/ed25519-099d19c/scalarmul,wit-constr-diff,chunkedmul.circom,ChunkedMul,pp[2]:lt[10].in:out[10],Yes
zksolid-paper/benchmarks/ed25519-099d19c/scalarmul,wit-constr-diff,chunkedmul.circom,ChunkedMul,pp[2]:lt[11].in:out[11],Yes
zksolid-paper/benchmarks/ed25519-099d19c/scalarmul,wit-constr-diff,chunkedmul.circom,ChunkedMul,pp[2]:lt[12].in:out[12],Yes
zksolid-paper/benchmarks/ed25519-099d19c/scalarmul,wit-constr-diff,chunkedmul.circom,ChunkedMul,pp[2]:lt[13].in:out[13],Yes
zksolid-paper/benchmarks/ed25519-099d19c/scalarmul,wit-constr-diff,chunkedmul.circom,ChunkedMul,pp[2]:lt[14].in:out[14],Yes
zksolid-paper/benchmarks/ed25519-099d19c/scalarmul,wit-constr-diff,chunkedmul.circom,ChunkedMul,pp[2]:lt[15].in:out[15],Yes
zksolid-paper/benchmarks/ed25519-099d19c/scalarmul,wit-constr-diff,chunkedmul.circom,ChunkedMul,pp[2]:lt[16].in:out[16],Yes
zksolid-paper/benchmarks/ed25519-099d19c/scalarmul,wit-constr-diff,chunkedmul.circom,ChunkedMul,pp[2]:lt[17].in:out[17],Yes
zksolid-paper/benchmarks/ed25519-099d19c/scalarmul,wit-constr-diff,chunkedmul.circom,ChunkedMul,pp[2]:lt[19].in:out[19],Yes
zksolid-paper/benchmarks/ed25519-099d19c/scalarmul,wit-constr-diff,chunkedmul.circom,ChunkedMul,pp[2]:lt[3].in:out[3],Yes
zksolid-paper/benchmarks/ed25519-099d19c/scalarmul,wit-constr-diff,chunkedmul.circom,ChunkedMul,pp[2]:lt[4].in:out[4],Yes
zksolid-paper/benchmarks/ed25519-099d19c/scalarmul,wit-constr-diff,chunkedmul.circom,ChunkedMul,pp[2]:lt[5].in:out[5],Yes
zksolid-paper/benchmarks/ed25519-099d19c/scalarmul,wit-constr-diff,chunkedmul.circom,ChunkedMul,pp[2]:lt[6].in:out[6],Yes
zksolid-paper/benchmarks/ed25519-099d19c/scalarmul,wit-constr-diff,chunkedmul.circom,ChunkedMul,pp[2]:lt[7].in:out[7],Yes
zksolid-paper/benchmarks/ed25519-099d19c/scalarmul,wit-constr-diff,chunkedmul.circom,ChunkedMul,pp[2]:lt[8].in:out[8],Yes
zksolid-paper/benchmarks/ed25519-099d19c/scalarmul,wit-constr-diff,chunkedmul.circom,ChunkedMul,pp[2]:lt[9].in:out[9],Yes
zksolid-paper/benchmarks/ed25519-099d19c/scalarmul,wit-constr-diff,chunkedmul.circom,ChunkedMul,pp[30]:lt[13].in:out[13],Yes
zksolid-paper/benchmarks/ed25519-099d19c/scalarmul,wit-constr-diff,chunkedmul.circom,ChunkedMul,pp[30]:lt[16].in:out[16],Yes
zksolid-paper/benchmarks/ed25519-099d19c/scalarmul,wit-constr-diff,chunkedmul.circom,ChunkedMul,pp[30]:lt[19].in:out[19],Yes
zksolid-paper/benchmarks/ed25519-099d19c/scalarmul,wit-constr-diff,chunkedmul.circom,ChunkedMul,pp[31]:lt[13].in:out[13],Yes
zksolid-paper/benchmarks/ed25519-099d19c/scalarmul,wit-constr-diff,chunkedmul.circom,ChunkedMul,pp[31]:lt[16].in:out[16],Yes
zksolid-paper/benchmarks/ed25519-099d19c/scalarmul,wit-constr-diff,chunkedmul.circom,ChunkedMul,pp[31]:lt[19].in:out[19],Yes
zksolid-paper/benchmarks/ed25519-099d19c/scalarmul,wit-constr-diff,chunkedmul.circom,ChunkedMul,pp[32]:lt[13].in:out[13],Yes
zksolid-paper/benchmarks/ed25519-099d19c/scalarmul,wit-constr-diff,chunkedmul.circom,ChunkedMul,pp[32]:lt[16].in:out[16],Yes
zksolid-paper/benchmarks/ed25519-099d19c/scalarmul,wit-constr-diff,chunkedmul.circom,ChunkedMul,pp[32]:lt[19].in:out[19],Yes
zksolid-paper/benchmarks/ed25519-099d19c/scalarmul,wit-constr-diff,chunkedmul.circom,ChunkedMul,pp[33]:lt[13].in:out[13],Yes
zksolid-paper/benchmarks/ed25519-099d19c/scalarmul,wit-constr-diff,chunkedmul.circom,ChunkedMul,pp[33]:lt[16].in:out[16],Yes
zksolid-paper/benchmarks/ed25519-099d19c/scalarmul,wit-constr-diff,chunkedmul.circom,ChunkedMul,pp[33]:lt[19].in:out[19],Yes
zksolid-paper/benchmarks/ed25519-099d19c/scalarmul,wit-constr-diff,chunkedmul.circom,ChunkedMul,pp[34]:lt[13].in:out[13],Yes
zksolid-paper/benchmarks/ed25519-099d19c/scalarmul,wit-constr-diff,chunkedmul.circom,ChunkedMul,pp[34]:lt[16].in:out[16],Yes
zksolid-paper/benchmarks/ed25519-099d19c/scalarmul,wit-constr-diff,chunkedmul.circom,ChunkedMul,pp[34]:lt[19].in:out[19],Yes
zksolid-paper/benchmarks/ed25519-099d19c/scalarmul,wit-constr-diff,chunkedmul.circom,ChunkedMul,pp[35]:lt[13].in:out[13],Yes
zksolid-paper/benchmarks/ed25519-099d19c/scalarmul,wit-constr-diff,chunkedmul.circom,ChunkedMul,pp[35]:lt[16].in:out[16],Yes
zksolid-paper/benchmarks/ed25519-099d19c/scalarmul,wit-constr-diff,chunkedmul.circom,ChunkedMul,pp[35]:lt[19].in:out[19],Yes
zksolid-paper/benchmarks/ed25519-099d19c/scalarmul,wit-constr-diff,chunkedmul.circom,ChunkedMul,pp[36]:lt[13].in:out[13],Yes
zksolid-paper/benchmarks/ed25519-099d19c/scalarmul,wit-constr-diff,chunkedmul.circom,ChunkedMul,pp[36]:lt[16].in:out[16],Yes
zksolid-paper/benchmarks/ed25519-099d19c/scalarmul,wit-constr-diff,chunkedmul.circom,ChunkedMul,pp[36]:lt[19].in:out[19],Yes
zksolid-paper/benchmarks/ed25519-099d19c/scalarmul,wit-constr-diff,chunkedmul.circom,ChunkedMul,pp[37]:lt[13].in:out[13],Yes
zksolid-paper/benchmarks/ed25519-099d19c/scalarmul,wit-constr-diff,chunkedmul.circom,ChunkedMul,pp[37]:lt[16].in:out[16],Yes
zksolid-paper/benchmarks/ed25519-099d19c/scalarmul,wit-constr-diff,chunkedmul.circom,ChunkedMul,pp[37]:lt[19].in:out[19],Yes
zksolid-paper/benchmarks/ed25519-099d19c/scalarmul,wit-constr-diff,chunkedmul.circom,ChunkedMul,pp[38]:lt[13].in:out[13],Yes
zksolid-paper/benchmarks/ed25519-099d19c/scalarmul,wit-constr-diff,chunkedmul.circom,ChunkedMul,pp[38]:lt[16].in:out[16],Yes
zksolid-paper/benchmarks/ed25519-099d19c/scalarmul,wit-constr-diff,chunkedmul.circom,ChunkedMul,pp[38]:lt[19].in:out[19],Yes
zksolid-paper/benchmarks/ed25519-099d19c/scalarmul,wit-constr-diff,chunkedmul.circom,ChunkedMul,pp[39]:lt[13].in:out[13],Yes
zksolid-paper/benchmarks/ed25519-099d19c/scalarmul,wit-constr-diff,chunkedmul.circom,ChunkedMul,pp[39]:lt[16].in:out[16],Yes
zksolid-paper/benchmarks/ed25519-099d19c/scalarmul,wit-constr-diff,chunkedmul.circom,ChunkedMul,pp[39]:lt[19].in:out[19],Yes
zksolid-paper/benchmarks/ed25519-099d19c/scalarmul,wit-constr-diff,chunkedmul.circom,ChunkedMul,pp[3]:lt[10].in:out[10],Yes
zksolid-paper/benchmarks/ed25519-099d19c/scalarmul,wit-constr-diff,chunkedmul.circom,ChunkedMul,pp[3]:lt[11].in:out[11],Yes
zksolid-paper/benchmarks/ed25519-099d19c/scalarmul,wit-constr-diff,chunkedmul.circom,ChunkedMul,pp[3]:lt[12].in:out[12],Yes
zksolid-paper/benchmarks/ed25519-099d19c/scalarmul,wit-constr-diff,chunkedmul.circom,ChunkedMul,pp[3]:lt[13].in:out[13],Yes
zksolid-paper/benchmarks/ed25519-099d19c/scalarmul,wit-constr-diff,chunkedmul.circom,ChunkedMul,pp[3]:lt[14].in:out[14],Yes
zksolid-paper/benchmarks/ed25519-099d19c/scalarmul,wit-constr-diff,chunkedmul.circom,ChunkedMul,pp[3]:lt[15].in:out[15],Yes
zksolid-paper/benchmarks/ed25519-099d19c/scalarmul,wit-constr-diff,chunkedmul.circom,ChunkedMul,pp[3]:lt[16].in:out[16],Yes
zksolid-paper/benchmarks/ed25519-099d19c/scalarmul,wit-constr-diff,chunkedmul.circom,ChunkedMul,pp[3]:lt[17].in:out[17],Yes
zksolid-paper/benchmarks/ed25519-099d19c/scalarmul,wit-constr-diff,chunkedmul.circom,ChunkedMul,pp[3]:lt[19].in:out[19],Yes
zksolid-paper/benchmarks/ed25519-099d19c/scalarmul,wit-constr-diff,chunkedmul.circom,ChunkedMul,pp[3]:lt[4].in:out[4],Yes
zksolid-paper/benchmarks/ed25519-099d19c/scalarmul,wit-constr-diff,chunkedmul.circom,ChunkedMul,pp[3]:lt[5].in:out[5],Yes
zksolid-paper/benchmarks/ed25519-099d19c/scalarmul,wit-constr-diff,chunkedmul.circom,ChunkedMul,pp[3]:lt[6].in:out[6],Yes
zksolid-paper/benchmarks/ed25519-099d19c/scalarmul,wit-constr-diff,chunkedmul.circom,ChunkedMul,pp[3]:lt[7].in:out[7],Yes
zksolid-paper/benchmarks/ed25519-099d19c/scalarmul,wit-constr-diff,chunkedmul.circom,ChunkedMul,pp[3]:lt[8].in:out[8],Yes
zksolid-paper/benchmarks/ed25519-099d19c/scalarmul,wit-constr-diff,chunkedmul.circom,ChunkedMul,pp[3]:lt[9].in:out[9],Yes
zksolid-paper/benchmarks/ed25519-099d19c/scalarmul,wit-constr-diff,chunkedmul.circom,ChunkedMul,pp[40]:lt[13].in:out[13],Yes
zksolid-paper/benchmarks/ed25519-099d19c/scalarmul,wit-constr-diff,chunkedmul.circom,ChunkedMul,pp[40]:lt[16].in:out[16],Yes
zksolid-paper/benchmarks/ed25519-099d19c/scalarmul,wit-constr-diff,chunkedmul.circom,ChunkedMul,pp[40]:lt[19].in:out[19],Yes
zksolid-paper/benchmarks/ed25519-099d19c/scalarmul,wit-constr-diff,chunkedmul.circom,ChunkedMul,pp[41]:lt[13].in:out[13],Yes
zksolid-paper/benchmarks/ed25519-099d19c/scalarmul,wit-constr-diff,chunkedmul.circom,ChunkedMul,pp[41]:lt[16].in:out[16],Yes
zksolid-paper/benchmarks/ed25519-099d19c/scalarmul,wit-constr-diff,chunkedmul.circom,ChunkedMul,pp[41]:lt[19].in:out[19],Yes
zksolid-paper/benchmarks/ed25519-099d19c/scalarmul,wit-constr-diff,chunkedmul.circom,ChunkedMul,pp[42]:lt[13].in:out[13],Yes
zksolid-paper/benchmarks/ed25519-099d19c/scalarmul,wit-constr-diff,chunkedmul.circom,ChunkedMul,pp[42]:lt[16].in:out[16],Yes
zksolid-paper/benchmarks/ed25519-099d19c/scalarmul,wit-constr-diff,chunkedmul.circom,ChunkedMul,pp[42]:lt[19].in:out[19],Yes
zksolid-paper/benchmarks/ed25519-099d19c/scalarmul,wit-constr-diff,chunkedmul.circom,ChunkedMul,pp[43]:lt[13].in:out[13],Yes
zksolid-paper/benchmarks/ed25519-099d19c/scalarmul,wit-constr-diff,chunkedmul.circom,ChunkedMul,pp[43]:lt[16].in:out[16],Yes
zksolid-paper/benchmarks/ed25519-099d19c/scalarmul,wit-constr-diff,chunkedmul.circom,ChunkedMul,pp[43]:lt[19].in:out[19],Yes
zksolid-paper/benchmarks/ed25519-099d19c/scalarmul,wit-constr-diff,chunkedmul.circom,ChunkedMul,pp[44]:lt[13].in:out[13],Yes
zksolid-paper/benchmarks/ed25519-099d19c/scalarmul,wit-constr-diff,chunkedmul.circom,ChunkedMul,pp[44]:lt[16].in:out[16],Yes
zksolid-paper/benchmarks/ed25519-099d19c/scalarmul,wit-constr-diff,chunkedmul.circom,ChunkedMul,pp[44]:lt[19].in:out[19],Yes
zksolid-paper/benchmarks/ed25519-099d19c/scalarmul,wit-constr-diff,chunkedmul.circom,ChunkedMul,pp[45]:lt[13].in:out[13],Yes
zksolid-paper/benchmarks/ed25519-099d19c/scalarmul,wit-constr-diff,chunkedmul.circom,ChunkedMul,pp[45]:lt[16].in:out[16],Yes
zksolid-paper/benchmarks/ed25519-099d19c/scalarmul,wit-constr-diff,chunkedmul.circom,ChunkedMul,pp[45]:lt[19].in:out[19],Yes
zksolid-paper/benchmarks/ed25519-099d19c/scalarmul,wit-constr-diff,chunkedmul.circom,ChunkedMul,pp[46]:lt[13].in:out[13],Yes
zksolid-paper/benchmarks/ed25519-099d19c/scalarmul,wit-constr-diff,chunkedmul.circom,ChunkedMul,pp[46]:lt[16].in:out[16],Yes
zksolid-paper/benchmarks/ed25519-099d19c/scalarmul,wit-constr-diff,chunkedmul.circom,ChunkedMul,pp[46]:lt[19].in:out[19],Yes
zksolid-paper/benchmarks/ed25519-099d19c/scalarmul,wit-constr-diff,chunkedmul.circom,ChunkedMul,pp[47]:lt[13].in:out[13],Yes
zksolid-paper/benchmarks/ed25519-099d19c/scalarmul,wit-constr-diff,chunkedmul.circom,ChunkedMul,pp[47]:lt[16].in:out[16],Yes
zksolid-paper/benchmarks/ed25519-099d19c/scalarmul,wit-constr-diff,chunkedmul.circom,ChunkedMul,pp[47]:lt[19].in:out[19],Yes
zksolid-paper/benchmarks/ed25519-099d19c/scalarmul,wit-constr-diff,chunkedmul.circom,ChunkedMul,pp[48]:lt[13].in:out[13],Yes
zksolid-paper/benchmarks/ed25519-099d19c/scalarmul,wit-constr-diff,chunkedmul.circom,ChunkedMul,pp[48]:lt[16].in:out[16],Yes
zksolid-paper/benchmarks/ed25519-099d19c/scalarmul,wit-constr-diff,chunkedmul.circom,ChunkedMul,pp[48]:lt[19].in:out[19],Yes
zksolid-paper/benchmarks/ed25519-099d19c/scalarmul,wit-constr-diff,chunkedmul.circom,ChunkedMul,pp[49]:lt[13].in:out[13],Yes
zksolid-paper/benchmarks/ed25519-099d19c/scalarmul,wit-constr-diff,chunkedmul.circom,ChunkedMul,pp[49]:lt[16].in:out[16],Yes
zksolid-paper/benchmarks/ed25519-099d19c/scalarmul,wit-constr-diff,chunkedmul.circom,ChunkedMul,pp[49]:lt[19].in:out[19],Yes
zksolid-paper/benchmarks/ed25519-099d19c/scalarmul,wit-constr-diff,chunkedmul.circom,ChunkedMul,pp[4]:lt[10].in:out[10],Yes
zksolid-paper/benchmarks/ed25519-099d19c/scalarmul,wit-constr-diff,chunkedmul.circom,ChunkedMul,pp[4]:lt[11].in:out[11],Yes
zksolid-paper/benchmarks/ed25519-099d19c/scalarmul,wit-constr-diff,chunkedmul.circom,ChunkedMul,pp[4]:lt[12].in:out[12],Yes
zksolid-paper/benchmarks/ed25519-099d19c/scalarmul,wit-constr-diff,chunkedmul.circom,ChunkedMul,pp[4]:lt[13].in:out[13],Yes
zksolid-paper/benchmarks/ed25519-099d19c/scalarmul,wit-constr-diff,chunkedmul.circom,ChunkedMul,pp[4]:lt[14].in:out[14],Yes
zksolid-paper/benchmarks/ed25519-099d19c/scalarmul,wit-constr-diff,chunkedmul.circom,ChunkedMul,pp[4]:lt[15].in:out[15],Yes
zksolid-paper/benchmarks/ed25519-099d19c/scalarmul,wit-constr-diff,chunkedmul.circom,ChunkedMul,pp[4]:lt[16].in:out[16],Yes
zksolid-paper/benchmarks/ed25519-099d19c/scalarmul,wit-constr-diff,chunkedmul.circom,ChunkedMul,pp[4]:lt[17].in:out[17],Yes
zksolid-paper/benchmarks/ed25519-099d19c/scalarmul,wit-constr-diff,chunkedmul.circom,ChunkedMul,pp[4]:lt[19].in:out[19],Yes
zksolid-paper/benchmarks/ed25519-099d19c/scalarmul,wit-constr-diff,chunkedmul.circom,ChunkedMul,pp[4]:lt[5].in:out[5],Yes
zksolid-paper/benchmarks/ed25519-099d19c/scalarmul,wit-constr-diff,chunkedmul.circom,ChunkedMul,pp[4]:lt[6].in:out[6],Yes
zksolid-paper/benchmarks/ed25519-099d19c/scalarmul,wit-constr-diff,chunkedmul.circom,ChunkedMul,pp[4]:lt[7].in:out[7],Yes
zksolid-paper/benchmarks/ed25519-099d19c/scalarmul,wit-constr-diff,chunkedmul.circom,ChunkedMul,pp[4]:lt[8].in:out[8],Yes
zksolid-paper/benchmarks/ed25519-099d19c/scalarmul,wit-constr-diff,chunkedmul.circom,ChunkedMul,pp[4]:lt[9].in:out[9],Yes
zksolid-paper/benchmarks/ed25519-099d19c/scalarmul,wit-constr-diff,chunkedmul.circom,ChunkedMul,pp[50]:lt[13].in:out[13],Yes
zksolid-paper/benchmarks/ed25519-099d19c/scalarmul,wit-constr-diff,chunkedmul.circom,ChunkedMul,pp[50]:lt[16].in:out[16],Yes
zksolid-paper/benchmarks/ed25519-099d19c/scalarmul,wit-constr-diff,chunkedmul.circom,ChunkedMul,pp[50]:lt[19].in:out[19],Yes
zksolid-paper/benchmarks/ed25519-099d19c/scalarmul,wit-constr-diff,chunkedmul.circom,ChunkedMul,pp[51]:lt[13].in:out[13],Yes
zksolid-paper/benchmarks/ed25519-099d19c/scalarmul,wit-constr-diff,chunkedmul.circom,ChunkedMul,pp[51]:lt[16].in:out[16],Yes
zksolid-paper/benchmarks/ed25519-099d19c/scalarmul,wit-constr-diff,chunkedmul.circom,ChunkedMul,pp[51]:lt[19].in:out[19],Yes
zksolid-paper/benchmarks/ed25519-099d19c/scalarmul,wit-constr-diff,chunkedmul.circom,ChunkedMul,pp[52]:lt[13].in:out[13],Yes
zksolid-paper/benchmarks/ed25519-099d19c/scalarmul,wit-constr-diff,chunkedmul.circom,ChunkedMul,pp[52]:lt[16].in:out[16],Yes
zksolid-paper/benchmarks/ed25519-099d19c/scalarmul,wit-constr-diff,chunkedmul.circom,ChunkedMul,pp[52]:lt[19].in:out[19],Yes
zksolid-paper/benchmarks/ed25519-099d19c/scalarmul,wit-constr-diff,chunkedmul.circom,ChunkedMul,pp[53]:lt[13].in:out[13],Yes
zksolid-paper/benchmarks/ed25519-099d19c/scalarmul,wit-constr-diff,chunkedmul.circom,ChunkedMul,pp[53]:lt[16].in:out[16],Yes
zksolid-paper/benchmarks/ed25519-099d19c/scalarmul,wit-constr-diff,chunkedmul.circom,ChunkedMul,pp[53]:lt[19].in:out[19],Yes
zksolid-paper/benchmarks/ed25519-099d19c/scalarmul,wit-constr-diff,chunkedmul.circom,ChunkedMul,pp[54]:lt[13].in:out[13],Yes
zksolid-paper/benchmarks/ed25519-099d19c/scalarmul,wit-constr-diff,chunkedmul.circom,ChunkedMul,pp[54]:lt[16].in:out[16],Yes
zksolid-paper/benchmarks/ed25519-099d19c/scalarmul,wit-constr-diff,chunkedmul.circom,ChunkedMul,pp[54]:lt[19].in:out[19],Yes
zksolid-paper/benchmarks/ed25519-099d19c/scalarmul,wit-constr-diff,chunkedmul.circom,ChunkedMul,pp[55]:lt[13].in:out[13],Yes
zksolid-paper/benchmarks/ed25519-099d19c/scalarmul,wit-constr-diff,chunkedmul.circom,ChunkedMul,pp[55]:lt[16].in:out[16],Yes
zksolid-paper/benchmarks/ed25519-099d19c/scalarmul,wit-constr-diff,chunkedmul.circom,ChunkedMul,pp[55]:lt[19].in:out[19],Yes
zksolid-paper/benchmarks/ed25519-099d19c/scalarmul,wit-constr-diff,chunkedmul.circom,ChunkedMul,pp[56]:lt[13].in:out[13],Yes
zksolid-paper/benchmarks/ed25519-099d19c/scalarmul,wit-constr-diff,chunkedmul.circom,ChunkedMul,pp[56]:lt[16].in:out[16],Yes
zksolid-paper/benchmarks/ed25519-099d19c/scalarmul,wit-constr-diff,chunkedmul.circom,ChunkedMul,pp[56]:lt[19].in:out[19],Yes
zksolid-paper/benchmarks/ed25519-099d19c/scalarmul,wit-constr-diff,chunkedmul.circom,ChunkedMul,pp[57]:lt[13].in:out[13],Yes
zksolid-paper/benchmarks/ed25519-099d19c/scalarmul,wit-constr-diff,chunkedmul.circom,ChunkedMul,pp[57]:lt[16].in:out[16],Yes
zksolid-paper/benchmarks/ed25519-099d19c/scalarmul,wit-constr-diff,chunkedmul.circom,ChunkedMul,pp[57]:lt[19].in:out[19],Yes
zksolid-paper/benchmarks/ed25519-099d19c/scalarmul,wit-constr-diff,chunkedmul.circom,ChunkedMul,pp[58]:lt[13].in:out[13],Yes
zksolid-paper/benchmarks/ed25519-099d19c/scalarmul,wit-constr-diff,chunkedmul.circom,ChunkedMul,pp[58]:lt[16].in:out[16],Yes
zksolid-paper/benchmarks/ed25519-099d19c/scalarmul,wit-constr-diff,chunkedmul.circom,ChunkedMul,pp[58]:lt[19].in:out[19],Yes
zksolid-paper/benchmarks/ed25519-099d19c/scalarmul,wit-constr-diff,chunkedmul.circom,ChunkedMul,pp[59]:lt[13].in:out[13],Yes
zksolid-paper/benchmarks/ed25519-099d19c/scalarmul,wit-constr-diff,chunkedmul.circom,ChunkedMul,pp[59]:lt[16].in:out[16],Yes
zksolid-paper/benchmarks/ed25519-099d19c/scalarmul,wit-constr-diff,chunkedmul.circom,ChunkedMul,pp[59]:lt[19].in:out[19],Yes
zksolid-paper/benchmarks/ed25519-099d19c/scalarmul,wit-constr-diff,chunkedmul.circom,ChunkedMul,pp[5]:lt[10].in:out[10],Yes
zksolid-paper/benchmarks/ed25519-099d19c/scalarmul,wit-constr-diff,chunkedmul.circom,ChunkedMul,pp[5]:lt[11].in:out[11],Yes
zksolid-paper/benchmarks/ed25519-099d19c/scalarmul,wit-constr-diff,chunkedmul.circom,ChunkedMul,pp[5]:lt[12].in:out[12],Yes
zksolid-paper/benchmarks/ed25519-099d19c/scalarmul,wit-constr-diff,chunkedmul.circom,ChunkedMul,pp[5]:lt[13].in:out[13],Yes
zksolid-paper/benchmarks/ed25519-099d19c/scalarmul,wit-constr-diff,chunkedmul.circom,ChunkedMul,pp[5]:lt[14].in:out[14],Yes
zksolid-paper/benchmarks/ed25519-099d19c/scalarmul,wit-constr-diff,chunkedmul.circom,ChunkedMul,pp[5]:lt[15].in:out[15],Yes
zksolid-paper/benchmarks/ed25519-099d19c/scalarmul,wit-constr-diff,chunkedmul.circom,ChunkedMul,pp[5]:lt[16].in:out[16],Yes
zksolid-paper/benchmarks/ed25519-099d19c/scalarmul,wit-constr-diff,chunkedmul.circom,ChunkedMul,pp[5]:lt[17].in:out[17],Yes
zksolid-paper/benchmarks/ed25519-099d19c/scalarmul,wit-constr-diff,chunkedmul.circom,ChunkedMul,pp[5]:lt[19].in:out[19],Yes
zksolid-paper/benchmarks/ed25519-099d19c/scalarmul,wit-constr-diff,chunkedmul.circom,ChunkedMul,pp[5]:lt[5].in:out[5],Yes
zksolid-paper/benchmarks/ed25519-099d19c/scalarmul,wit-constr-diff,chunkedmul.circom,ChunkedMul,pp[5]:lt[6].in:out[6],Yes
zksolid-paper/benchmarks/ed25519-099d19c/scalarmul,wit-constr-diff,chunkedmul.circom,ChunkedMul,pp[5]:lt[7].in:out[7],Yes
zksolid-paper/benchmarks/ed25519-099d19c/scalarmul,wit-constr-diff,chunkedmul.circom,ChunkedMul,pp[5]:lt[8].in:out[8],Yes
zksolid-paper/benchmarks/ed25519-099d19c/scalarmul,wit-constr-diff,chunkedmul.circom,ChunkedMul,pp[5]:lt[9].in:out[9],Yes
zksolid-paper/benchmarks/ed25519-099d19c/scalarmul,wit-constr-diff,chunkedmul.circom,ChunkedMul,pp[60]:lt[13].in:out[13],Yes
zksolid-paper/benchmarks/ed25519-099d19c/scalarmul,wit-constr-diff,chunkedmul.circom,ChunkedMul,pp[60]:lt[16].in:out[16],Yes
zksolid-paper/benchmarks/ed25519-099d19c/scalarmul,wit-constr-diff,chunkedmul.circom,ChunkedMul,pp[60]:lt[19].in:out[19],Yes
zksolid-paper/benchmarks/ed25519-099d19c/scalarmul,wit-constr-diff,chunkedmul.circom,ChunkedMul,pp[61]:lt[13].in:out[13],Yes
zksolid-paper/benchmarks/ed25519-099d19c/scalarmul,wit-constr-diff,chunkedmul.circom,ChunkedMul,pp[61]:lt[16].in:out[16],Yes
zksolid-paper/benchmarks/ed25519-099d19c/scalarmul,wit-constr-diff,chunkedmul.circom,ChunkedMul,pp[61]:lt[19].in:out[19],Yes
zksolid-paper/benchmarks/ed25519-099d19c/scalarmul,wit-constr-diff,chunkedmul.circom,ChunkedMul,pp[62]:lt[13].in:out[13],Yes
zksolid-paper/benchmarks/ed25519-099d19c/scalarmul,wit-constr-diff,chunkedmul.circom,ChunkedMul,pp[62]:lt[16].in:out[16],Yes
zksolid-paper/benchmarks/ed25519-099d19c/scalarmul,wit-constr-diff,chunkedmul.circom,ChunkedMul,pp[62]:lt[19].in:out[19],Yes
zksolid-paper/benchmarks/ed25519-099d19c/scalarmul,wit-constr-diff,chunkedmul.circom,ChunkedMul,pp[63]:lt[13].in:out[13],Yes
zksolid-paper/benchmarks/ed25519-099d19c/scalarmul,wit-constr-diff,chunkedmul.circom,ChunkedMul,pp[63]:lt[16].in:out[16],Yes
zksolid-paper/benchmarks/ed25519-099d19c/scalarmul,wit-constr-diff,chunkedmul.circom,ChunkedMul,pp[63]:lt[19].in:out[19],Yes
zksolid-paper/benchmarks/ed25519-099d19c/scalarmul,wit-constr-diff,chunkedmul.circom,ChunkedMul,pp[64]:lt[13].in:out[13],Yes
zksolid-paper/benchmarks/ed25519-099d19c/scalarmul,wit-constr-diff,chunkedmul.circom,ChunkedMul,pp[64]:lt[16].in:out[16],Yes
zksolid-paper/benchmarks/ed25519-099d19c/scalarmul,wit-constr-diff,chunkedmul.circom,ChunkedMul,pp[64]:lt[19].in:out[19],Yes
zksolid-paper/benchmarks/ed25519-099d19c/scalarmul,wit-constr-diff,chunkedmul.circom,ChunkedMul,pp[65]:lt[13].in:out[13],Yes
zksolid-paper/benchmarks/ed25519-099d19c/scalarmul,wit-constr-diff,chunkedmul.circom,ChunkedMul,pp[65]:lt[16].in:out[16],Yes
zksolid-paper/benchmarks/ed25519-099d19c/scalarmul,wit-constr-diff,chunkedmul.circom,ChunkedMul,pp[65]:lt[19].in:out[19],Yes
zksolid-paper/benchmarks/ed25519-099d19c/scalarmul,wit-constr-diff,chunkedmul.circom,ChunkedMul,pp[66]:lt[13].in:out[13],Yes
zksolid-paper/benchmarks/ed25519-099d19c/scalarmul,wit-constr-diff,chunkedmul.circom,ChunkedMul,pp[66]:lt[16].in:out[16],Yes
zksolid-paper/benchmarks/ed25519-099d19c/scalarmul,wit-constr-diff,chunkedmul.circom,ChunkedMul,pp[66]:lt[19].in:out[19],Yes
zksolid-paper/benchmarks/ed25519-099d19c/scalarmul,wit-constr-diff,chunkedmul.circom,ChunkedMul,pp[67]:lt[13].in:out[13],Yes
zksolid-paper/benchmarks/ed25519-099d19c/scalarmul,wit-constr-diff,chunkedmul.circom,ChunkedMul,pp[67]:lt[16].in:out[16],Yes
zksolid-paper/benchmarks/ed25519-099d19c/scalarmul,wit-constr-diff,chunkedmul.circom,ChunkedMul,pp[67]:lt[19].in:out[19],Yes
zksolid-paper/benchmarks/ed25519-099d19c/scalarmul,wit-constr-diff,chunkedmul.circom,ChunkedMul,pp[68]:lt[13].in:out[13],Yes
zksolid-paper/benchmarks/ed25519-099d19c/scalarmul,wit-constr-diff,chunkedmul.circom,ChunkedMul,pp[68]:lt[16].in:out[16],Yes
zksolid-paper/benchmarks/ed25519-099d19c/scalarmul,wit-constr-diff,chunkedmul.circom,ChunkedMul,pp[68]:lt[19].in:out[19],Yes
zksolid-paper/benchmarks/ed25519-099d19c/scalarmul,wit-constr-diff,chunkedmul.circom,ChunkedMul,pp[69]:lt[13].in:out[13],Yes
zksolid-paper/benchmarks/ed25519-099d19c/scalarmul,wit-constr-diff,chunkedmul.circom,ChunkedMul,pp[69]:lt[16].in:out[16],Yes
zksolid-paper/benchmarks/ed25519-099d19c/scalarmul,wit-constr-diff,chunkedmul.circom,ChunkedMul,pp[69]:lt[19].in:out[19],Yes
zksolid-paper/benchmarks/ed25519-099d19c/scalarmul,wit-constr-diff,chunkedmul.circom,ChunkedMul,pp[6]:lt[10].in:out[10],Yes
zksolid-paper/benchmarks/ed25519-099d19c/scalarmul,wit-constr-diff,chunkedmul.circom,ChunkedMul,pp[6]:lt[11].in:out[11],Yes
zksolid-paper/benchmarks/ed25519-099d19c/scalarmul,wit-constr-diff,chunkedmul.circom,ChunkedMul,pp[6]:lt[12].in:out[12],Yes
zksolid-paper/benchmarks/ed25519-099d19c/scalarmul,wit-constr-diff,chunkedmul.circom,ChunkedMul,pp[6]:lt[13].in:out[13],Yes
zksolid-paper/benchmarks/ed25519-099d19c/scalarmul,wit-constr-diff,chunkedmul.circom,ChunkedMul,pp[6]:lt[14].in:out[14],Yes
zksolid-paper/benchmarks/ed25519-099d19c/scalarmul,wit-constr-diff,chunkedmul.circom,ChunkedMul,pp[6]:lt[15].in:out[15],Yes
zksolid-paper/benchmarks/ed25519-099d19c/scalarmul,wit-constr-diff,chunkedmul.circom,ChunkedMul,pp[6]:lt[16].in:out[16],Yes
zksolid-paper/benchmarks/ed25519-099d19c/scalarmul,wit-constr-diff,chunkedmul.circom,ChunkedMul,pp[6]:lt[17].in:out[17],Yes
zksolid-paper/benchmarks/ed25519-099d19c/scalarmul,wit-constr-diff,chunkedmul.circom,ChunkedMul,pp[6]:lt[19].in:out[19],Yes
zksolid-paper/benchmarks/ed25519-099d19c/scalarmul,wit-constr-diff,chunkedmul.circom,ChunkedMul,pp[6]:lt[5].in:out[5],Yes
zksolid-paper/benchmarks/ed25519-099d19c/scalarmul,wit-constr-diff,chunkedmul.circom,ChunkedMul,pp[6]:lt[7].in:out[7],Yes
zksolid-paper/benchmarks/ed25519-099d19c/scalarmul,wit-constr-diff,chunkedmul.circom,ChunkedMul,pp[6]:lt[8].in:out[8],Yes
zksolid-paper/benchmarks/ed25519-099d19c/scalarmul,wit-constr-diff,chunkedmul.circom,ChunkedMul,pp[6]:lt[9].in:out[9],Yes
zksolid-paper/benchmarks/ed25519-099d19c/scalarmul,wit-constr-diff,chunkedmul.circom,ChunkedMul,pp[70]:lt[13].in:out[13],Yes
zksolid-paper/benchmarks/ed25519-099d19c/scalarmul,wit-constr-diff,chunkedmul.circom,ChunkedMul,pp[70]:lt[16].in:out[16],Yes
zksolid-paper/benchmarks/ed25519-099d19c/scalarmul,wit-constr-diff,chunkedmul.circom,ChunkedMul,pp[70]:lt[19].in:out[19],Yes
zksolid-paper/benchmarks/ed25519-099d19c/scalarmul,wit-constr-diff,chunkedmul.circom,ChunkedMul,pp[71]:lt[13].in:out[13],Yes
zksolid-paper/benchmarks/ed25519-099d19c/scalarmul,wit-constr-diff,chunkedmul.circom,ChunkedMul,pp[71]:lt[16].in:out[16],Yes
zksolid-paper/benchmarks/ed25519-099d19c/scalarmul,wit-constr-diff,chunkedmul.circom,ChunkedMul,pp[71]:lt[19].in:out[19],Yes
zksolid-paper/benchmarks/ed25519-099d19c/scalarmul,wit-constr-diff,chunkedmul.circom,ChunkedMul,pp[72]:lt[13].in:out[13],Yes
zksolid-paper/benchmarks/ed25519-099d19c/scalarmul,wit-constr-diff,chunkedmul.circom,ChunkedMul,pp[72]:lt[16].in:out[16],Yes
zksolid-paper/benchmarks/ed25519-099d19c/scalarmul,wit-constr-diff,chunkedmul.circom,ChunkedMul,pp[72]:lt[19].in:out[19],Yes
zksolid-paper/benchmarks/ed25519-099d19c/scalarmul,wit-constr-diff,chunkedmul.circom,ChunkedMul,pp[73]:lt[13].in:out[13],Yes
zksolid-paper/benchmarks/ed25519-099d19c/scalarmul,wit-constr-diff,chunkedmul.circom,ChunkedMul,pp[73]:lt[16].in:out[16],Yes
zksolid-paper/benchmarks/ed25519-099d19c/scalarmul,wit-constr-diff,chunkedmul.circom,ChunkedMul,pp[73]:lt[19].in:out[19],Yes
zksolid-paper/benchmarks/ed25519-099d19c/scalarmul,wit-constr-diff,chunkedmul.circom,ChunkedMul,pp[74]:lt[13].in:out[13],Yes
zksolid-paper/benchmarks/ed25519-099d19c/scalarmul,wit-constr-diff,chunkedmul.circom,ChunkedMul,pp[74]:lt[16].in:out[16],Yes
zksolid-paper/benchmarks/ed25519-099d19c/scalarmul,wit-constr-diff,chunkedmul.circom,ChunkedMul,pp[74]:lt[19].in:out[19],Yes
zksolid-paper/benchmarks/ed25519-099d19c/scalarmul,wit-constr-diff,chunkedmul.circom,ChunkedMul,pp[75]:lt[13].in:out[13],Yes
zksolid-paper/benchmarks/ed25519-099d19c/scalarmul,wit-constr-diff,chunkedmul.circom,ChunkedMul,pp[75]:lt[16].in:out[16],Yes
zksolid-paper/benchmarks/ed25519-099d19c/scalarmul,wit-constr-diff,chunkedmul.circom,ChunkedMul,pp[75]:lt[19].in:out[19],Yes
zksolid-paper/benchmarks/ed25519-099d19c/scalarmul,wit-constr-diff,chunkedmul.circom,ChunkedMul,pp[76]:lt[13].in:out[13],Yes
zksolid-paper/benchmarks/ed25519-099d19c/scalarmul,wit-constr-diff,chunkedmul.circom,ChunkedMul,pp[76]:lt[16].in:out[16],Yes
zksolid-paper/benchmarks/ed25519-099d19c/scalarmul,wit-constr-diff,chunkedmul.circom,ChunkedMul,pp[76]:lt[19].in:out[19],Yes
zksolid-paper/benchmarks/ed25519-099d19c/scalarmul,wit-constr-diff,chunkedmul.circom,ChunkedMul,pp[77]:lt[13].in:out[13],Yes
zksolid-paper/benchmarks/ed25519-099d19c/scalarmul,wit-constr-diff,chunkedmul.circom,ChunkedMul,pp[77]:lt[16].in:out[16],Yes
zksolid-paper/benchmarks/ed25519-099d19c/scalarmul,wit-constr-diff,chunkedmul.circom,ChunkedMul,pp[77]:lt[19].in:out[19],Yes
zksolid-paper/benchmarks/ed25519-099d19c/scalarmul,wit-constr-diff,chunkedmul.circom,ChunkedMul,pp[78]:lt[13].in:out[13],Yes
zksolid-paper/benchmarks/ed25519-099d19c/scalarmul,wit-constr-diff,chunkedmul.circom,ChunkedMul,pp[78]:lt[16].in:out[16],Yes
zksolid-paper/benchmarks/ed25519-099d19c/scalarmul,wit-constr-diff,chunkedmul.circom,ChunkedMul,pp[78]:lt[19].in:out[19],Yes
zksolid-paper/benchmarks/ed25519-099d19c/scalarmul,wit-constr-diff,chunkedmul.circom,ChunkedMul,pp[79]:lt[13].in:out[13],Yes
zksolid-paper/benchmarks/ed25519-099d19c/scalarmul,wit-constr-diff,chunkedmul.circom,ChunkedMul,pp[79]:lt[16].in:out[16],Yes
zksolid-paper/benchmarks/ed25519-099d19c/scalarmul,wit-constr-diff,chunkedmul.circom,ChunkedMul,pp[79]:lt[19].in:out[19],Yes
zksolid-paper/benchmarks/ed25519-099d19c/scalarmul,wit-constr-diff,chunkedmul.circom,ChunkedMul,pp[7]:lt[10].in:out[10],Yes
zksolid-paper/benchmarks/ed25519-099d19c/scalarmul,wit-constr-diff,chunkedmul.circom,ChunkedMul,pp[7]:lt[11].in:out[11],Yes
zksolid-paper/benchmarks/ed25519-099d19c/scalarmul,wit-constr-diff,chunkedmul.circom,ChunkedMul,pp[7]:lt[12].in:out[12],Yes
zksolid-paper/benchmarks/ed25519-099d19c/scalarmul,wit-constr-diff,chunkedmul.circom,ChunkedMul,pp[7]:lt[13].in:out[13],Yes
zksolid-paper/benchmarks/ed25519-099d19c/scalarmul,wit-constr-diff,chunkedmul.circom,ChunkedMul,pp[7]:lt[14].in:out[14],Yes
zksolid-paper/benchmarks/ed25519-099d19c/scalarmul,wit-constr-diff,chunkedmul.circom,ChunkedMul,pp[7]:lt[15].in:out[15],Yes
zksolid-paper/benchmarks/ed25519-099d19c/scalarmul,wit-constr-diff,chunkedmul.circom,ChunkedMul,pp[7]:lt[16].in:out[16],Yes
zksolid-paper/benchmarks/ed25519-099d19c/scalarmul,wit-constr-diff,chunkedmul.circom,ChunkedMul,pp[7]:lt[17].in:out[17],Yes
zksolid-paper/benchmarks/ed25519-099d19c/scalarmul,wit-constr-diff,chunkedmul.circom,ChunkedMul,pp[7]:lt[19].in:out[19],Yes
zksolid-paper/benchmarks/ed25519-099d19c/scalarmul,wit-constr-diff,chunkedmul.circom,ChunkedMul,pp[7]:lt[5].in:out[5],Yes
zksolid-paper/benchmarks/ed25519-099d19c/scalarmul,wit-constr-diff,chunkedmul.circom,ChunkedMul,pp[7]:lt[8].in:out[8],Yes
zksolid-paper/benchmarks/ed25519-099d19c/scalarmul,wit-constr-diff,chunkedmul.circom,ChunkedMul,pp[7]:lt[9].in:out[9],Yes
zksolid-paper/benchmarks/ed25519-099d19c/scalarmul,wit-constr-diff,chunkedmul.circom,ChunkedMul,pp[80]:lt[13].in:out[13],Yes
zksolid-paper/benchmarks/ed25519-099d19c/scalarmul,wit-constr-diff,chunkedmul.circom,ChunkedMul,pp[80]:lt[16].in:out[16],Yes
zksolid-paper/benchmarks/ed25519-099d19c/scalarmul,wit-constr-diff,chunkedmul.circom,ChunkedMul,pp[80]:lt[19].in:out[19],Yes
zksolid-paper/benchmarks/ed25519-099d19c/scalarmul,wit-constr-diff,chunkedmul.circom,ChunkedMul,pp[81]:lt[13].in:out[13],Yes
zksolid-paper/benchmarks/ed25519-099d19c/scalarmul,wit-constr-diff,chunkedmul.circom,ChunkedMul,pp[81]:lt[16].in:out[16],Yes
zksolid-paper/benchmarks/ed25519-099d19c/scalarmul,wit-constr-diff,chunkedmul.circom,ChunkedMul,pp[81]:lt[19].in:out[19],Yes
zksolid-paper/benchmarks/ed25519-099d19c/scalarmul,wit-constr-diff,chunkedmul.circom,ChunkedMul,pp[82]:lt[13].in:out[13],Yes
zksolid-paper/benchmarks/ed25519-099d19c/scalarmul,wit-constr-diff,chunkedmul.circom,ChunkedMul,pp[82]:lt[16].in:out[16],Yes
zksolid-paper/benchmarks/ed25519-099d19c/scalarmul,wit-constr-diff,chunkedmul.circom,ChunkedMul,pp[82]:lt[19].in:out[19],Yes
zksolid-paper/benchmarks/ed25519-099d19c/scalarmul,wit-constr-diff,chunkedmul.circom,ChunkedMul,pp[83]:lt[13].in:out[13],Yes
zksolid-paper/benchmarks/ed25519-099d19c/scalarmul,wit-constr-diff,chunkedmul.circom,ChunkedMul,pp[83]:lt[16].in:out[16],Yes
zksolid-paper/benchmarks/ed25519-099d19c/scalarmul,wit-constr-diff,chunkedmul.circom,ChunkedMul,pp[83]:lt[19].in:out[19],Yes
zksolid-paper/benchmarks/ed25519-099d19c/scalarmul,wit-constr-diff,chunkedmul.circom,ChunkedMul,pp[84]:lt[13].in:out[13],Yes
zksolid-paper/benchmarks/ed25519-099d19c/scalarmul,wit-constr-diff,chunkedmul.circom,ChunkedMul,pp[84]:lt[16].in:out[16],Yes
zksolid-paper/benchmarks/ed25519-099d19c/scalarmul,wit-constr-diff,chunkedmul.circom,ChunkedMul,pp[84]:lt[19].in:out[19],Yes
zksolid-paper/benchmarks/ed25519-099d19c/scalarmul,wit-constr-diff,chunkedmul.circom,ChunkedMul,pp[85]:lt[13].in:out[13],Yes
zksolid-paper/benchmarks/ed25519-099d19c/scalarmul,wit-constr-diff,chunkedmul.circom,ChunkedMul,pp[85]:lt[16].in:out[16],Yes
zksolid-paper/benchmarks/ed25519-099d19c/scalarmul,wit-constr-diff,chunkedmul.circom,ChunkedMul,pp[85]:lt[19].in:out[19],Yes
zksolid-paper/benchmarks/ed25519-099d19c/scalarmul,wit-constr-diff,chunkedmul.circom,ChunkedMul,pp[86]:lt[13].in:out[13],Yes
zksolid-paper/benchmarks/ed25519-099d19c/scalarmul,wit-constr-diff,chunkedmul.circom,ChunkedMul,pp[86]:lt[16].in:out[16],Yes
zksolid-paper/benchmarks/ed25519-099d19c/scalarmul,wit-constr-diff,chunkedmul.circom,ChunkedMul,pp[86]:lt[19].in:out[19],Yes
zksolid-paper/benchmarks/ed25519-099d19c/scalarmul,wit-constr-diff,chunkedmul.circom,ChunkedMul,pp[87]:lt[13].in:out[13],Yes
zksolid-paper/benchmarks/ed25519-099d19c/scalarmul,wit-constr-diff,chunkedmul.circom,ChunkedMul,pp[87]:lt[16].in:out[16],Yes
zksolid-paper/benchmarks/ed25519-099d19c/scalarmul,wit-constr-diff,chunkedmul.circom,ChunkedMul,pp[87]:lt[19].in:out[19],Yes
zksolid-paper/benchmarks/ed25519-099d19c/scalarmul,wit-constr-diff,chunkedmul.circom,ChunkedMul,pp[88]:lt[13].in:out[13],Yes
zksolid-paper/benchmarks/ed25519-099d19c/scalarmul,wit-constr-diff,chunkedmul.circom,ChunkedMul,pp[88]:lt[16].in:out[16],Yes
zksolid-paper/benchmarks/ed25519-099d19c/scalarmul,wit-constr-diff,chunkedmul.circom,ChunkedMul,pp[88]:lt[19].in:out[19],Yes
zksolid-paper/benchmarks/ed25519-099d19c/scalarmul,wit-constr-diff,chunkedmul.circom,ChunkedMul,pp[89]:lt[13].in:out[13],Yes
zksolid-paper/benchmarks/ed25519-099d19c/scalarmul,wit-constr-diff,chunkedmul.circom,ChunkedMul,pp[89]:lt[16].in:out[16],Yes
zksolid-paper/benchmarks/ed25519-099d19c/scalarmul,wit-constr-diff,chunkedmul.circom,ChunkedMul,pp[89]:lt[19].in:out[19],Yes
zksolid-paper/benchmarks/ed25519-099d19c/scalarmul,wit-constr-diff,chunkedmul.circom,ChunkedMul,pp[8]:lt[10].in:out[10],Yes
zksolid-paper/benchmarks/ed25519-099d19c/scalarmul,wit-constr-diff,chunkedmul.circom,ChunkedMul,pp[8]:lt[11].in:out[11],Yes
zksolid-paper/benchmarks/ed25519-099d19c/scalarmul,wit-constr-diff,chunkedmul.circom,ChunkedMul,pp[8]:lt[12].in:out[12],Yes
zksolid-paper/benchmarks/ed25519-099d19c/scalarmul,wit-constr-diff,chunkedmul.circom,ChunkedMul,pp[8]:lt[13].in:out[13],Yes
zksolid-paper/benchmarks/ed25519-099d19c/scalarmul,wit-constr-diff,chunkedmul.circom,ChunkedMul,pp[8]:lt[14].in:out[14],Yes
zksolid-paper/benchmarks/ed25519-099d19c/scalarmul,wit-constr-diff,chunkedmul.circom,ChunkedMul,pp[8]:lt[15].in:out[15],Yes
zksolid-paper/benchmarks/ed25519-099d19c/scalarmul,wit-constr-diff,chunkedmul.circom,ChunkedMul,pp[8]:lt[16].in:out[16],Yes
zksolid-paper/benchmarks/ed25519-099d19c/scalarmul,wit-constr-diff,chunkedmul.circom,ChunkedMul,pp[8]:lt[17].in:out[17],Yes
zksolid-paper/benchmarks/ed25519-099d19c/scalarmul,wit-constr-diff,chunkedmul.circom,ChunkedMul,pp[8]:lt[19].in:out[19],Yes
zksolid-paper/benchmarks/ed25519-099d19c/scalarmul,wit-constr-diff,chunkedmul.circom,ChunkedMul,pp[8]:lt[5].in:out[5],Yes
zksolid-paper/benchmarks/ed25519-099d19c/scalarmul,wit-constr-diff,chunkedmul.circom,ChunkedMul,pp[8]:lt[8].in:out[8],Yes
zksolid-paper/benchmarks/ed25519-099d19c/scalarmul,wit-constr-diff,chunkedmul.circom,ChunkedMul,pp[8]:lt[9].in:out[9],Yes
zksolid-paper/benchmarks/ed25519-099d19c/scalarmul,wit-constr-diff,chunkedmul.circom,ChunkedMul,pp[90]:lt[13].in:out[13],Yes
zksolid-paper/benchmarks/ed25519-099d19c/scalarmul,wit-constr-diff,chunkedmul.circom,ChunkedMul,pp[90]:lt[16].in:out[16],Yes
zksolid-paper/benchmarks/ed25519-099d19c/scalarmul,wit-constr-diff,chunkedmul.circom,ChunkedMul,pp[90]:lt[19].in:out[19],Yes
zksolid-paper/benchmarks/ed25519-099d19c/scalarmul,wit-constr-diff,chunkedmul.circom,ChunkedMul,pp[91]:lt[16].in:out[16],Yes
zksolid-paper/benchmarks/ed25519-099d19c/scalarmul,wit-constr-diff,chunkedmul.circom,ChunkedMul,pp[91]:lt[19].in:out[19],Yes
zksolid-paper/benchmarks/ed25519-099d19c/scalarmul,wit-constr-diff,chunkedmul.circom,ChunkedMul,pp[92]:lt[16].in:out[16],Yes
zksolid-paper/benchmarks/ed25519-099d19c/scalarmul,wit-constr-diff,chunkedmul.circom,ChunkedMul,pp[92]:lt[19].in:out[19],Yes
zksolid-paper/benchmarks/ed25519-099d19c/scalarmul,wit-constr-diff,chunkedmul.circom,ChunkedMul,pp[93]:lt[16].in:out[16],Yes
zksolid-paper/benchmarks/ed25519-099d19c/scalarmul,wit-constr-diff,chunkedmul.circom,ChunkedMul,pp[93]:lt[19].in:out[19],Yes
zksolid-paper/benchmarks/ed25519-099d19c/scalarmul,wit-constr-diff,chunkedmul.circom,ChunkedMul,pp[94]:lt[16].in:out[16],Yes
zksolid-paper/benchmarks/ed25519-099d19c/scalarmul,wit-constr-diff,chunkedmul.circom,ChunkedMul,pp[94]:lt[19].in:out[19],Yes
zksolid-paper/benchmarks/ed25519-099d19c/scalarmul,wit-constr-diff,chunkedmul.circom,ChunkedMul,pp[95]:lt[16].in:out[16],Yes
zksolid-paper/benchmarks/ed25519-099d19c/scalarmul,wit-constr-diff,chunkedmul.circom,ChunkedMul,pp[95]:lt[19].in:out[19],Yes
zksolid-paper/benchmarks/ed25519-099d19c/scalarmul,wit-constr-diff,chunkedmul.circom,ChunkedMul,pp[96]:lt[16].in:out[16],Yes
zksolid-paper/benchmarks/ed25519-099d19c/scalarmul,wit-constr-diff,chunkedmul.circom,ChunkedMul,pp[96]:lt[19].in:out[19],Yes
zksolid-paper/benchmarks/ed25519-099d19c/scalarmul,wit-constr-diff,chunkedmul.circom,ChunkedMul,pp[97]:lt[16].in:out[16],Yes
zksolid-paper/benchmarks/ed25519-099d19c/scalarmul,wit-constr-diff,chunkedmul.circom,ChunkedMul,pp[97]:lt[19].in:out[19],Yes
zksolid-paper/benchmarks/ed25519-099d19c/scalarmul,wit-constr-diff,chunkedmul.circom,ChunkedMul,pp[98]:lt[16].in:out[16],Yes
zksolid-paper/benchmarks/ed25519-099d19c/scalarmul,wit-constr-diff,chunkedmul.circom,ChunkedMul,pp[98]:lt[19].in:out[19],Yes
zksolid-paper/benchmarks/ed25519-099d19c/scalarmul,wit-constr-diff,chunkedmul.circom,ChunkedMul,pp[99]:lt[16].in:out[16],Yes
zksolid-paper/benchmarks/ed25519-099d19c/scalarmul,wit-constr-diff,chunkedmul.circom,ChunkedMul,pp[99]:lt[19].in:out[19],Yes
zksolid-paper/benchmarks/ed25519-099d19c/scalarmul,wit-constr-diff,chunkedmul.circom,ChunkedMul,pp[9]:lt[10].in:out[10],Yes
zksolid-paper/benchmarks/ed25519-099d19c/scalarmul,wit-constr-diff,chunkedmul.circom,ChunkedMul,pp[9]:lt[11].in:out[11],Yes
zksolid-paper/benchmarks/ed25519-099d19c/scalarmul,wit-constr-diff,chunkedmul.circom,ChunkedMul,pp[9]:lt[12].in:out[12],Yes
zksolid-paper/benchmarks/ed25519-099d19c/scalarmul,wit-constr-diff,chunkedmul.circom,ChunkedMul,pp[9]:lt[13].in:out[13],Yes
zksolid-paper/benchmarks/ed25519-099d19c/scalarmul,wit-constr-diff,chunkedmul.circom,ChunkedMul,pp[9]:lt[14].in:out[14],Yes
zksolid-paper/benchmarks/ed25519-099d19c/scalarmul,wit-constr-diff,chunkedmul.circom,ChunkedMul,pp[9]:lt[15].in:out[15],Yes
zksolid-paper/benchmarks/ed25519-099d19c/scalarmul,wit-constr-diff,chunkedmul.circom,ChunkedMul,pp[9]:lt[16].in:out[16],Yes
zksolid-paper/benchmarks/ed25519-099d19c/scalarmul,wit-constr-diff,chunkedmul.circom,ChunkedMul,pp[9]:lt[17].in:out[17],Yes
zksolid-paper/benchmarks/ed25519-099d19c/scalarmul,wit-constr-diff,chunkedmul.circom,ChunkedMul,pp[9]:lt[19].in:out[19],Yes
zksolid-paper/benchmarks/ed25519-099d19c/scalarmul,wit-constr-diff,chunkedmul.circom,ChunkedMul,pp[9]:lt[5].in:out[5],Yes
zksolid-paper/benchmarks/ed25519-099d19c/scalarmul,wit-constr-diff,chunkedmul.circom,ChunkedMul,pp[9]:lt[8].in:out[8],Yes
zksolid-paper/benchmarks/ed25519-099d19c/scalarmul,wit-constr-diff,chunkedmul.circom,ChunkedMul,sum[0]:lt[10].in:out[10],Yes
zksolid-paper/benchmarks/ed25519-099d19c/scalarmul,wit-constr-diff,chunkedmul.circom,ChunkedMul,sum[0]:lt[11].in:out[11],Yes
zksolid-paper/benchmarks/ed25519-099d19c/scalarmul,wit-constr-diff,chunkedmul.circom,ChunkedMul,sum[0]:lt[12].in:out[12],Yes
zksolid-paper/benchmarks/ed25519-099d19c/scalarmul,wit-constr-diff,chunkedmul.circom,ChunkedMul,sum[0]:lt[13].in:out[13],Yes
zksolid-paper/benchmarks/ed25519-099d19c/scalarmul,wit-constr-diff,chunkedmul.circom,ChunkedMul,sum[0]:lt[14].in:out[14],Yes
zksolid-paper/benchmarks/ed25519-099d19c/scalarmul,wit-constr-diff,chunkedmul.circom,ChunkedMul,sum[0]:lt[15].in:out[15],Yes
zksolid-paper/benchmarks/ed25519-099d19c/scalarmul,wit-constr-diff,chunkedmul.circom,ChunkedMul,sum[0]:lt[16].in:out[16],Yes
zksolid-paper/benchmarks/ed25519-099d19c/scalarmul,wit-constr-diff,chunkedmul.circom,ChunkedMul,sum[0]:lt[17].in:out[17],Yes
zksolid-paper/benchmarks/ed25519-099d19c/scalarmul,wit-constr-diff,chunkedmul.circom,ChunkedMul,sum[0]:lt[19].in:out[19],Yes
zksolid-paper/benchmarks/ed25519-099d19c/scalarmul,wit-constr-diff,chunkedmul.circom,ChunkedMul,sum[0]:lt[1].in:out[1],Yes
zksolid-paper/benchmarks/ed25519-099d19c/scalarmul,wit-constr-diff,chunkedmul.circom,ChunkedMul,sum[0]:lt[2].in:out[2],Yes
zksolid-paper/benchmarks/ed25519-099d19c/scalarmul,wit-constr-diff,chunkedmul.circom,ChunkedMul,sum[0]:lt[3].in:out[3],Yes
zksolid-paper/benchmarks/ed25519-099d19c/scalarmul,wit-constr-diff,chunkedmul.circom,ChunkedMul,sum[0]:lt[4].in:out[4],Yes
zksolid-paper/benchmarks/ed25519-099d19c/scalarmul,wit-constr-diff,chunkedmul.circom,ChunkedMul,sum[0]:lt[5].in:out[5],Yes
zksolid-paper/benchmarks/ed25519-099d19c/scalarmul,wit-constr-diff,chunkedmul.circom,ChunkedMul,sum[0]:lt[6].in:out[6],Yes
zksolid-paper/benchmarks/ed25519-099d19c/scalarmul,wit-constr-diff,chunkedmul.circom,ChunkedMul,sum[0]:lt[7].in:out[7],Yes
zksolid-paper/benchmarks/ed25519-099d19c/scalarmul,wit-constr-diff,chunkedmul.circom,ChunkedMul,sum[0]:lt[8].in:out[8],Yes
zksolid-paper/benchmarks/ed25519-099d19c/scalarmul,wit-constr-diff,chunkedmul.circom,ChunkedMul,sum[0]:lt[9].in:out[9],Yes
zksolid-paper/benchmarks/ed25519-099d19c/scalarmul,wit-constr-diff,chunkedmul.circom,ChunkedMul,sum[10]:lt[11].in:out[11],Yes
zksolid-paper/benchmarks/ed25519-099d19c/scalarmul,wit-constr-diff,chunkedmul.circom,ChunkedMul,sum[10]:lt[12].in:out[12],Yes
zksolid-paper/benchmarks/ed25519-099d19c/scalarmul,wit-constr-diff,chunkedmul.circom,ChunkedMul,sum[10]:lt[13].in:out[13],Yes
zksolid-paper/benchmarks/ed25519-099d19c/scalarmul,wit-constr-diff,chunkedmul.circom,ChunkedMul,sum[10]:lt[14].in:out[14],Yes
zksolid-paper/benchmarks/ed25519-099d19c/scalarmul,wit-constr-diff,chunkedmul.circom,ChunkedMul,sum[10]:lt[15].in:out[15],Yes
zksolid-paper/benchmarks/ed25519-099d19c/scalarmul,wit-constr-diff,chunkedmul.circom,ChunkedMul,sum[10]:lt[16].in:out[16],Yes
zksolid-paper/benchmarks/ed25519-099d19c/scalarmul,wit-constr-diff,chunkedmul.circom,ChunkedMul,sum[10]:lt[17].in:out[17],Yes
zksolid-paper/benchmarks/ed25519-099d19c/scalarmul,wit-constr-diff,chunkedmul.circom,ChunkedMul,sum[10]:lt[19].in:out[19],Yes
zksolid-paper/benchmarks/ed25519-099d19c/scalarmul,wit-constr-diff,chunkedmul.circom,ChunkedMul,sum[11]:lt[12].in:out[12],Yes
zksolid-paper/benchmarks/ed25519-099d19c/scalarmul,wit-constr-diff,chunkedmul.circom,ChunkedMul,sum[11]:lt[13].in:out[13],Yes
zksolid-paper/benchmarks/ed25519-099d19c/scalarmul,wit-constr-diff,chunkedmul.circom,ChunkedMul,sum[11]:lt[14].in:out[14],Yes
zksolid-paper/benchmarks/ed25519-099d19c/scalarmul,wit-constr-diff,chunkedmul.circom,ChunkedMul,sum[11]:lt[15].in:out[15],Yes
zksolid-paper/benchmarks/ed25519-099d19c/scalarmul,wit-constr-diff,chunkedmul.circom,ChunkedMul,sum[11]:lt[16].in:out[16],Yes
zksolid-paper/benchmarks/ed25519-099d19c/scalarmul,wit-constr-diff,chunkedmul.circom,ChunkedMul,sum[11]:lt[17].in:out[17],Yes
zksolid-paper/benchmarks/ed25519-099d19c/scalarmul,wit-constr-diff,chunkedmul.circom,ChunkedMul,sum[11]:lt[19].in:out[19],Yes
zksolid-paper/benchmarks/ed25519-099d19c/scalarmul,wit-constr-diff,chunkedmul.circom,ChunkedMul,sum[12]:lt[13].in:out[13],Yes
zksolid-paper/benchmarks/ed25519-099d19c/scalarmul,wit-constr-diff,chunkedmul.circom,ChunkedMul,sum[12]:lt[14].in:out[14],Yes
zksolid-paper/benchmarks/ed25519-099d19c/scalarmul,wit-constr-diff,chunkedmul.circom,ChunkedMul,sum[12]:lt[15].in:out[15],Yes
zksolid-paper/benchmarks/ed25519-099d19c/scalarmul,wit-constr-diff,chunkedmul.circom,ChunkedMul,sum[12]:lt[16].in:out[16],Yes
zksolid-paper/benchmarks/ed25519-099d19c/scalarmul,wit-constr-diff,chunkedmul.circom,ChunkedMul,sum[12]:lt[17].in:out[17],Yes
zksolid-paper/benchmarks/ed25519-099d19c/scalarmul,wit-constr-diff,chunkedmul.circom,ChunkedMul,sum[12]:lt[19].in:out[19],Yes
zksolid-paper/benchmarks/ed25519-099d19c/scalarmul,wit-constr-diff,chunkedmul.circom,ChunkedMul,sum[13]:lt[14].in:out[14],Yes
zksolid-paper/benchmarks/ed25519-099d19c/scalarmul,wit-constr-diff,chunkedmul.circom,ChunkedMul,sum[13]:lt[15].in:out[15],Yes
zksolid-paper/benchmarks/ed25519-099d19c/scalarmul,wit-constr-diff,chunkedmul.circom,ChunkedMul,sum[13]:lt[16].in:out[16],Yes
zksolid-paper/benchmarks/ed25519-099d19c/scalarmul,wit-constr-diff,chunkedmul.circom,ChunkedMul,sum[13]:lt[17].in:out[17],Yes
zksolid-paper/benchmarks/ed25519-099d19c/scalarmul,wit-constr-diff,chunkedmul.circom,ChunkedMul,sum[13]:lt[19].in:out[19],Yes
zksolid-paper/benchmarks/ed25519-099d19c/scalarmul,wit-constr-diff,chunkedmul.circom,ChunkedMul,sum[14]:lt[15].in:out[15],Yes
zksolid-paper/benchmarks/ed25519-099d19c/scalarmul,wit-constr-diff,chunkedmul.circom,ChunkedMul,sum[14]:lt[16].in:out[16],Yes
zksolid-paper/benchmarks/ed25519-099d19c/scalarmul,wit-constr-diff,chunkedmul.circom,ChunkedMul,sum[14]:lt[17].in:out[17],Yes
zksolid-paper/benchmarks/ed25519-099d19c/scalarmul,wit-constr-diff,chunkedmul.circom,ChunkedMul,sum[14]:lt[19].in:out[19],Yes
zksolid-paper/benchmarks/ed25519-099d19c/scalarmul,wit-constr-diff,chunkedmul.circom,ChunkedMul,sum[15]:lt[16].in:out[16],Yes
zksolid-paper/benchmarks/ed25519-099d19c/scalarmul,wit-constr-diff,chunkedmul.circom,ChunkedMul,sum[15]:lt[17].in:out[17],Yes
zksolid-paper/benchmarks/ed25519-099d19c/scalarmul,wit-constr-diff,chunkedmul.circom,ChunkedMul,sum[15]:lt[19].in:out[19],Yes
zksolid-paper/benchmarks/ed25519-099d19c/scalarmul,wit-constr-diff,chunkedmul.circom,ChunkedMul,sum[16]:lt[17].in:out[17],Yes
zksolid-paper/benchmarks/ed25519-099d19c/scalarmul,wit-constr-diff,chunkedmul.circom,ChunkedMul,sum[16]:lt[19].in:out[19],Yes
zksolid-paper/benchmarks/ed25519-099d19c/scalarmul,wit-constr-diff,chunkedmul.circom,ChunkedMul,sum[17]:lt[19].in:out[19],Yes
zksolid-paper/benchmarks/ed25519-099d19c/scalarmul,wit-constr-diff,chunkedmul.circom,ChunkedMul,sum[18]:lt[19].in:out[19],Yes
zksolid-paper/benchmarks/ed25519-099d19c/scalarmul,wit-constr-diff,chunkedmul.circom,ChunkedMul,sum[1]:lt[10].in:out[10],Yes
zksolid-paper/benchmarks/ed25519-099d19c/scalarmul,wit-constr-diff,chunkedmul.circom,ChunkedMul,sum[1]:lt[11].in:out[11],Yes
zksolid-paper/benchmarks/ed25519-099d19c/scalarmul,wit-constr-diff,chunkedmul.circom,ChunkedMul,sum[1]:lt[12].in:out[12],Yes
zksolid-paper/benchmarks/ed25519-099d19c/scalarmul,wit-constr-diff,chunkedmul.circom,ChunkedMul,sum[1]:lt[13].in:out[13],Yes
zksolid-paper/benchmarks/ed25519-099d19c/scalarmul,wit-constr-diff,chunkedmul.circom,ChunkedMul,sum[1]:lt[14].in:out[14],Yes
zksolid-paper/benchmarks/ed25519-099d19c/scalarmul,wit-constr-diff,chunkedmul.circom,ChunkedMul,sum[1]:lt[15].in:out[15],Yes
zksolid-paper/benchmarks/ed25519-099d19c/scalarmul,wit-constr-diff,chunkedmul.circom,ChunkedMul,sum[1]:lt[16].in:out[16],Yes
zksolid-paper/benchmarks/ed25519-099d19c/scalarmul,wit-constr-diff,chunkedmul.circom,ChunkedMul,sum[1]:lt[17].in:out[17],Yes
zksolid-paper/benchmarks/ed25519-099d19c/scalarmul,wit-constr-diff,chunkedmul.circom,ChunkedMul,sum[1]:lt[19].in:out[19],Yes
zksolid-paper/benchmarks/ed25519-099d19c/scalarmul,wit-constr-diff,chunkedmul.circom,ChunkedMul,sum[1]:lt[2].in:out[2],Yes
zksolid-paper/benchmarks/ed25519-099d19c/scalarmul,wit-constr-diff,chunkedmul.circom,ChunkedMul,sum[1]:lt[3].in:out[3],Yes
zksolid-paper/benchmarks/ed25519-099d19c/scalarmul,wit-constr-diff,chunkedmul.circom,ChunkedMul,sum[1]:lt[4].in:out[4],Yes
zksolid-paper/benchmarks/ed25519-099d19c/scalarmul,wit-constr-diff,chunkedmul.circom,ChunkedMul,sum[1]:lt[5].in:out[5],Yes
zksolid-paper/benchmarks/ed25519-099d19c/scalarmul,wit-constr-diff,chunkedmul.circom,ChunkedMul,sum[1]:lt[6].in:out[6],Yes
zksolid-paper/benchmarks/ed25519-099d19c/scalarmul,wit-constr-diff,chunkedmul.circom,ChunkedMul,sum[1]:lt[7].in:out[7],Yes
zksolid-paper/benchmarks/ed25519-099d19c/scalarmul,wit-constr-diff,chunkedmul.circom,ChunkedMul,sum[1]:lt[8].in:out[8],Yes
zksolid-paper/benchmarks/ed25519-099d19c/scalarmul,wit-constr-diff,chunkedmul.circom,ChunkedMul,sum[1]:lt[9].in:out[9],Yes
zksolid-paper/benchmarks/ed25519-099d19c/scalarmul,wit-constr-diff,chunkedmul.circom,ChunkedMul,sum[2]:lt[10].in:out[10],Yes
zksolid-paper/benchmarks/ed25519-099d19c/scalarmul,wit-constr-diff,chunkedmul.circom,ChunkedMul,sum[2]:lt[11].in:out[11],Yes
zksolid-paper/benchmarks/ed25519-099d19c/scalarmul,wit-constr-diff,chunkedmul.circom,ChunkedMul,sum[2]:lt[12].in:out[12],Yes
zksolid-paper/benchmarks/ed25519-099d19c/scalarmul,wit-constr-diff,chunkedmul.circom,ChunkedMul,sum[2]:lt[13].in:out[13],Yes
zksolid-paper/benchmarks/ed25519-099d19c/scalarmul,wit-constr-diff,chunkedmul.circom,ChunkedMul,sum[2]:lt[14].in:out[14],Yes
zksolid-paper/benchmarks/ed25519-099d19c/scalarmul,wit-constr-diff,chunkedmul.circom,ChunkedMul,sum[2]:lt[15].in:out[15],Yes
zksolid-paper/benchmarks/ed25519-099d19c/scalarmul,wit-constr-diff,chunkedmul.circom,ChunkedMul,sum[2]:lt[16].in:out[16],Yes
zksolid-paper/benchmarks/ed25519-099d19c/scalarmul,wit-constr-diff,chunkedmul.circom,ChunkedMul,sum[2]:lt[17].in:out[17],Yes
zksolid-paper/benchmarks/ed25519-099d19c/scalarmul,wit-constr-diff,chunkedmul.circom,ChunkedMul,sum[2]:lt[19].in:out[19],Yes
zksolid-paper/benchmarks/ed25519-099d19c/scalarmul,wit-constr-diff,chunkedmul.circom,ChunkedMul,sum[2]:lt[3].in:out[3],Yes
zksolid-paper/benchmarks/ed25519-099d19c/scalarmul,wit-constr-diff,chunkedmul.circom,ChunkedMul,sum[2]:lt[4].in:out[4],Yes
zksolid-paper/benchmarks/ed25519-099d19c/scalarmul,wit-constr-diff,chunkedmul.circom,ChunkedMul,sum[2]:lt[5].in:out[5],Yes
zksolid-paper/benchmarks/ed25519-099d19c/scalarmul,wit-constr-diff,chunkedmul.circom,ChunkedMul,sum[2]:lt[6].in:out[6],Yes
zksolid-paper/benchmarks/ed25519-099d19c/scalarmul,wit-constr-diff,chunkedmul.circom,ChunkedMul,sum[2]:lt[7].in:out[7],Yes
zksolid-paper/benchmarks/ed25519-099d19c/scalarmul,wit-constr-diff,chunkedmul.circom,ChunkedMul,sum[2]:lt[8].in:out[8],Yes
zksolid-paper/benchmarks/ed25519-099d19c/scalarmul,wit-constr-diff,chunkedmul.circom,ChunkedMul,sum[2]:lt[9].in:out[9],Yes
zksolid-paper/benchmarks/ed25519-099d19c/scalarmul,wit-constr-diff,chunkedmul.circom,ChunkedMul,sum[3]:lt[10].in:out[10],Yes
zksolid-paper/benchmarks/ed25519-099d19c/scalarmul,wit-constr-diff,chunkedmul.circom,ChunkedMul,sum[3]:lt[11].in:out[11],Yes
zksolid-paper/benchmarks/ed25519-099d19c/scalarmul,wit-constr-diff,chunkedmul.circom,ChunkedMul,sum[3]:lt[12].in:out[12],Yes
zksolid-paper/benchmarks/ed25519-099d19c/scalarmul,wit-constr-diff,chunkedmul.circom,ChunkedMul,sum[3]:lt[13].in:out[13],Yes
zksolid-paper/benchmarks/ed25519-099d19c/scalarmul,wit-constr-diff,chunkedmul.circom,ChunkedMul,sum[3]:lt[14].in:out[14],Yes
zksolid-paper/benchmarks/ed25519-099d19c/scalarmul,wit-constr-diff,chunkedmul.circom,ChunkedMul,sum[3]:lt[15].in:out[15],Yes
zksolid-paper/benchmarks/ed25519-099d19c/scalarmul,wit-constr-diff,chunkedmul.circom,ChunkedMul,sum[3]:lt[16].in:out[16],Yes
zksolid-paper/benchmarks/ed25519-099d19c/scalarmul,wit-constr-diff,chunkedmul.circom,ChunkedMul,sum[3]:lt[17].in:out[17],Yes
zksolid-paper/benchmarks/ed25519-099d19c/scalarmul,wit-constr-diff,chunkedmul.circom,ChunkedMul,sum[3]:lt[19].in:out[19],Yes
zksolid-paper/benchmarks/ed25519-099d19c/scalarmul,wit-constr-diff,chunkedmul.circom,ChunkedMul,sum[3]:lt[4].in:out[4],Yes
zksolid-paper/benchmarks/ed25519-099d19c/scalarmul,wit-constr-diff,chunkedmul.circom,ChunkedMul,sum[3]:lt[5].in:out[5],Yes
zksolid-paper/benchmarks/ed25519-099d19c/scalarmul,wit-constr-diff,chunkedmul.circom,ChunkedMul,sum[3]:lt[6].in:out[6],Yes
zksolid-paper/benchmarks/ed25519-099d19c/scalarmul,wit-constr-diff,chunkedmul.circom,ChunkedMul,sum[3]:lt[7].in:out[7],Yes
zksolid-paper/benchmarks/ed25519-099d19c/scalarmul,wit-constr-diff,chunkedmul.circom,ChunkedMul,sum[3]:lt[8].in:out[8],Yes
zksolid-paper/benchmarks/ed25519-099d19c/scalarmul,wit-constr-diff,chunkedmul.circom,ChunkedMul,sum[3]:lt[9].in:out[9],Yes
zksolid-paper/benchmarks/ed25519-099d19c/scalarmul,wit-constr-diff,chunkedmul.circom,ChunkedMul,sum[4]:lt[10].in:out[10],Yes
zksolid-paper/benchmarks/ed25519-099d19c/scalarmul,wit-constr-diff,chunkedmul.circom,ChunkedMul,sum[4]:lt[11].in:out[11],Yes
zksolid-paper/benchmarks/ed25519-099d19c/scalarmul,wit-constr-diff,chunkedmul.circom,ChunkedMul,sum[4]:lt[12].in:out[12],Yes
zksolid-paper/benchmarks/ed25519-099d19c/scalarmul,wit-constr-diff,chunkedmul.circom,ChunkedMul,sum[4]:lt[13].in:out[13],Yes
zksolid-paper/benchmarks/ed25519-099d19c/scalarmul,wit-constr-diff,chunkedmul.circom,ChunkedMul,sum[4]:lt[14].in:out[14],Yes
zksolid-paper/benchmarks/ed25519-099d19c/scalarmul,wit-constr-diff,chunkedmul.circom,ChunkedMul,sum[4]:lt[15].in:out[15],Yes
zksolid-paper/benchmarks/ed25519-099d19c/scalarmul,wit-constr-diff,chunkedmul.circom,ChunkedMul,sum[4]:lt[16].in:out[16],Yes
zksolid-paper/benchmarks/ed25519-099d19c/scalarmul,wit-constr-diff,chunkedmul.circom,ChunkedMul,sum[4]:lt[17].in:out[17],Yes
zksolid-paper/benchmarks/ed25519-099d19c/scalarmul,wit-constr-diff,chunkedmul.circom,ChunkedMul,sum[4]:lt[19].in:out[19],Yes
zksolid-paper/benchmarks/ed25519-099d19c/scalarmul,wit-constr-diff,chunkedmul.circom,ChunkedMul,sum[4]:lt[5].in:out[5],Yes
zksolid-paper/benchmarks/ed25519-099d19c/scalarmul,wit-constr-diff,chunkedmul.circom,ChunkedMul,sum[4]:lt[6].in:out[6],Yes
zksolid-paper/benchmarks/ed25519-099d19c/scalarmul,wit-constr-diff,chunkedmul.circom,ChunkedMul,sum[4]:lt[7].in:out[7],Yes
zksolid-paper/benchmarks/ed25519-099d19c/scalarmul,wit-constr-diff,chunkedmul.circom,ChunkedMul,sum[4]:lt[8].in:out[8],Yes
zksolid-paper/benchmarks/ed25519-099d19c/scalarmul,wit-constr-diff,chunkedmul.circom,ChunkedMul,sum[4]:lt[9].in:out[9],Yes
zksolid-paper/benchmarks/ed25519-099d19c/scalarmul,wit-constr-diff,chunkedmul.circom,ChunkedMul,sum[5]:lt[10].in:out[10],Yes
zksolid-paper/benchmarks/ed25519-099d19c/scalarmul,wit-constr-diff,chunkedmul.circom,ChunkedMul,sum[5]:lt[11].in:out[11],Yes
zksolid-paper/benchmarks/ed25519-099d19c/scalarmul,wit-constr-diff,chunkedmul.circom,ChunkedMul,sum[5]:lt[12].in:out[12],Yes
zksolid-paper/benchmarks/ed25519-099d19c/scalarmul,wit-constr-diff,chunkedmul.circom,ChunkedMul,sum[5]:lt[13].in:out[13],Yes
zksolid-paper/benchmarks/ed25519-099d19c/scalarmul,wit-constr-diff,chunkedmul.circom,ChunkedMul,sum[5]:lt[14].in:out[14],Yes
zksolid-paper/benchmarks/ed25519-099d19c/scalarmul,wit-constr-diff,chunkedmul.circom,ChunkedMul,sum[5]:lt[15].in:out[15],Yes
zksolid-paper/benchmarks/ed25519-099d19c/scalarmul,wit-constr-diff,chunkedmul.circom,ChunkedMul,sum[5]:lt[16].in:out[16],Yes
zksolid-paper/benchmarks/ed25519-099d19c/scalarmul,wit-constr-diff,chunkedmul.circom,ChunkedMul,sum[5]:lt[17].in:out[17],Yes
zksolid-paper/benchmarks/ed25519-099d19c/scalarmul,wit-constr-diff,chunkedmul.circom,ChunkedMul,sum[5]:lt[19].in:out[19],Yes
zksolid-paper/benchmarks/ed25519-099d19c/scalarmul,wit-constr-diff,chunkedmul.circom,ChunkedMul,sum[5]:lt[6].in:out[6],Yes
zksolid-paper/benchmarks/ed25519-099d19c/scalarmul,wit-constr-diff,chunkedmul.circom,ChunkedMul,sum[5]:lt[7].in:out[7],Yes
zksolid-paper/benchmarks/ed25519-099d19c/scalarmul,wit-constr-diff,chunkedmul.circom,ChunkedMul,sum[5]:lt[8].in:out[8],Yes
zksolid-paper/benchmarks/ed25519-099d19c/scalarmul,wit-constr-diff,chunkedmul.circom,ChunkedMul,sum[5]:lt[9].in:out[9],Yes
zksolid-paper/benchmarks/ed25519-099d19c/scalarmul,wit-constr-diff,chunkedmul.circom,ChunkedMul,sum[6]:lt[10].in:out[10],Yes
zksolid-paper/benchmarks/ed25519-099d19c/scalarmul,wit-constr-diff,chunkedmul.circom,ChunkedMul,sum[6]:lt[11].in:out[11],Yes
zksolid-paper/benchmarks/ed25519-099d19c/scalarmul,wit-constr-diff,chunkedmul.circom,ChunkedMul,sum[6]:lt[12].in:out[12],Yes
zksolid-paper/benchmarks/ed25519-099d19c/scalarmul,wit-constr-diff,chunkedmul.circom,ChunkedMul,sum[6]:lt[13].in:out[13],Yes
zksolid-paper/benchmarks/ed25519-099d19c/scalarmul,wit-constr-diff,chunkedmul.circom,ChunkedMul,sum[6]:lt[14].in:out[14],Yes
zksolid-paper/benchmarks/ed25519-099d19c/scalarmul,wit-constr-diff,chunkedmul.circom,ChunkedMul,sum[6]:lt[15].in:out[15],Yes
zksolid-paper/benchmarks/ed25519-099d19c/scalarmul,wit-constr-diff,chunkedmul.circom,ChunkedMul,sum[6]:lt[16].in:out[16],Yes
zksolid-paper/benchmarks/ed25519-099d19c/scalarmul,wit-constr-diff,chunkedmul.circom,ChunkedMul,sum[6]:lt[17].in:out[17],Yes
zksolid-paper/benchmarks/ed25519-099d19c/scalarmul,wit-constr-diff,chunkedmul.circom,ChunkedMul,sum[6]:lt[19].in:out[19],Yes
zksolid-paper/benchmarks/ed25519-099d19c/scalarmul,wit-constr-diff,chunkedmul.circom,ChunkedMul,sum[6]:lt[7].in:out[7],Yes
zksolid-paper/benchmarks/ed25519-099d19c/scalarmul,wit-constr-diff,chunkedmul.circom,ChunkedMul,sum[6]:lt[8].in:out[8],Yes
zksolid-paper/benchmarks/ed25519-099d19c/scalarmul,wit-constr-diff,chunkedmul.circom,ChunkedMul,sum[6]:lt[9].in:out[9],Yes
zksolid-paper/benchmarks/ed25519-099d19c/scalarmul,wit-constr-diff,chunkedmul.circom,ChunkedMul,sum[7]:lt[10].in:out[10],Yes
zksolid-paper/benchmarks/ed25519-099d19c/scalarmul,wit-constr-diff,chunkedmul.circom,ChunkedMul,sum[7]:lt[11].in:out[11],Yes
zksolid-paper/benchmarks/ed25519-099d19c/scalarmul,wit-constr-diff,chunkedmul.circom,ChunkedMul,sum[7]:lt[12].in:out[12],Yes
zksolid-paper/benchmarks/ed25519-099d19c/scalarmul,wit-constr-diff,chunkedmul.circom,ChunkedMul,sum[7]:lt[13].in:out[13],Yes
zksolid-paper/benchmarks/ed25519-099d19c/scalarmul,wit-constr-diff,chunkedmul.circom,ChunkedMul,sum[7]:lt[14].in:out[14],Yes
zksolid-paper/benchmarks/ed25519-099d19c/scalarmul,wit-constr-diff,chunkedmul.circom,ChunkedMul,sum[7]:lt[15].in:out[15],Yes
zksolid-paper/benchmarks/ed25519-099d19c/scalarmul,wit-constr-diff,chunkedmul.circom,ChunkedMul,sum[7]:lt[16].in:out[16],Yes
zksolid-paper/benchmarks/ed25519-099d19c/scalarmul,wit-constr-diff,chunkedmul.circom,ChunkedMul,sum[7]:lt[17].in:out[17],Yes
zksolid-paper/benchmarks/ed25519-099d19c/scalarmul,wit-constr-diff,chunkedmul.circom,ChunkedMul,sum[7]:lt[19].in:out[19],Yes
zksolid-paper/benchmarks/ed25519-099d19c/scalarmul,wit-constr-diff,chunkedmul.circom,ChunkedMul,sum[7]:lt[8].in:out[8],Yes
zksolid-paper/benchmarks/ed25519-099d19c/scalarmul,wit-constr-diff,chunkedmul.circom,ChunkedMul,sum[7]:lt[9].in:out[9],Yes
zksolid-paper/benchmarks/ed25519-099d19c/scalarmul,wit-constr-diff,chunkedmul.circom,ChunkedMul,sum[8]:lt[10].in:out[10],Yes
zksolid-paper/benchmarks/ed25519-099d19c/scalarmul,wit-constr-diff,chunkedmul.circom,ChunkedMul,sum[8]:lt[11].in:out[11],Yes
zksolid-paper/benchmarks/ed25519-099d19c/scalarmul,wit-constr-diff,chunkedmul.circom,ChunkedMul,sum[8]:lt[12].in:out[12],Yes
zksolid-paper/benchmarks/ed25519-099d19c/scalarmul,wit-constr-diff,chunkedmul.circom,ChunkedMul,sum[8]:lt[13].in:out[13],Yes
zksolid-paper/benchmarks/ed25519-099d19c/scalarmul,wit-constr-diff,chunkedmul.circom,ChunkedMul,sum[8]:lt[14].in:out[14],Yes
zksolid-paper/benchmarks/ed25519-099d19c/scalarmul,wit-constr-diff,chunkedmul.circom,ChunkedMul,sum[8]:lt[15].in:out[15],Yes
zksolid-paper/benchmarks/ed25519-099d19c/scalarmul,wit-constr-diff,chunkedmul.circom,ChunkedMul,sum[8]:lt[16].in:out[16],Yes
zksolid-paper/benchmarks/ed25519-099d19c/scalarmul,wit-constr-diff,chunkedmul.circom,ChunkedMul,sum[8]:lt[17].in:out[17],Yes
zksolid-paper/benchmarks/ed25519-099d19c/scalarmul,wit-constr-diff,chunkedmul.circom,ChunkedMul,sum[8]:lt[19].in:out[19],Yes
zksolid-paper/benchmarks/ed25519-099d19c/scalarmul,wit-constr-diff,chunkedmul.circom,ChunkedMul,sum[8]:lt[9].in:out[9],Yes
zksolid-paper/benchmarks/ed25519-099d19c/scalarmul,wit-constr-diff,chunkedmul.circom,ChunkedMul,sum[9]:lt[10].in:out[10],Yes
zksolid-paper/benchmarks/ed25519-099d19c/scalarmul,wit-constr-diff,chunkedmul.circom,ChunkedMul,sum[9]:lt[11].in:out[11],Yes
zksolid-paper/benchmarks/ed25519-099d19c/scalarmul,wit-constr-diff,chunkedmul.circom,ChunkedMul,sum[9]:lt[12].in:out[12],Yes
zksolid-paper/benchmarks/ed25519-099d19c/scalarmul,wit-constr-diff,chunkedmul.circom,ChunkedMul,sum[9]:lt[13].in:out[13],Yes
zksolid-paper/benchmarks/ed25519-099d19c/scalarmul,wit-constr-diff,chunkedmul.circom,ChunkedMul,sum[9]:lt[14].in:out[14],Yes
zksolid-paper/benchmarks/ed25519-099d19c/scalarmul,wit-constr-diff,chunkedmul.circom,ChunkedMul,sum[9]:lt[15].in:out[15],Yes
zksolid-paper/benchmarks/ed25519-099d19c/scalarmul,wit-constr-diff,chunkedmul.circom,ChunkedMul,sum[9]:lt[16].in:out[16],Yes
zksolid-paper/benchmarks/ed25519-099d19c/scalarmul,wit-constr-diff,chunkedmul.circom,ChunkedMul,sum[9]:lt[17].in:out[17],Yes
zksolid-paper/benchmarks/ed25519-099d19c/scalarmul,wit-constr-diff,chunkedmul.circom,ChunkedMul,sum[9]:lt[19].in:out[19],Yes
zksolid-paper/benchmarks/ed25519-099d19c/scalarmul,wit-constr-diff,lt.circom,LessThanBounded,in[0]:out,Yes
zksolid-paper/benchmarks/ed25519-099d19c/scalarmul,wit-constr-diff,lt.circom,LessThanBounded,in[1]:out,Yes
zksolid-paper/benchmarks/ed25519-099d19c/scalarmul,wit-constr-diff,lt.circom,LessThanPower,in:out,Yes
zksolid-paper/benchmarks/ed25519-099d19c/verify,non-det-wit,lt.circom,LessThanBounded,in[0..2],Yes
zksolid-paper/benchmarks/ed25519-099d19c/verify,non-det-wit,lt.circom,LessThanPower,in,Yes
zksolid-paper/benchmarks/ed25519-099d19c/verify,uc-inputs,pointcompress.circom,PointCompress,P[9..12],Yes
zksolid-paper/benchmarks/ed25519-099d19c/verify,uc-inputs,shift.circom,ShR512,in[0..6],Yes
zksolid-paper/benchmarks/ed25519-099d19c/verify,uc-inputs,shift.circom,ShR512,in[0..7],Yes
zksolid-paper/benchmarks/ed25519-099d19c/verify,uc-outputs,binadd.circom,BinAdd,out[0..132],Yes
zksolid-paper/benchmarks/ed25519-099d19c/verify,uc-outputs,binadd.circom,BinAdd,out[0..254],Yes
zksolid-paper/benchmarks/ed25519-099d19c/verify,uc-outputs,binadd.circom,BinAdd,out[0..255],Yes
zksolid-paper/benchmarks/ed25519-099d19c/verify,uc-outputs,binadd.circom,BinAdd,out[0..259],Yes
zksolid-paper/benchmarks/ed25519-099d19c/verify,uc-outputs,binadd.circom,BinAdd,out[0..386],Yes
zksolid-paper/benchmarks/ed25519-099d19c/verify,uc-outputs,binadd.circom,fulladder,carry_out,Yes
zksolid-paper/benchmarks/ed25519-099d19c/verify,uc-outputs,binadd.circom,fulladder,val,Yes
zksolid-paper/benchmarks/ed25519-099d19c/verify,uc-outputs,binsub.circom,BinSub,out[0..253],Yes
zksolid-paper/benchmarks/ed25519-099d19c/verify,uc-outputs,binsub.circom,BinSub,out[0..254],Yes
zksolid-paper/benchmarks/ed25519-099d19c/verify,uc-outputs,chunkedmul.circom,BinMulFast,out[0..131],Yes
zksolid-paper/benchmarks/ed25519-099d19c/verify,uc-outputs,chunkedmul.circom,BinMulFast,out[0..258],Yes
zksolid-paper/benchmarks/ed25519-099d19c/verify,uc-outputs,chunkedmul.circom,BinMulFast,out[0..385],Yes
zksolid-paper/benchmarks/ed25519-099d19c/verify,uc-outputs,chunkedmul.circom,ChunkedMul,out[0],Yes
zksolid-paper/benchmarks/ed25519-099d19c/verify,uc-outputs,chunkedmul.circom,ChunkedMul,out[10],Yes
zksolid-paper/benchmarks/ed25519-099d19c/verify,uc-outputs,chunkedmul.circom,ChunkedMul,out[11],Yes
zksolid-paper/benchmarks/ed25519-099d19c/verify,uc-outputs,chunkedmul.circom,ChunkedMul,out[12],Yes
zksolid-paper/benchmarks/ed25519-099d19c/verify,uc-outputs,chunkedmul.circom,ChunkedMul,out[13],Yes
zksolid-paper/benchmarks/ed25519-099d19c/verify,uc-outputs,chunkedmul.circom,ChunkedMul,out[14],Yes
zksolid-paper/benchmarks/ed25519-099d19c/verify,uc-outputs,chunkedmul.circom,ChunkedMul,out[15],Yes
zksolid-paper/benchmarks/ed25519-099d19c/verify,uc-outputs,chunkedmul.circom,ChunkedMul,out[16],Yes
zksolid-paper/benchmarks/ed25519-099d19c/verify,uc-outputs,chunkedmul.circom,ChunkedMul,out[17],Yes
zksolid-paper/benchmarks/ed25519-099d19c/verify,uc-outputs,chunkedmul.circom,ChunkedMul,out[19],Yes
zksolid-paper/benchmarks/ed25519-099d19c/verify,uc-outputs,chunkedmul.circom,ChunkedMul,out[1],Yes
zksolid-paper/benchmarks/ed25519-099d19c/verify,uc-outputs,chunkedmul.circom,ChunkedMul,out[2],Yes
zksolid-paper/benchmarks/ed25519-099d19c/verify,uc-outputs,chunkedmul.circom,ChunkedMul,out[3],Yes
zksolid-paper/benchmarks/ed25519-099d19c/verify,uc-outputs,chunkedmul.circom,ChunkedMul,out[4],Yes
zksolid-paper/benchmarks/ed25519-099d19c/verify,uc-outputs,chunkedmul.circom,ChunkedMul,out[5],Yes
zksolid-paper/benchmarks/ed25519-099d19c/verify,uc-outputs,chunkedmul.circom,ChunkedMul,out[6],Yes
zksolid-paper/benchmarks/ed25519-099d19c/verify,uc-outputs,chunkedmul.circom,ChunkedMul,out[7],Yes
zksolid-paper/benchmarks/ed25519-099d19c/verify,uc-outputs,chunkedmul.circom,ChunkedMul,out[8],Yes
zksolid-paper/benchmarks/ed25519-099d19c/verify,uc-outputs,chunkedmul.circom,ChunkedMul,out[9],Yes
zksolid-paper/benchmarks/ed25519-099d19c/verify,uc-outputs,lt.circom,LessThanBounded,out,Yes
zksolid-paper/benchmarks/ed25519-099d19c/verify,uc-outputs,lt.circom,LessThanPower,out,Yes
zksolid-paper/benchmarks/ed25519-099d19c/verify,uc-outputs,modulus.circom,ModulusWith252c,out[0..253],Yes
zksolid-paper/benchmarks/ed25519-099d19c/verify,uc-outputs,pointcompress.circom,PointCompress,out[255],Yes
zksolid-paper/benchmarks/ed25519-099d19c/verify,uc-subcmp-outputs,binsub.circom,BinSub,add1ToFlipped.out[253],Yes
zksolid-paper/benchmarks/ed25519-099d19c/verify,uc-subcmp-outputs,binsub.circom,BinSub,add1ToFlipped.out[254],Yes
zksolid-paper/benchmarks/ed25519-099d19c/verify,uc-subcmp-outputs,binsub.circom,BinSub,addWithComplement.out[253],Yes
zksolid-paper/benchmarks/ed25519-099d19c/verify,uc-subcmp-outputs,binsub.circom,BinSub,addWithComplement.out[254],Yes
zksolid-paper/benchmarks/ed25519-099d19c/verify,uc-subcmp-outputs,chunkedmul.circom,BinMulFast,adders[0..17].out[385],Yes
zksolid-paper/benchmarks/ed25519-099d19c/verify,uc-subcmp-outputs,chunkedmul.circom,BinMulFast,adders[0..2].out[131],Yes
zksolid-paper/benchmarks/ed25519-099d19c/verify,uc-subcmp-outputs,chunkedmul.circom,BinMulFast,adders[0..8].out[258],Yes
zksolid-paper/benchmarks/ed25519-099d19c/verify,uc-subcmp-outputs,modulus.circom,ModulusAgainst2PChunked51,mux.out[3],Yes
zksolid-paper/benchmarks/ed25519-099d19c/verify,uc-subcmp-outputs,pointcompress.circom,PointCompress,mod_x.out[1..3],Yes
zksolid-paper/benchmarks/ed25519-099d19c/verify,uc-subcmp-outputs,scalarmul.circom,ScalarMul,bits[253].dblOut[0..12],Yes
zksolid-paper/benchmarks/ed25519-099d19c/verify,uc-subcmp-outputs,scalarmul.circom,ScalarMul,sub_t.underflow,Yes
zksolid-paper/benchmarks/ed25519-099d19c/verify,uc-subcmp-outputs,scalarmul.circom,ScalarMul,sub_x.underflow,Yes
zksolid-paper/benchmarks/ed25519-099d19c/verify,uc-subcmp-outputs,verify.circom,Ed25519Verifier,addRH.R[9..12],Yes
zksolid-paper/benchmarks/ed25519-099d19c/verify,uc-subcmp-outputs,verify.circom,Ed25519Verifier,pMul1.sP[9..12],Yes
zksolid-paper/benchmarks/ed25519-099d19c/verify,uc-subcmp-outputs,verify.circom,PointEqual,and2[0].out,Yes
zksolid-paper/benchmarks/ed25519-099d19c/verify,wit-constr-diff,binadd.circom,fulladder,bit1:carry_out:val,Yes
zksolid-paper/benchmarks/ed25519-099d19c/verify,wit-constr-diff,binadd.circom,fulladder,bit2:carry_out:val,Yes
zksolid-paper/benchmarks/ed25519-099d19c/verify,wit-constr-diff,binadd.circom,fulladder,carry:carry_out:val,Yes
zksolid-paper/benchmarks/ed25519-099d19c/verify,wit-constr-diff,chunkedmul.circom,ChunkedMul,carry[0]:lt[0].in:out[0],Yes
zksolid-paper/benchmarks/ed25519-099d19c/verify,wit-constr-diff,chunkedmul.circom,ChunkedMul,carry[0]:lt[10].in:out[10],Yes
zksolid-paper/benchmarks/ed25519-099d19c/verify,wit-constr-diff,chunkedmul.circom,ChunkedMul,carry[0]:lt[11].in:out[11],Yes
zksolid-paper/benchmarks/ed25519-099d19c/verify,wit-constr-diff,chunkedmul.circom,ChunkedMul,carry[0]:lt[12].in:out[12],Yes
zksolid-paper/benchmarks/ed25519-099d19c/verify,wit-constr-diff,chunkedmul.circom,ChunkedMul,carry[0]:lt[13].in:out[13],Yes
zksolid-paper/benchmarks/ed25519-099d19c/verify,wit-constr-diff,chunkedmul.circom,ChunkedMul,carry[0]:lt[14].in:out[14],Yes
zksolid-paper/benchmarks/ed25519-099d19c/verify,wit-constr-diff,chunkedmul.circom,ChunkedMul,carry[0]:lt[15].in:out[15],Yes
zksolid-paper/benchmarks/ed25519-099d19c/verify,wit-constr-diff,chunkedmul.circom,ChunkedMul,carry[0]:lt[16].in:out[16],Yes
zksolid-paper/benchmarks/ed25519-099d19c/verify,wit-constr-diff,chunkedmul.circom,ChunkedMul,carry[0]:lt[17].in:out[17],Yes
zksolid-paper/benchmarks/ed25519-099d19c/verify,wit-constr-diff,chunkedmul.circom,ChunkedMul,carry[0]:lt[19].in:out[19],Yes
zksolid-paper/benchmarks/ed25519-099d19c/verify,wit-constr-diff,chunkedmul.circom,ChunkedMul,carry[0]:lt[1].in:out[1],Yes
zksolid-paper/benchmarks/ed25519-099d19c/verify,wit-constr-diff,chunkedmul.circom,ChunkedMul,carry[0]:lt[2].in:out[2],Yes
zksolid-paper/benchmarks/ed25519-099d19c/verify,wit-constr-diff,chunkedmul.circom,ChunkedMul,carry[0]:lt[3].in:out[3],Yes
zksolid-paper/benchmarks/ed25519-099d19c/verify,wit-constr-diff,chunkedmul.circom,ChunkedMul,carry[0]:lt[4].in:out[4],Yes
zksolid-paper/benchmarks/ed25519-099d19c/verify,wit-constr-diff,chunkedmul.circom,ChunkedMul,carry[0]:lt[5].in:out[5],Yes
zksolid-paper/benchmarks/ed25519-099d19c/verify,wit-constr-diff,chunkedmul.circom,ChunkedMul,carry[0]:lt[6].in:out[6],Yes
zksolid-paper/benchmarks/ed25519-099d19c/verify,wit-constr-diff,chunkedmul.circom,ChunkedMul,carry[0]:lt[7].in:out[7],Yes
zksolid-paper/benchmarks/ed25519-099d19c/verify,wit-constr-diff,chunkedmul.circom,ChunkedMul,carry[0]:lt[8].in:out[8],Yes
zksolid-paper/benchmarks/ed25519-099d19c/verify,wit-constr-diff,chunkedmul.circom,ChunkedMul,carry[0]:lt[9].in:out[9],Yes
zksolid-paper/benchmarks/ed25519-099d19c/verify,wit-constr-diff,chunkedmul.circom,ChunkedMul,carry[10]:lt[10].in:out[10],Yes
zksolid-paper/benchmarks/ed25519-099d19c/verify,wit-constr-diff,chunkedmul.circom,ChunkedMul,carry[10]:lt[11].in:out[11],Yes
zksolid-paper/benchmarks/ed25519-099d19c/verify,wit-constr-diff,chunkedmul.circom,ChunkedMul,carry[10]:lt[12].in:out[12],Yes
zksolid-paper/benchmarks/ed25519-099d19c/verify,wit-constr-diff,chunkedmul.circom,ChunkedMul,carry[10]:lt[13].in:out[13],Yes
zksolid-paper/benchmarks/ed25519-099d19c/verify,wit-constr-diff,chunkedmul.circom,ChunkedMul,carry[10]:lt[14].in:out[14],Yes
zksolid-paper/benchmarks/ed25519-099d19c/verify,wit-constr-diff,chunkedmul.circom,ChunkedMul,carry[10]:lt[15].in:out[15],Yes
zksolid-paper/benchmarks/ed25519-099d19c/verify,wit-constr-diff,chunkedmul.circom,ChunkedMul,carry[10]:lt[16].in:out[16],Yes
zksolid-paper/benchmarks/ed25519-099d19c/verify,wit-constr-diff,chunkedmul.circom,ChunkedMul,carry[10]:lt[17].in:out[17],Yes
zksolid-paper/benchmarks/ed25519-099d19c/verify,wit-constr-diff,chunkedmul.circom,ChunkedMul,carry[10]:lt[19].in:out[19],Yes
zksolid-paper/benchmarks/ed25519-099d19c/verify,wit-constr-diff,chunkedmul.circom,ChunkedMul,carry[11]:lt[11].in:out[11],Yes
zksolid-paper/benchmarks/ed25519-099d19c/verify,wit-constr-diff,chunkedmul.circom,ChunkedMul,carry[11]:lt[12].in:out[12],Yes
zksolid-paper/benchmarks/ed25519-099d19c/verify,wit-constr-diff,chunkedmul.circom,ChunkedMul,carry[11]:lt[13].in:out[13],Yes
zksolid-paper/benchmarks/ed25519-099d19c/verify,wit-constr-diff,chunkedmul.circom,ChunkedMul,carry[11]:lt[14].in:out[14],Yes
zksolid-paper/benchmarks/ed25519-099d19c/verify,wit-constr-diff,chunkedmul.circom,ChunkedMul,carry[11]:lt[15].in:out[15],Yes
zksolid-paper/benchmarks/ed25519-099d19c/verify,wit-constr-diff,chunkedmul.circom,ChunkedMul,carry[11]:lt[16].in:out[16],Yes
zksolid-paper/benchmarks/ed25519-099d19c/verify,wit-constr-diff,chunkedmul.circom,ChunkedMul,carry[11]:lt[17].in:out[17],Yes
zksolid-paper/benchmarks/ed25519-099d19c/verify,wit-constr-diff,chunkedmul.circom,ChunkedMul,carry[11]:lt[19].in:out[19],Yes
zksolid-paper/benchmarks/ed25519-099d19c/verify,wit-constr-diff,chunkedmul.circom,ChunkedMul,carry[12]:lt[12].in:out[12],Yes
zksolid-paper/benchmarks/ed25519-099d19c/verify,wit-constr-diff,chunkedmul.circom,ChunkedMul,carry[12]:lt[13].in:out[13],Yes
zksolid-paper/benchmarks/ed25519-099d19c/verify,wit-constr-diff,chunkedmul.circom,ChunkedMul,carry[12]:lt[14].in:out[14],Yes
zksolid-paper/benchmarks/ed25519-099d19c/verify,wit-constr-diff,chunkedmul.circom,ChunkedMul,carry[12]:lt[15].in:out[15],Yes
zksolid-paper/benchmarks/ed25519-099d19c/verify,wit-constr-diff,chunkedmul.circom,ChunkedMul,carry[12]:lt[16].in:out[16],Yes
zksolid-paper/benchmarks/ed25519-099d19c/verify,wit-constr-diff,chunkedmul.circom,ChunkedMul,carry[12]:lt[17].in:out[17],Yes
zksolid-paper/benchmarks/ed25519-099d19c/verify,wit-constr-diff,chunkedmul.circom,ChunkedMul,carry[12]:lt[19].in:out[19],Yes
zksolid-paper/benchmarks/ed25519-099d19c/verify,wit-constr-diff,chunkedmul.circom,ChunkedMul,carry[13]:lt[13].in:out[13],Yes
zksolid-paper/benchmarks/ed25519-099d19c/verify,wit-constr-diff,chunkedmul.circom,ChunkedMul,carry[13]:lt[14].in:out[14],Yes
zksolid-paper/benchmarks/ed25519-099d19c/verify,wit-constr-diff,chunkedmul.circom,ChunkedMul,carry[13]:lt[15].in:out[15],Yes
zksolid-paper/benchmarks/ed25519-099d19c/verify,wit-constr-diff,chunkedmul.circom,ChunkedMul,carry[13]:lt[16].in:out[16],Yes
zksolid-paper/benchmarks/ed25519-099d19c/verify,wit-constr-diff,chunkedmul.circom,ChunkedMul,carry[13]:lt[17].in:out[17],Yes
zksolid-paper/benchmarks/ed25519-099d19c/verify,wit-constr-diff,chunkedmul.circom,ChunkedMul,carry[13]:lt[19].in:out[19],Yes
zksolid-paper/benchmarks/ed25519-099d19c/verify,wit-constr-diff,chunkedmul.circom,ChunkedMul,carry[14]:lt[14].in:out[14],Yes
zksolid-paper/benchmarks/ed25519-099d19c/verify,wit-constr-diff,chunkedmul.circom,ChunkedMul,carry[14]:lt[15].in:out[15],Yes
zksolid-paper/benchmarks/ed25519-099d19c/verify,wit-constr-diff,chunkedmul.circom,ChunkedMul,carry[14]:lt[16].in:out[16],Yes
zksolid-paper/benchmarks/ed25519-099d19c/verify,wit-constr-diff,chunkedmul.circom,ChunkedMul,carry[14]:lt[17].in:out[17],Yes
zksolid-paper/benchmarks/ed25519-099d19c/verify,wit-constr-diff,chunkedmul.circom,ChunkedMul,carry[14]:lt[19].in:out[19],Yes
zksolid-paper/benchmarks/ed25519-099d19c/verify,wit-constr-diff,chunkedmul.circom,ChunkedMul,carry[15]:lt[15].in:out[15],Yes
zksolid-paper/benchmarks/ed25519-099d19c/verify,wit-constr-diff,chunkedmul.circom,ChunkedMul,carry[15]:lt[16].in:out[16],Yes
zksolid-paper/benchmarks/ed25519-099d19c/verify,wit-constr-diff,chunkedmul.circom,ChunkedMul,carry[15]:lt[17].in:out[17],Yes
zksolid-paper/benchmarks/ed25519-099d19c/verify,wit-constr-diff,chunkedmul.circom,ChunkedMul,carry[15]:lt[19].in:out[19],Yes
zksolid-paper/benchmarks/ed25519-099d19c/verify,wit-constr-diff,chunkedmul.circom,ChunkedMul,carry[16]:lt[16].in:out[16],Yes
zksolid-paper/benchmarks/ed25519-099d19c/verify,wit-constr-diff,chunkedmul.circom,ChunkedMul,carry[16]:lt[17].in:out[17],Yes
zksolid-paper/benchmarks/ed25519-099d19c/verify,wit-constr-diff,chunkedmul.circom,ChunkedMul,carry[16]:lt[19].in:out[19],Yes
zksolid-paper/benchmarks/ed25519-099d19c/verify,wit-constr-diff,chunkedmul.circom,ChunkedMul,carry[17]:lt[17].in:out[17],Yes
zksolid-paper/benchmarks/ed25519-099d19c/verify,wit-constr-diff,chunkedmul.circom,ChunkedMul,carry[17]:lt[19].in:out[19],Yes
zksolid-paper/benchmarks/ed25519-099d19c/verify,wit-constr-diff,chunkedmul.circom,ChunkedMul,carry[18]:lt[19].in:out[19],Yes
zksolid-paper/benchmarks/ed25519-099d19c/verify,wit-constr-diff,chunkedmul.circom,ChunkedMul,carry[19]:lt[19].in:out[19],Yes
zksolid-paper/benchmarks/ed25519-099d19c/verify,wit-constr-diff,chunkedmul.circom,ChunkedMul,carry[1]:lt[10].in:out[10],Yes
zksolid-paper/benchmarks/ed25519-099d19c/verify,wit-constr-diff,chunkedmul.circom,ChunkedMul,carry[1]:lt[11].in:out[11],Yes
zksolid-paper/benchmarks/ed25519-099d19c/verify,wit-constr-diff,chunkedmul.circom,ChunkedMul,carry[1]:lt[12].in:out[12],Yes
zksolid-paper/benchmarks/ed25519-099d19c/verify,wit-constr-diff,chunkedmul.circom,ChunkedMul,carry[1]:lt[13].in:out[13],Yes
zksolid-paper/benchmarks/ed25519-099d19c/verify,wit-constr-diff,chunkedmul.circom,ChunkedMul,carry[1]:lt[14].in:out[14],Yes
zksolid-paper/benchmarks/ed25519-099d19c/verify,wit-constr-diff,chunkedmul.circom,ChunkedMul,carry[1]:lt[15].in:out[15],Yes
zksolid-paper/benchmarks/ed25519-099d19c/verify,wit-constr-diff,chunkedmul.circom,ChunkedMul,carry[1]:lt[16].in:out[16],Yes
zksolid-paper/benchmarks/ed25519-099d19c/verify,wit-constr-diff,chunkedmul.circom,ChunkedMul,carry[1]:lt[17].in:out[17],Yes
zksolid-paper/benchmarks/ed25519-099d19c/verify,wit-constr-diff,chunkedmul.circom,ChunkedMul,carry[1]:lt[19].in:out[19],Yes
zksolid-paper/benchmarks/ed25519-099d19c/verify,wit-constr-diff,chunkedmul.circom,ChunkedMul,carry[1]:lt[1].in:out[1],Yes
zksolid-paper/benchmarks/ed25519-099d19c/verify,wit-constr-diff,chunkedmul.circom,ChunkedMul,carry[1]:lt[2].in:out[2],Yes
zksolid-paper/benchmarks/ed25519-099d19c/verify,wit-constr-diff,chunkedmul.circom,ChunkedMul,carry[1]:lt[3].in:out[3],Yes
zksolid-paper/benchmarks/ed25519-099d19c/verify,wit-constr-diff,chunkedmul.circom,ChunkedMul,carry[1]:lt[4].in:out[4],Yes
zksolid-paper/benchmarks/ed25519-099d19c/verify,wit-constr-diff,chunkedmul.circom,ChunkedMul,carry[1]:lt[5].in:out[5],Yes
zksolid-paper/benchmarks/ed25519-099d19c/verify,wit-constr-diff,chunkedmul.circom,ChunkedMul,carry[1]:lt[6].in:out[6],Yes
zksolid-paper/benchmarks/ed25519-099d19c/verify,wit-constr-diff,chunkedmul.circom,ChunkedMul,carry[1]:lt[7].in:out[7],Yes
zksolid-paper/benchmarks/ed25519-099d19c/verify,wit-constr-diff,chunkedmul.circom,ChunkedMul,carry[1]:lt[8].in:out[8],Yes
zksolid-paper/benchmarks/ed25519-099d19c/verify,wit-constr-diff,chunkedmul.circom,ChunkedMul,carry[1]:lt[9].in:out[9],Yes
zksolid-paper/benchmarks/ed25519-099d19c/verify,wit-constr-diff,chunkedmul.circom,ChunkedMul,carry[2]:lt[10].in:out[10],Yes
zksolid-paper/benchmarks/ed25519-099d19c/verify,wit-constr-diff,chunkedmul.circom,ChunkedMul,carry[2]:lt[11].in:out[11],Yes
zksolid-paper/benchmarks/ed25519-099d19c/verify,wit-constr-diff,chunkedmul.circom,ChunkedMul,carry[2]:lt[12].in:out[12],Yes
zksolid-paper/benchmarks/ed25519-099d19c/verify,wit-constr-diff,chunkedmul.circom,ChunkedMul,carry[2]:lt[13].in:out[13],Yes
zksolid-paper/benchmarks/ed25519-099d19c/verify,wit-constr-diff,chunkedmul.circom,ChunkedMul,carry[2]:lt[14].in:out[14],Yes
zksolid-paper/benchmarks/ed25519-099d19c/verify,wit-constr-diff,chunkedmul.circom,ChunkedMul,carry[2]:lt[15].in:out[15],Yes
zksolid-paper/benchmarks/ed25519-099d19c/verify,wit-constr-diff,chunkedmul.circom,ChunkedMul,carry[2]:lt[16].in:out[16],Yes
zksolid-paper/benchmarks/ed25519-099d19c/verify,wit-constr-diff,chunkedmul.circom,ChunkedMul,carry[2]:lt[17].in:out[17],Yes
zksolid-paper/benchmarks/ed25519-099d19c/verify,wit-constr-diff,chunkedmul.circom,ChunkedMul,carry[2]:lt[19].in:out[19],Yes
zksolid-paper/benchmarks/ed25519-099d19c/verify,wit-constr-diff,chunkedmul.circom,ChunkedMul,carry[2]:lt[2].in:out[2],Yes
zksolid-paper/benchmarks/ed25519-099d19c/verify,wit-constr-diff,chunkedmul.circom,ChunkedMul,carry[2]:lt[3].in:out[3],Yes
zksolid-paper/benchmarks/ed25519-099d19c/verify,wit-constr-diff,chunkedmul.circom,ChunkedMul,carry[2]:lt[4].in:out[4],Yes
zksolid-paper/benchmarks/ed25519-099d19c/verify,wit-constr-diff,chunkedmul.circom,ChunkedMul,carry[2]:lt[5].in:out[5],Yes
zksolid-paper/benchmarks/ed25519-099d19c/verify,wit-constr-diff,chunkedmul.circom,ChunkedMul,carry[2]:lt[6].in:out[6],Yes
zksolid-paper/benchmarks/ed25519-099d19c/verify,wit-constr-diff,chunkedmul.circom,ChunkedMul,carry[2]:lt[7].in:out[7],Yes
zksolid-paper/benchmarks/ed25519-099d19c/verify,wit-constr-diff,chunkedmul.circom,ChunkedMul,carry[2]:lt[8].in:out[8],Yes
zksolid-paper/benchmarks/ed25519-099d19c/verify,wit-constr-diff,chunkedmul.circom,ChunkedMul,carry[2]:lt[9].in:out[9],Yes
zksolid-paper/benchmarks/ed25519-099d19c/verify,wit-constr-diff,chunkedmul.circom,ChunkedMul,carry[3]:lt[10].in:out[10],Yes
zksolid-paper/benchmarks/ed25519-099d19c/verify,wit-constr-diff,chunkedmul.circom,ChunkedMul,carry[3]:lt[11].in:out[11],Yes
zksolid-paper/benchmarks/ed25519-099d19c/verify,wit-constr-diff,chunkedmul.circom,ChunkedMul,carry[3]:lt[12].in:out[12],Yes
zksolid-paper/benchmarks/ed25519-099d19c/verify,wit-constr-diff,chunkedmul.circom,ChunkedMul,carry[3]:lt[13].in:out[13],Yes
zksolid-paper/benchmarks/ed25519-099d19c/verify,wit-constr-diff,chunkedmul.circom,ChunkedMul,carry[3]:lt[14].in:out[14],Yes
zksolid-paper/benchmarks/ed25519-099d19c/verify,wit-constr-diff,chunkedmul.circom,ChunkedMul,carry[3]:lt[15].in:out[15],Yes
zksolid-paper/benchmarks/ed25519-099d19c/verify,wit-constr-diff,chunkedmul.circom,ChunkedMul,carry[3]:lt[16].in:out[16],Yes
zksolid-paper/benchmarks/ed25519-099d19c/verify,wit-constr-diff,chunkedmul.circom,ChunkedMul,carry[3]:lt[17].in:out[17],Yes
zksolid-paper/benchmarks/ed25519-099d19c/verify,wit-constr-diff,chunkedmul.circom,ChunkedMul,carry[3]:lt[19].in:out[19],Yes
zksolid-paper/benchmarks/ed25519-099d19c/verify,wit-constr-diff,chunkedmul.circom,ChunkedMul,carry[3]:lt[3].in:out[3],Yes
zksolid-paper/benchmarks/ed25519-099d19c/verify,wit-constr-diff,chunkedmul.circom,ChunkedMul,carry[3]:lt[4].in:out[4],Yes
zksolid-paper/benchmarks/ed25519-099d19c/verify,wit-constr-diff,chunkedmul.circom,ChunkedMul,carry[3]:lt[5].in:out[5],Yes
zksolid-paper/benchmarks/ed25519-099d19c/verify,wit-constr-diff,chunkedmul.circom,ChunkedMul,carry[3]:lt[6].in:out[6],Yes
zksolid-paper/benchmarks/ed25519-099d19c/verify,wit-constr-diff,chunkedmul.circom,ChunkedMul,carry[3]:lt[7].in:out[7],Yes
zksolid-paper/benchmarks/ed25519-099d19c/verify,wit-constr-diff,chunkedmul.circom,ChunkedMul,carry[3]:lt[8].in:out[8],Yes
zksolid-paper/benchmarks/ed25519-099d19c/verify,wit-constr-diff,chunkedmul.circom,ChunkedMul,carry[3]:lt[9].in:out[9],Yes
zksolid-paper/benchmarks/ed25519-099d19c/verify,wit-constr-diff,chunkedmul.circom,ChunkedMul,carry[4]:lt[10].in:out[10],Yes
zksolid-paper/benchmarks/ed25519-099d19c/verify,wit-constr-diff,chunkedmul.circom,ChunkedMul,carry[4]:lt[11].in:out[11],Yes
zksolid-paper/benchmarks/ed25519-099d19c/verify,wit-constr-diff,chunkedmul.circom,ChunkedMul,carry[4]:lt[12].in:out[12],Yes
zksolid-paper/benchmarks/ed25519-099d19c/verify,wit-constr-diff,chunkedmul.circom,ChunkedMul,carry[4]:lt[13].in:out[13],Yes
zksolid-paper/benchmarks/ed25519-099d19c/verify,wit-constr-diff,chunkedmul.circom,ChunkedMul,carry[4]:lt[14].in:out[14],Yes
zksolid-paper/benchmarks/ed25519-099d19c/verify,wit-constr-diff,chunkedmul.circom,ChunkedMul,carry[4]:lt[15].in:out[15],Yes
zksolid-paper/benchmarks/ed25519-099d19c/verify,wit-constr-diff,chunkedmul.circom,ChunkedMul,carry[4]:lt[16].in:out[16],Yes
zksolid-paper/benchmarks/ed25519-099d19c/verify,wit-constr-diff,chunkedmul.circom,ChunkedMul,carry[4]:lt[17].in:out[17],Yes
zksolid-paper/benchmarks/ed25519-099d19c/verify,wit-constr-diff,chunkedmul.circom,ChunkedMul,carry[4]:lt[19].in:out[19],Yes
zksolid-paper/benchmarks/ed25519-099d19c/verify,wit-constr-diff,chunkedmul.circom,ChunkedMul,carry[4]:lt[4].in:out[4],Yes
zksolid-paper/benchmarks/ed25519-099d19c/verify,wit-constr-diff,chunkedmul.circom,ChunkedMul,carry[4]:lt[5].in:out[5],Yes
zksolid-paper/benchmarks/ed25519-099d19c/verify,wit-constr-diff,chunkedmul.circom,ChunkedMul,carry[4]:lt[6].in:out[6],Yes
zksolid-paper/benchmarks/ed25519-099d19c/verify,wit-constr-diff,chunkedmul.circom,ChunkedMul,carry[4]:lt[7].in:out[7],Yes
zksolid-paper/benchmarks/ed25519-099d19c/verify,wit-constr-diff,chunkedmul.circom,ChunkedMul,carry[4]:lt[8].in:out[8],Yes
zksolid-paper/benchmarks/ed25519-099d19c/verify,wit-constr-diff,chunkedmul.circom,ChunkedMul,carry[4]:lt[9].in:out[9],Yes
zksolid-paper/benchmarks/ed25519-099d19c/verify,wit-constr-diff,chunkedmul.circom,ChunkedMul,carry[5]:lt[10].in:out[10],Yes
zksolid-paper/benchmarks/ed25519-099d19c/verify,wit-constr-diff,chunkedmul.circom,ChunkedMul,carry[5]:lt[11].in:out[11],Yes
zksolid-paper/benchmarks/ed25519-099d19c/verify,wit-constr-diff,chunkedmul.circom,ChunkedMul,carry[5]:lt[12].in:out[12],Yes
zksolid-paper/benchmarks/ed25519-099d19c/verify,wit-constr-diff,chunkedmul.circom,ChunkedMul,carry[5]:lt[13].in:out[13],Yes
zksolid-paper/benchmarks/ed25519-099d19c/verify,wit-constr-diff,chunkedmul.circom,ChunkedMul,carry[5]:lt[14].in:out[14],Yes
zksolid-paper/benchmarks/ed25519-099d19c/verify,wit-constr-diff,chunkedmul.circom,ChunkedMul,carry[5]:lt[15].in:out[15],Yes
zksolid-paper/benchmarks/ed25519-099d19c/verify,wit-constr-diff,chunkedmul.circom,ChunkedMul,carry[5]:lt[16].in:out[16],Yes
zksolid-paper/benchmarks/ed25519-099d19c/verify,wit-constr-diff,chunkedmul.circom,ChunkedMul,carry[5]:lt[17].in:out[17],Yes
zksolid-paper/benchmarks/ed25519-099d19c/verify,wit-constr-diff,chunkedmul.circom,ChunkedMul,carry[5]:lt[19].in:out[19],Yes
zksolid-paper/benchmarks/ed25519-099d19c/verify,wit-constr-diff,chunkedmul.circom,ChunkedMul,carry[5]:lt[5].in:out[5],Yes
zksolid-paper/benchmarks/ed25519-099d19c/verify,wit-constr-diff,chunkedmul.circom,ChunkedMul,carry[5]:lt[6].in:out[6],Yes
zksolid-paper/benchmarks/ed25519-099d19c/verify,wit-constr-diff,chunkedmul.circom,ChunkedMul,carry[5]:lt[7].in:out[7],Yes
zksolid-paper/benchmarks/ed25519-099d19c/verify,wit-constr-diff,chunkedmul.circom,ChunkedMul,carry[5]:lt[8].in:out[8],Yes
zksolid-paper/benchmarks/ed25519-099d19c/verify,wit-constr-diff,chunkedmul.circom,ChunkedMul,carry[5]:lt[9].in:out[9],Yes
zksolid-paper/benchmarks/ed25519-099d19c/verify,wit-constr-diff,chunkedmul.circom,ChunkedMul,carry[6]:lt[10].in:out[10],Yes
zksolid-paper/benchmarks/ed25519-099d19c/verify,wit-constr-diff,chunkedmul.circom,ChunkedMul,carry[6]:lt[11].in:out[11],Yes
zksolid-paper/benchmarks/ed25519-099d19c/verify,wit-constr-diff,chunkedmul.circom,ChunkedMul,carry[6]:lt[12].in:out[12],Yes
zksolid-paper/benchmarks/ed25519-099d19c/verify,wit-constr-diff,chunkedmul.circom,ChunkedMul,carry[6]:lt[13].in:out[13],Yes
zksolid-paper/benchmarks/ed25519-099d19c/verify,wit-constr-diff,chunkedmul.circom,ChunkedMul,carry[6]:lt[14].in:out[14],Yes
zksolid-paper/benchmarks/ed25519-099d19c/verify,wit-constr-diff,chunkedmul.circom,ChunkedMul,carry[6]:lt[15].in:out[15],Yes
zksolid-paper/benchmarks/ed25519-099d19c/verify,wit-constr-diff,chunkedmul.circom,ChunkedMul,carry[6]:lt[16].in:out[16],Yes
zksolid-paper/benchmarks/ed25519-099d19c/verify,wit-constr-diff,chunkedmul.circom,ChunkedMul,carry[6]:lt[17].in:out[17],Yes
zksolid-paper/benchmarks/ed25519-099d19c/verify,wit-constr-diff,chunkedmul.circom,ChunkedMul,carry[6]:lt[19].in:out[19],Yes
zksolid-paper/benchmarks/ed25519-099d19c/verify,wit-constr-diff,chunkedmul.circom,ChunkedMul,carry[6]:lt[6].in:out[6],Yes
zksolid-paper/benchmarks/ed25519-099d19c/verify,wit-constr-diff,chunkedmul.circom,ChunkedMul,carry[6]:lt[7].in:out[7],Yes
zksolid-paper/benchmarks/ed25519-099d19c/verify,wit-constr-diff,chunkedmul.circom,ChunkedMul,carry[6]:lt[8].in:out[8],Yes
zksolid-paper/benchmarks/ed25519-099d19c/verify,wit-constr-diff,chunkedmul.circom,ChunkedMul,carry[6]:lt[9].in:out[9],Yes
zksolid-paper/benchmarks/ed25519-099d19c/verify,wit-constr-diff,chunkedmul.circom,ChunkedMul,carry[7]:lt[10].in:out[10],Yes
zksolid-paper/benchmarks/ed25519-099d19c/verify,wit-constr-diff,chunkedmul.circom,ChunkedMul,carry[7]:lt[11].in:out[11],Yes
zksolid-paper/benchmarks/ed25519-099d19c/verify,wit-constr-diff,chunkedmul.circom,ChunkedMul,carry[7]:lt[12].in:out[12],Yes
zksolid-paper/benchmarks/ed25519-099d19c/verify,wit-constr-diff,chunkedmul.circom,ChunkedMul,carry[7]:lt[13].in:out[13],Yes
zksolid-paper/benchmarks/ed25519-099d19c/verify,wit-constr-diff,chunkedmul.circom,ChunkedMul,carry[7]:lt[14].in:out[14],Yes
zksolid-paper/benchmarks/ed25519-099d19c/verify,wit-constr-diff,chunkedmul.circom,ChunkedMul,carry[7]:lt[15].in:out[15],Yes
zksolid-paper/benchmarks/ed25519-099d19c/verify,wit-constr-diff,chunkedmul.circom,ChunkedMul,carry[7]:lt[16].in:out[16],Yes
zksolid-paper/benchmarks/ed25519-099d19c/verify,wit-constr-diff,chunkedmul.circom,ChunkedMul,carry[7]:lt[17].in:out[17],Yes
zksolid-paper/benchmarks/ed25519-099d19c/verify,wit-constr-diff,chunkedmul.circom,ChunkedMul,carry[7]:lt[19].in:out[19],Yes
zksolid-paper/benchmarks/ed25519-099d19c/verify,wit-constr-diff,chunkedmul.circom,ChunkedMul,carry[7]:lt[7].in:out[7],Yes
zksolid-paper/benchmarks/ed25519-099d19c/verify,wit-constr-diff,chunkedmul.circom,ChunkedMul,carry[7]:lt[8].in:out[8],Yes
zksolid-paper/benchmarks/ed25519-099d19c/verify,wit-constr-diff,chunkedmul.circom,ChunkedMul,carry[7]:lt[9].in:out[9],Yes
zksolid-paper/benchmarks/ed25519-099d19c/verify,wit-constr-diff,chunkedmul.circom,ChunkedMul,carry[8]:lt[10].in:out[10],Yes
zksolid-paper/benchmarks/ed25519-099d19c/verify,wit-constr-diff,chunkedmul.circom,ChunkedMul,carry[8]:lt[11].in:out[11],Yes
zksolid-paper/benchmarks/ed25519-099d19c/verify,wit-constr-diff,chunkedmul.circom,ChunkedMul,carry[8]:lt[12].in:out[12],Yes
zksolid-paper/benchmarks/ed25519-099d19c/verify,wit-constr-diff,chunkedmul.circom,ChunkedMul,carry[8]:lt[13].in:out[13],Yes
zksolid-paper/benchmarks/ed25519-099d19c/verify,wit-constr-diff,chunkedmul.circom,ChunkedMul,carry[8]:lt[14].in:out[14],Yes
zksolid-paper/benchmarks/ed25519-099d19c/verify,wit-constr-diff,chunkedmul.circom,ChunkedMul,carry[8]:lt[15].in:out[15],Yes
zksolid-paper/benchmarks/ed25519-099d19c/verify,wit-constr-diff,chunkedmul.circom,ChunkedMul,carry[8]:lt[16].in:out[16],Yes
zksolid-paper/benchmarks/ed25519-099d19c/verify,wit-constr-diff,chunkedmul.circom,ChunkedMul,carry[8]:lt[17].in:out[17],Yes
zksolid-paper/benchmarks/ed25519-099d19c/verify,wit-constr-diff,chunkedmul.circom,ChunkedMul,carry[8]:lt[19].in:out[19],Yes
zksolid-paper/benchmarks/ed25519-099d19c/verify,wit-constr-diff,chunkedmul.circom,ChunkedMul,carry[8]:lt[8].in:out[8],Yes
zksolid-paper/benchmarks/ed25519-099d19c/verify,wit-constr-diff,chunkedmul.circom,ChunkedMul,carry[8]:lt[9].in:out[9],Yes
zksolid-paper/benchmarks/ed25519-099d19c/verify,wit-constr-diff,chunkedmul.circom,ChunkedMul,carry[9]:lt[10].in:out[10],Yes
zksolid-paper/benchmarks/ed25519-099d19c/verify,wit-constr-diff,chunkedmul.circom,ChunkedMul,carry[9]:lt[11].in:out[11],Yes
zksolid-paper/benchmarks/ed25519-099d19c/verify,wit-constr-diff,chunkedmul.circom,ChunkedMul,carry[9]:lt[12].in:out[12],Yes
zksolid-paper/benchmarks/ed25519-099d19c/verify,wit-constr-diff,chunkedmul.circom,ChunkedMul,carry[9]:lt[13].in:out[13],Yes
zksolid-paper/benchmarks/ed25519-099d19c/verify,wit-constr-diff,chunkedmul.circom,ChunkedMul,carry[9]:lt[14].in:out[14],Yes
zksolid-paper/benchmarks/ed25519-099d19c/verify,wit-constr-diff,chunkedmul.circom,ChunkedMul,carry[9]:lt[15].in:out[15],Yes
zksolid-paper/benchmarks/ed25519-099d19c/verify,wit-constr-diff,chunkedmul.circom,ChunkedMul,carry[9]:lt[16].in:out[16],Yes
zksolid-paper/benchmarks/ed25519-099d19c/verify,wit-constr-diff,chunkedmul.circom,ChunkedMul,carry[9]:lt[17].in:out[17],Yes
zksolid-paper/benchmarks/ed25519-099d19c/verify,wit-constr-diff,chunkedmul.circom,ChunkedMul,carry[9]:lt[19].in:out[19],Yes
zksolid-paper/benchmarks/ed25519-099d19c/verify,wit-constr-diff,chunkedmul.circom,ChunkedMul,carry[9]:lt[9].in:out[9],Yes
zksolid-paper/benchmarks/ed25519-099d19c/verify,wit-constr-diff,chunkedmul.circom,ChunkedMul,in1[0]:lt[10].in:out[10],Yes
zksolid-paper/benchmarks/ed25519-099d19c/verify,wit-constr-diff,chunkedmul.circom,ChunkedMul,in1[0]:lt[11].in:out[11],Yes
zksolid-paper/benchmarks/ed25519-099d19c/verify,wit-constr-diff,chunkedmul.circom,ChunkedMul,in1[0]:lt[12].in:out[12],Yes
zksolid-paper/benchmarks/ed25519-099d19c/verify,wit-constr-diff,chunkedmul.circom,ChunkedMul,in1[0]:lt[13].in:out[13],Yes
zksolid-paper/benchmarks/ed25519-099d19c/verify,wit-constr-diff,chunkedmul.circom,ChunkedMul,in1[0]:lt[14].in:out[14],Yes
zksolid-paper/benchmarks/ed25519-099d19c/verify,wit-constr-diff,chunkedmul.circom,ChunkedMul,in1[0]:lt[15].in:out[15],Yes
zksolid-paper/benchmarks/ed25519-099d19c/verify,wit-constr-diff,chunkedmul.circom,ChunkedMul,in1[0]:lt[16].in:out[16],Yes
zksolid-paper/benchmarks/ed25519-099d19c/verify,wit-constr-diff,chunkedmul.circom,ChunkedMul,in1[0]:lt[17].in:out[17],Yes
zksolid-paper/benchmarks/ed25519-099d19c/verify,wit-constr-diff,chunkedmul.circom,ChunkedMul,in1[0]:lt[19].in:out[19],Yes
zksolid-paper/benchmarks/ed25519-099d19c/verify,wit-constr-diff,chunkedmul.circom,ChunkedMul,in1[0]:lt[1].in:out[1],Yes
zksolid-paper/benchmarks/ed25519-099d19c/verify,wit-constr-diff,chunkedmul.circom,ChunkedMul,in1[0]:lt[2].in:out[2],Yes
zksolid-paper/benchmarks/ed25519-099d19c/verify,wit-constr-diff,chunkedmul.circom,ChunkedMul,in1[0]:lt[3].in:out[3],Yes
zksolid-paper/benchmarks/ed25519-099d19c/verify,wit-constr-diff,chunkedmul.circom,ChunkedMul,in1[0]:lt[4].in:out[4],Yes
zksolid-paper/benchmarks/ed25519-099d19c/verify,wit-constr-diff,chunkedmul.circom,ChunkedMul,in1[0]:lt[5].in:out[5],Yes
zksolid-paper/benchmarks/ed25519-099d19c/verify,wit-constr-diff,chunkedmul.circom,ChunkedMul,in1[0]:lt[6].in:out[6],Yes
zksolid-paper/benchmarks/ed25519-099d19c/verify,wit-constr-diff,chunkedmul.circom,ChunkedMul,in1[0]:lt[7].in:out[7],Yes
zksolid-paper/benchmarks/ed25519-099d19c/verify,wit-constr-diff,chunkedmul.circom,ChunkedMul,in1[0]:lt[8].in:out[8],Yes
zksolid-paper/benchmarks/ed25519-099d19c/verify,wit-constr-diff,chunkedmul.circom,ChunkedMul,in1[0]:lt[9].in:out[9],Yes
zksolid-paper/benchmarks/ed25519-099d19c/verify,wit-constr-diff,chunkedmul.circom,ChunkedMul,in1[10]:lt[11].in:out[11],Yes
zksolid-paper/benchmarks/ed25519-099d19c/verify,wit-constr-diff,chunkedmul.circom,ChunkedMul,in1[10]:lt[12].in:out[12],Yes
zksolid-paper/benchmarks/ed25519-099d19c/verify,wit-constr-diff,chunkedmul.circom,ChunkedMul,in1[10]:lt[13].in:out[13],Yes
zksolid-paper/benchmarks/ed25519-099d19c/verify,wit-constr-diff,chunkedmul.circom,ChunkedMul,in1[10]:lt[14].in:out[14],Yes
zksolid-paper/benchmarks/ed25519-099d19c/verify,wit-constr-diff,chunkedmul.circom,ChunkedMul,in1[10]:lt[15].in:out[15],Yes
zksolid-paper/benchmarks/ed25519-099d19c/verify,wit-constr-diff,chunkedmul.circom,ChunkedMul,in1[10]:lt[17].in:out[17],Yes
zksolid-paper/benchmarks/ed25519-099d19c/verify,wit-constr-diff,chunkedmul.circom,ChunkedMul,in1[11]:lt[12].in:out[12],Yes
zksolid-paper/benchmarks/ed25519-099d19c/verify,wit-constr-diff,chunkedmul.circom,ChunkedMul,in1[11]:lt[13].in:out[13],Yes
zksolid-paper/benchmarks/ed25519-099d19c/verify,wit-constr-diff,chunkedmul.circom,ChunkedMul,in1[11]:lt[14].in:out[14],Yes
zksolid-paper/benchmarks/ed25519-099d19c/verify,wit-constr-diff,chunkedmul.circom,ChunkedMul,in1[11]:lt[15].in:out[15],Yes
zksolid-paper/benchmarks/ed25519-099d19c/verify,wit-constr-diff,chunkedmul.circom,ChunkedMul,in1[11]:lt[17].in:out[17],Yes
zksolid-paper/benchmarks/ed25519-099d19c/verify,wit-constr-diff,chunkedmul.circom,ChunkedMul,in1[12]:lt[13].in:out[13],Yes
zksolid-paper/benchmarks/ed25519-099d19c/verify,wit-constr-diff,chunkedmul.circom,ChunkedMul,in1[12]:lt[14].in:out[14],Yes
zksolid-paper/benchmarks/ed25519-099d19c/verify,wit-constr-diff,chunkedmul.circom,ChunkedMul,in1[12]:lt[15].in:out[15],Yes
zksolid-paper/benchmarks/ed25519-099d19c/verify,wit-constr-diff,chunkedmul.circom,ChunkedMul,in1[12]:lt[17].in:out[17],Yes
zksolid-paper/benchmarks/ed25519-099d19c/verify,wit-constr-diff,chunkedmul.circom,ChunkedMul,in1[13]:lt[14].in:out[14],Yes
zksolid-paper/benchmarks/ed25519-099d19c/verify,wit-constr-diff,chunkedmul.circom,ChunkedMul,in1[13]:lt[15].in:out[15],Yes
zksolid-paper/benchmarks/ed25519-099d19c/verify,wit-constr-diff,chunkedmul.circom,ChunkedMul,in1[13]:lt[17].in:out[17],Yes
zksolid-paper/benchmarks/ed25519-099d19c/verify,wit-constr-diff,chunkedmul.circom,ChunkedMul,in1[14]:lt[15].in:out[15],Yes
zksolid-paper/benchmarks/ed25519-099d19c/verify,wit-constr-diff,chunkedmul.circom,ChunkedMul,in1[14]:lt[17].in:out[17],Yes
zksolid-paper/benchmarks/ed25519-099d19c/verify,wit-constr-diff,chunkedmul.circom,ChunkedMul,in1[15]:lt[17].in:out[17],Yes
zksolid-paper/benchmarks/ed25519-099d19c/verify,wit-constr-diff,chunkedmul.circom,ChunkedMul,in1[16]:lt[17].in:out[17],Yes
zksolid-paper/benchmarks/ed25519-099d19c/verify,wit-constr-diff,chunkedmul.circom,ChunkedMul,in1[1]:lt[10].in:out[10],Yes
zksolid-paper/benchmarks/ed25519-099d19c/verify,wit-constr-diff,chunkedmul.circom,ChunkedMul,in1[1]:lt[11].in:out[11],Yes
zksolid-paper/benchmarks/ed25519-099d19c/verify,wit-constr-diff,chunkedmul.circom,ChunkedMul,in1[1]:lt[12].in:out[12],Yes
zksolid-paper/benchmarks/ed25519-099d19c/verify,wit-constr-diff,chunkedmul.circom,ChunkedMul,in1[1]:lt[13].in:out[13],Yes
zksolid-paper/benchmarks/ed25519-099d19c/verify,wit-constr-diff,chunkedmul.circom,ChunkedMul,in1[1]:lt[14].in:out[14],Yes
zksolid-paper/benchmarks/ed25519-099d19c/verify,wit-constr-diff,chunkedmul.circom,ChunkedMul,in1[1]:lt[15].in:out[15],Yes
zksolid-paper/benchmarks/ed25519-099d19c/verify,wit-constr-diff,chunkedmul.circom,ChunkedMul,in1[1]:lt[16].in:out[16],Yes
zksolid-paper/benchmarks/ed25519-099d19c/verify,wit-constr-diff,chunkedmul.circom,ChunkedMul,in1[1]:lt[17].in:out[17],Yes
zksolid-paper/benchmarks/ed25519-099d19c/verify,wit-constr-diff,chunkedmul.circom,ChunkedMul,in1[1]:lt[19].in:out[19],Yes
zksolid-paper/benchmarks/ed25519-099d19c/verify,wit-constr-diff,chunkedmul.circom,ChunkedMul,in1[1]:lt[2].in:out[2],Yes
zksolid-paper/benchmarks/ed25519-099d19c/verify,wit-constr-diff,chunkedmul.circom,ChunkedMul,in1[1]:lt[3].in:out[3],Yes
zksolid-paper/benchmarks/ed25519-099d19c/verify,wit-constr-diff,chunkedmul.circom,ChunkedMul,in1[1]:lt[4].in:out[4],Yes
zksolid-paper/benchmarks/ed25519-099d19c/verify,wit-constr-diff,chunkedmul.circom,ChunkedMul,in1[1]:lt[5].in:out[5],Yes
zksolid-paper/benchmarks/ed25519-099d19c/verify,wit-constr-diff,chunkedmul.circom,ChunkedMul,in1[1]:lt[6].in:out[6],Yes
zksolid-paper/benchmarks/ed25519-099d19c/verify,wit-constr-diff,chunkedmul.circom,ChunkedMul,in1[1]:lt[7].in:out[7],Yes
zksolid-paper/benchmarks/ed25519-099d19c/verify,wit-constr-diff,chunkedmul.circom,ChunkedMul,in1[1]:lt[8].in:out[8],Yes
zksolid-paper/benchmarks/ed25519-099d19c/verify,wit-constr-diff,chunkedmul.circom,ChunkedMul,in1[1]:lt[9].in:out[9],Yes
zksolid-paper/benchmarks/ed25519-099d19c/verify,wit-constr-diff,chunkedmul.circom,ChunkedMul,in1[2]:lt[10].in:out[10],Yes
zksolid-paper/benchmarks/ed25519-099d19c/verify,wit-constr-diff,chunkedmul.circom,ChunkedMul,in1[2]:lt[11].in:out[11],Yes
zksolid-paper/benchmarks/ed25519-099d19c/verify,wit-constr-diff,chunkedmul.circom,ChunkedMul,in1[2]:lt[12].in:out[12],Yes
zksolid-paper/benchmarks/ed25519-099d19c/verify,wit-constr-diff,chunkedmul.circom,ChunkedMul,in1[2]:lt[13].in:out[13],Yes
zksolid-paper/benchmarks/ed25519-099d19c/verify,wit-constr-diff,chunkedmul.circom,ChunkedMul,in1[2]:lt[14].in:out[14],Yes
zksolid-paper/benchmarks/ed25519-099d19c/verify,wit-constr-diff,chunkedmul.circom,ChunkedMul,in1[2]:lt[15].in:out[15],Yes
zksolid-paper/benchmarks/ed25519-099d19c/verify,wit-constr-diff,chunkedmul.circom,ChunkedMul,in1[2]:lt[16].in:out[16],Yes
zksolid-paper/benchmarks/ed25519-099d19c/verify,wit-constr-diff,chunkedmul.circom,ChunkedMul,in1[2]:lt[17].in:out[17],Yes
zksolid-paper/benchmarks/ed25519-099d19c/verify,wit-constr-diff,chunkedmul.circom,ChunkedMul,in1[2]:lt[19].in:out[19],Yes
zksolid-paper/benchmarks/ed25519-099d19c/verify,wit-constr-diff,chunkedmul.circom,ChunkedMul,in1[2]:lt[3].in:out[3],Yes
zksolid-paper/benchmarks/ed25519-099d19c/verify,wit-constr-diff,chunkedmul.circom,ChunkedMul,in1[2]:lt[4].in:out[4],Yes
zksolid-paper/benchmarks/ed25519-099d19c/verify,wit-constr-diff,chunkedmul.circom,ChunkedMul,in1[2]:lt[5].in:out[5],Yes
zksolid-paper/benchmarks/ed25519-099d19c/verify,wit-constr-diff,chunkedmul.circom,ChunkedMul,in1[2]:lt[6].in:out[6],Yes
zksolid-paper/benchmarks/ed25519-099d19c/verify,wit-constr-diff,chunkedmul.circom,ChunkedMul,in1[2]:lt[7].in:out[7],Yes
zksolid-paper/benchmarks/ed25519-099d19c/verify,wit-constr-diff,chunkedmul.circom,ChunkedMul,in1[2]:lt[8].in:out[8],Yes
zksolid-paper/benchmarks/ed25519-099d19c/verify,wit-constr-diff,chunkedmul.circom,ChunkedMul,in1[2]:lt[9].in:out[9],Yes
zksolid-paper/benchmarks/ed25519-099d19c/verify,wit-constr-diff,chunkedmul.circom,ChunkedMul,in1[3]:lt[10].in:out[10],Yes
zksolid-paper/benchmarks/ed25519-099d19c/verify,wit-constr-diff,chunkedmul.circom,ChunkedMul,in1[3]:lt[11].in:out[11],Yes
zksolid-paper/benchmarks/ed25519-099d19c/verify,wit-constr-diff,chunkedmul.circom,ChunkedMul,in1[3]:lt[12].in:out[12],Yes
zksolid-paper/benchmarks/ed25519-099d19c/verify,wit-constr-diff,chunkedmul.circom,ChunkedMul,in1[3]:lt[13].in:out[13],Yes
zksolid-paper/benchmarks/ed25519-099d19c/verify,wit-constr-diff,chunkedmul.circom,ChunkedMul,in1[3]:lt[14].in:out[14],Yes
zksolid-paper/benchmarks/ed25519-099d19c/verify,wit-constr-diff,chunkedmul.circom,ChunkedMul,in1[3]:lt[15].in:out[15],Yes
zksolid-paper/benchmarks/ed25519-099d19c/verify,wit-constr-diff,chunkedmul.circom,ChunkedMul,in1[3]:lt[16].in:out[16],Yes
zksolid-paper/benchmarks/ed25519-099d19c/verify,wit-constr-diff,chunkedmul.circom,ChunkedMul,in1[3]:lt[17].in:out[17],Yes
zksolid-paper/benchmarks/ed25519-099d19c/verify,wit-constr-diff,chunkedmul.circom,ChunkedMul,in1[3]:lt[19].in:out[19],Yes
zksolid-paper/benchmarks/ed25519-099d19c/verify,wit-constr-diff,chunkedmul.circom,ChunkedMul,in1[3]:lt[4].in:out[4],Yes
zksolid-paper/benchmarks/ed25519-099d19c/verify,wit-constr-diff,chunkedmul.circom,ChunkedMul,in1[3]:lt[5].in:out[5],Yes
zksolid-paper/benchmarks/ed25519-099d19c/verify,wit-constr-diff,chunkedmul.circom,ChunkedMul,in1[3]:lt[6].in:out[6],Yes
zksolid-paper/benchmarks/ed25519-099d19c/verify,wit-constr-diff,chunkedmul.circom,ChunkedMul,in1[3]:lt[7].in:out[7],Yes
zksolid-paper/benchmarks/ed25519-099d19c/verify,wit-constr-diff,chunkedmul.circom,ChunkedMul,in1[3]:lt[8].in:out[8],Yes
zksolid-paper/benchmarks/ed25519-099d19c/verify,wit-constr-diff,chunkedmul.circom,ChunkedMul,in1[3]:lt[9].in:out[9],Yes
zksolid-paper/benchmarks/ed25519-099d19c/verify,wit-constr-diff,chunkedmul.circom,ChunkedMul,in1[4]:lt[10].in:out[10],Yes
zksolid-paper/benchmarks/ed25519-099d19c/verify,wit-constr-diff,chunkedmul.circom,ChunkedMul,in1[4]:lt[11].in:out[11],Yes
zksolid-paper/benchmarks/ed25519-099d19c/verify,wit-constr-diff,chunkedmul.circom,ChunkedMul,in1[4]:lt[12].in:out[12],Yes
zksolid-paper/benchmarks/ed25519-099d19c/verify,wit-constr-diff,chunkedmul.circom,ChunkedMul,in1[4]:lt[13].in:out[13],Yes
zksolid-paper/benchmarks/ed25519-099d19c/verify,wit-constr-diff,chunkedmul.circom,ChunkedMul,in1[4]:lt[14].in:out[14],Yes
zksolid-paper/benchmarks/ed25519-099d19c/verify,wit-constr-diff,chunkedmul.circom,ChunkedMul,in1[4]:lt[15].in:out[15],Yes
zksolid-paper/benchmarks/ed25519-099d19c/verify,wit-constr-diff,chunkedmul.circom,ChunkedMul,in1[4]:lt[16].in:out[16],Yes
zksolid-paper/benchmarks/ed25519-099d19c/verify,wit-constr-diff,chunkedmul.circom,ChunkedMul,in1[4]:lt[17].in:out[17],Yes
zksolid-paper/benchmarks/ed25519-099d19c/verify,wit-constr-diff,chunkedmul.circom,ChunkedMul,in1[4]:lt[19].in:out[19],Yes
zksolid-paper/benchmarks/ed25519-099d19c/verify,wit-constr-diff,chunkedmul.circom,ChunkedMul,in1[4]:lt[5].in:out[5],Yes
zksolid-paper/benchmarks/ed25519-099d19c/verify,wit-constr-diff,chunkedmul.circom,ChunkedMul,in1[4]:lt[6].in:out[6],Yes
zksolid-paper/benchmarks/ed25519-099d19c/verify,wit-constr-diff,chunkedmul.circom,ChunkedMul,in1[4]:lt[7].in:out[7],Yes
zksolid-paper/benchmarks/ed25519-099d19c/verify,wit-constr-diff,chunkedmul.circom,ChunkedMul,in1[4]:lt[8].in:out[8],Yes
zksolid-paper/benchmarks/ed25519-099d19c/verify,wit-constr-diff,chunkedmul.circom,ChunkedMul,in1[4]:lt[9].in:out[9],Yes
zksolid-paper/benchmarks/ed25519-099d19c/verify,wit-constr-diff,chunkedmul.circom,ChunkedMul,in1[5]:lt[10].in:out[10],Yes
zksolid-paper/benchmarks/ed25519-099d19c/verify,wit-constr-diff,chunkedmul.circom,ChunkedMul,in1[5]:lt[11].in:out[11],Yes
zksolid-paper/benchmarks/ed25519-099d19c/verify,wit-constr-diff,chunkedmul.circom,ChunkedMul,in1[5]:lt[12].in:out[12],Yes
zksolid-paper/benchmarks/ed25519-099d19c/verify,wit-constr-diff,chunkedmul.circom,ChunkedMul,in1[5]:lt[13].in:out[13],Yes
zksolid-paper/benchmarks/ed25519-099d19c/verify,wit-constr-diff,chunkedmul.circom,ChunkedMul,in1[5]:lt[14].in:out[14],Yes
zksolid-paper/benchmarks/ed25519-099d19c/verify,wit-constr-diff,chunkedmul.circom,ChunkedMul,in1[5]:lt[15].in:out[15],Yes
zksolid-paper/benchmarks/ed25519-099d19c/verify,wit-constr-diff,chunkedmul.circom,ChunkedMul,in1[5]:lt[16].in:out[16],Yes
zksolid-paper/benchmarks/ed25519-099d19c/verify,wit-constr-diff,chunkedmul.circom,ChunkedMul,in1[5]:lt[17].in:out[17],Yes
zksolid-paper/benchmarks/ed25519-099d19c/verify,wit-constr-diff,chunkedmul.circom,ChunkedMul,in1[5]:lt[19].in:out[19],Yes
zksolid-paper/benchmarks/ed25519-099d19c/verify,wit-constr-diff,chunkedmul.circom,ChunkedMul,in1[5]:lt[6].in:out[6],Yes
zksolid-paper/benchmarks/ed25519-099d19c/verify,wit-constr-diff,chunkedmul.circom,ChunkedMul,in1[5]:lt[7].in:out[7],Yes
zksolid-paper/benchmarks/ed25519-099d19c/verify,wit-constr-diff,chunkedmul.circom,ChunkedMul,in1[5]:lt[8].in:out[8],Yes
zksolid-paper/benchmarks/ed25519-099d19c/verify,wit-constr-diff,chunkedmul.circom,ChunkedMul,in1[5]:lt[9].in:out[9],Yes
zksolid-paper/benchmarks/ed25519-099d19c/verify,wit-constr-diff,chunkedmul.circom,ChunkedMul,in1[6]:lt[10].in:out[10],Yes
zksolid-paper/benchmarks/ed25519-099d19c/verify,wit-constr-diff,chunkedmul.circom,ChunkedMul,in1[6]:lt[11].in:out[11],Yes
zksolid-paper/benchmarks/ed25519-099d19c/verify,wit-constr-diff,chunkedmul.circom,ChunkedMul,in1[6]:lt[12].in:out[12],Yes
zksolid-paper/benchmarks/ed25519-099d19c/verify,wit-constr-diff,chunkedmul.circom,ChunkedMul,in1[6]:lt[13].in:out[13],Yes
zksolid-paper/benchmarks/ed25519-099d19c/verify,wit-constr-diff,chunkedmul.circom,ChunkedMul,in1[6]:lt[14].in:out[14],Yes
zksolid-paper/benchmarks/ed25519-099d19c/verify,wit-constr-diff,chunkedmul.circom,ChunkedMul,in1[6]:lt[15].in:out[15],Yes
zksolid-paper/benchmarks/ed25519-099d19c/verify,wit-constr-diff,chunkedmul.circom,ChunkedMul,in1[6]:lt[16].in:out[16],Yes
zksolid-paper/benchmarks/ed25519-099d19c/verify,wit-constr-diff,chunkedmul.circom,ChunkedMul,in1[6]:lt[17].in:out[17],Yes
zksolid-paper/benchmarks/ed25519-099d19c/verify,wit-constr-diff,chunkedmul.circom,ChunkedMul,in1[6]:lt[19].in:out[19],Yes
zksolid-paper/benchmarks/ed25519-099d19c/verify,wit-constr-diff,chunkedmul.circom,ChunkedMul,in1[6]:lt[7].in:out[7],Yes
zksolid-paper/benchmarks/ed25519-099d19c/verify,wit-constr-diff,chunkedmul.circom,ChunkedMul,in1[6]:lt[8].in:out[8],Yes
zksolid-paper/benchmarks/ed25519-099d19c/verify,wit-constr-diff,chunkedmul.circom,ChunkedMul,in1[6]:lt[9].in:out[9],Yes
zksolid-paper/benchmarks/ed25519-099d19c/verify,wit-constr-diff,chunkedmul.circom,ChunkedMul,in1[7]:lt[10].in:out[10],Yes
zksolid-paper/benchmarks/ed25519-099d19c/verify,wit-constr-diff,chunkedmul.circom,ChunkedMul,in1[7]:lt[11].in:out[11],Yes
zksolid-paper/benchmarks/ed25519-099d19c/verify,wit-constr-diff,chunkedmul.circom,ChunkedMul,in1[7]:lt[12].in:out[12],Yes
zksolid-paper/benchmarks/ed25519-099d19c/verify,wit-constr-diff,chunkedmul.circom,ChunkedMul,in1[7]:lt[13].in:out[13],Yes
zksolid-paper/benchmarks/ed25519-099d19c/verify,wit-constr-diff,chunkedmul.circom,ChunkedMul,in1[7]:lt[14].in:out[14],Yes
zksolid-paper/benchmarks/ed25519-099d19c/verify,wit-constr-diff,chunkedmul.circom,ChunkedMul,in1[7]:lt[15].in:out[15],Yes
zksolid-paper/benchmarks/ed25519-099d19c/verify,wit-constr-diff,chunkedmul.circom,ChunkedMul,in1[7]:lt[16].in:out[16],Yes
zksolid-paper/benchmarks/ed25519-099d19c/verify,wit-constr-diff,chunkedmul.circom,ChunkedMul,in1[7]:lt[17].in:out[17],Yes
zksolid-paper/benchmarks/ed25519-099d19c/verify,wit-constr-diff,chunkedmul.circom,ChunkedMul,in1[7]:lt[19].in:out[19],Yes
zksolid-paper/benchmarks/ed25519-099d19c/verify,wit-constr-diff,chunkedmul.circom,ChunkedMul,in1[7]:lt[8].in:out[8],Yes
zksolid-paper/benchmarks/ed25519-099d19c/verify,wit-constr-diff,chunkedmul.circom,ChunkedMul,in1[7]:lt[9].in:out[9],Yes
zksolid-paper/benchmarks/ed25519-099d19c/verify,wit-constr-diff,chunkedmul.circom,ChunkedMul,in1[8]:lt[10].in:out[10],Yes
zksolid-paper/benchmarks/ed25519-099d19c/verify,wit-constr-diff,chunkedmul.circom,ChunkedMul,in1[8]:lt[11].in:out[11],Yes
zksolid-paper/benchmarks/ed25519-099d19c/verify,wit-constr-diff,chunkedmul.circom,ChunkedMul,in1[8]:lt[12].in:out[12],Yes
zksolid-paper/benchmarks/ed25519-099d19c/verify,wit-constr-diff,chunkedmul.circom,ChunkedMul,in1[8]:lt[13].in:out[13],Yes
zksolid-paper/benchmarks/ed25519-099d19c/verify,wit-constr-diff,chunkedmul.circom,ChunkedMul,in1[8]:lt[14].in:out[14],Yes
zksolid-paper/benchmarks/ed25519-099d19c/verify,wit-constr-diff,chunkedmul.circom,ChunkedMul,in1[8]:lt[15].in:out[15],Yes
zksolid-paper/benchmarks/ed25519-099d19c/verify,wit-constr-diff,chunkedmul.circom,ChunkedMul,in1[8]:lt[16].in:out[16],Yes
zksolid-paper/benchmarks/ed25519-099d19c/verify,wit-constr-diff,chunkedmul.circom,ChunkedMul,in1[8]:lt[17].in:out[17],Yes
zksolid-paper/benchmarks/ed25519-099d19c/verify,wit-constr-diff,chunkedmul.circom,ChunkedMul,in1[8]:lt[19].in:out[19],Yes
zksolid-paper/benchmarks/ed25519-099d19c/verify,wit-constr-diff,chunkedmul.circom,ChunkedMul,in1[8]:lt[9].in:out[9],Yes
zksolid-paper/benchmarks/ed25519-099d19c/verify,wit-constr-diff,chunkedmul.circom,ChunkedMul,in1[9]:lt[10].in:out[10],Yes
zksolid-paper/benchmarks/ed25519-099d19c/verify,wit-constr-diff,chunkedmul.circom,ChunkedMul,in1[9]:lt[11].in:out[11],Yes
zksolid-paper/benchmarks/ed25519-099d19c/verify,wit-constr-diff,chunkedmul.circom,ChunkedMul,in1[9]:lt[12].in:out[12],Yes
zksolid-paper/benchmarks/ed25519-099d19c/verify,wit-constr-diff,chunkedmul.circom,ChunkedMul,in1[9]:lt[13].in:out[13],Yes
zksolid-paper/benchmarks/ed25519-099d19c/verify,wit-constr-diff,chunkedmul.circom,ChunkedMul,in1[9]:lt[14].in:out[14],Yes
zksolid-paper/benchmarks/ed25519-099d19c/verify,wit-constr-diff,chunkedmul.circom,ChunkedMul,in1[9]:lt[15].in:out[15],Yes
zksolid-paper/benchmarks/ed25519-099d19c/verify,wit-constr-diff,chunkedmul.circom,ChunkedMul,in1[9]:lt[16].in:out[16],Yes
zksolid-paper/benchmarks/ed25519-099d19c/verify,wit-constr-diff,chunkedmul.circom,ChunkedMul,in1[9]:lt[17].in:out[17],Yes
zksolid-paper/benchmarks/ed25519-099d19c/verify,wit-constr-diff,chunkedmul.circom,ChunkedMul,in1[9]:lt[19].in:out[19],Yes
zksolid-paper/benchmarks/ed25519-099d19c/verify,wit-constr-diff,chunkedmul.circom,ChunkedMul,in2[0]:lt[10].in:out[10],Yes
zksolid-paper/benchmarks/ed25519-099d19c/verify,wit-constr-diff,chunkedmul.circom,ChunkedMul,in2[0]:lt[11].in:out[11],Yes
zksolid-paper/benchmarks/ed25519-099d19c/verify,wit-constr-diff,chunkedmul.circom,ChunkedMul,in2[0]:lt[12].in:out[12],Yes
zksolid-paper/benchmarks/ed25519-099d19c/verify,wit-constr-diff,chunkedmul.circom,ChunkedMul,in2[0]:lt[13].in:out[13],Yes
zksolid-paper/benchmarks/ed25519-099d19c/verify,wit-constr-diff,chunkedmul.circom,ChunkedMul,in2[0]:lt[14].in:out[14],Yes
zksolid-paper/benchmarks/ed25519-099d19c/verify,wit-constr-diff,chunkedmul.circom,ChunkedMul,in2[0]:lt[15].in:out[15],Yes
zksolid-paper/benchmarks/ed25519-099d19c/verify,wit-constr-diff,chunkedmul.circom,ChunkedMul,in2[0]:lt[16].in:out[16],Yes
zksolid-paper/benchmarks/ed25519-099d19c/verify,wit-constr-diff,chunkedmul.circom,ChunkedMul,in2[0]:lt[17].in:out[17],Yes
zksolid-paper/benchmarks/ed25519-099d19c/verify,wit-constr-diff,chunkedmul.circom,ChunkedMul,in2[0]:lt[19].in:out[19],Yes
zksolid-paper/benchmarks/ed25519-099d19c/verify,wit-constr-diff,chunkedmul.circom,ChunkedMul,in2[0]:lt[1].in:out[1],Yes
zksolid-paper/benchmarks/ed25519-099d19c/verify,wit-constr-diff,chunkedmul.circom,ChunkedMul,in2[0]:lt[2].in:out[2],Yes
zksolid-paper/benchmarks/ed25519-099d19c/verify,wit-constr-diff,chunkedmul.circom,ChunkedMul,in2[0]:lt[3].in:out[3],Yes
zksolid-paper/benchmarks/ed25519-099d19c/verify,wit-constr-diff,chunkedmul.circom,ChunkedMul,in2[0]:lt[4].in:out[4],Yes
zksolid-paper/benchmarks/ed25519-099d19c/verify,wit-constr-diff,chunkedmul.circom,ChunkedMul,in2[0]:lt[5].in:out[5],Yes
zksolid-paper/benchmarks/ed25519-099d19c/verify,wit-constr-diff,chunkedmul.circom,ChunkedMul,in2[0]:lt[6].in:out[6],Yes
zksolid-paper/benchmarks/ed25519-099d19c/verify,wit-constr-diff,chunkedmul.circom,ChunkedMul,in2[0]:lt[7].in:out[7],Yes
zksolid-paper/benchmarks/ed25519-099d19c/verify,wit-constr-diff,chunkedmul.circom,ChunkedMul,in2[0]:lt[8].in:out[8],Yes
zksolid-paper/benchmarks/ed25519-099d19c/verify,wit-constr-diff,chunkedmul.circom,ChunkedMul,in2[0]:lt[9].in:out[9],Yes
zksolid-paper/benchmarks/ed25519-099d19c/verify,wit-constr-diff,chunkedmul.circom,ChunkedMul,in2[1]:lt[13].in:out[13],Yes
zksolid-paper/benchmarks/ed25519-099d19c/verify,wit-constr-diff,chunkedmul.circom,ChunkedMul,in2[1]:lt[16].in:out[16],Yes
zksolid-paper/benchmarks/ed25519-099d19c/verify,wit-constr-diff,chunkedmul.circom,ChunkedMul,in2[1]:lt[19].in:out[19],Yes
zksolid-paper/benchmarks/ed25519-099d19c/verify,wit-constr-diff,chunkedmul.circom,ChunkedMul,in2[1]:lt[5].in:out[5],Yes
zksolid-paper/benchmarks/ed25519-099d19c/verify,wit-constr-diff,chunkedmul.circom,ChunkedMul,in2[1]:lt[8].in:out[8],Yes
zksolid-paper/benchmarks/ed25519-099d19c/verify,wit-constr-diff,chunkedmul.circom,ChunkedMul,in2[2]:lt[13].in:out[13],Yes
zksolid-paper/benchmarks/ed25519-099d19c/verify,wit-constr-diff,chunkedmul.circom,ChunkedMul,in2[2]:lt[16].in:out[16],Yes
zksolid-paper/benchmarks/ed25519-099d19c/verify,wit-constr-diff,chunkedmul.circom,ChunkedMul,in2[2]:lt[19].in:out[19],Yes
zksolid-paper/benchmarks/ed25519-099d19c/verify,wit-constr-diff,chunkedmul.circom,ChunkedMul,in2[2]:lt[5].in:out[5],Yes
zksolid-paper/benchmarks/ed25519-099d19c/verify,wit-constr-diff,chunkedmul.circom,ChunkedMul,in2[2]:lt[8].in:out[8],Yes
zksolid-paper/benchmarks/ed25519-099d19c/verify,wit-constr-diff,chunkedmul.circom,ChunkedMul,in2[3]:lt[13].in:out[13],Yes
zksolid-paper/benchmarks/ed25519-099d19c/verify,wit-constr-diff,chunkedmul.circom,ChunkedMul,in2[3]:lt[16].in:out[16],Yes
zksolid-paper/benchmarks/ed25519-099d19c/verify,wit-constr-diff,chunkedmul.circom,ChunkedMul,in2[3]:lt[19].in:out[19],Yes
zksolid-paper/benchmarks/ed25519-099d19c/verify,wit-constr-diff,chunkedmul.circom,ChunkedMul,in2[4]:lt[13].in:out[13],Yes
zksolid-paper/benchmarks/ed25519-099d19c/verify,wit-constr-diff,chunkedmul.circom,ChunkedMul,in2[4]:lt[16].in:out[16],Yes
zksolid-paper/benchmarks/ed25519-099d19c/verify,wit-constr-diff,chunkedmul.circom,ChunkedMul,in2[4]:lt[19].in:out[19],Yes
zksolid-paper/benchmarks/ed25519-099d19c/verify,wit-constr-diff,chunkedmul.circom,ChunkedMul,in2[5]:lt[13].in:out[13],Yes
zksolid-paper/benchmarks/ed25519-099d19c/verify,wit-constr-diff,chunkedmul.circom,ChunkedMul,in2[5]:lt[16].in:out[16],Yes
zksolid-paper/benchmarks/ed25519-099d19c/verify,wit-constr-diff,chunkedmul.circom,ChunkedMul,in2[5]:lt[19].in:out[19],Yes
zksolid-paper/benchmarks/ed25519-099d19c/verify,wit-constr-diff,chunkedmul.circom,ChunkedMul,in2[6]:lt[13].in:out[13],Yes
zksolid-paper/benchmarks/ed25519-099d19c/verify,wit-constr-diff,chunkedmul.circom,ChunkedMul,in2[6]:lt[16].in:out[16],Yes
zksolid-paper/benchmarks/ed25519-099d19c/verify,wit-constr-diff,chunkedmul.circom,ChunkedMul,in2[6]:lt[19].in:out[19],Yes
zksolid-paper/benchmarks/ed25519-099d19c/verify,wit-constr-diff,chunkedmul.circom,ChunkedMul,in2[7]:lt[19].in:out[19],Yes
zksolid-paper/benchmarks/ed25519-099d19c/verify,wit-constr-diff,chunkedmul.circom,ChunkedMul,in2[8]:lt[19].in:out[19],Yes
zksolid-paper/benchmarks/ed25519-099d19c/verify,wit-constr-diff,chunkedmul.circom,ChunkedMul,in2[9]:lt[19].in:out[19],Yes
zksolid-paper/benchmarks/ed25519-099d19c/verify,wit-constr-diff,chunkedmul.circom,ChunkedMul,pp[0]:lt[10].in:out[10],Yes
zksolid-paper/benchmarks/ed25519-099d19c/verify,wit-constr-diff,chunkedmul.circom,ChunkedMul,pp[0]:lt[11].in:out[11],Yes
zksolid-paper/benchmarks/ed25519-099d19c/verify,wit-constr-diff,chunkedmul.circom,ChunkedMul,pp[0]:lt[12].in:out[12],Yes
zksolid-paper/benchmarks/ed25519-099d19c/verify,wit-constr-diff,chunkedmul.circom,ChunkedMul,pp[0]:lt[13].in:out[13],Yes
zksolid-paper/benchmarks/ed25519-099d19c/verify,wit-constr-diff,chunkedmul.circom,ChunkedMul,pp[0]:lt[14].in:out[14],Yes
zksolid-paper/benchmarks/ed25519-099d19c/verify,wit-constr-diff,chunkedmul.circom,ChunkedMul,pp[0]:lt[15].in:out[15],Yes
zksolid-paper/benchmarks/ed25519-099d19c/verify,wit-constr-diff,chunkedmul.circom,ChunkedMul,pp[0]:lt[16].in:out[16],Yes
zksolid-paper/benchmarks/ed25519-099d19c/verify,wit-constr-diff,chunkedmul.circom,ChunkedMul,pp[0]:lt[17].in:out[17],Yes
zksolid-paper/benchmarks/ed25519-099d19c/verify,wit-constr-diff,chunkedmul.circom,ChunkedMul,pp[0]:lt[19].in:out[19],Yes
zksolid-paper/benchmarks/ed25519-099d19c/verify,wit-constr-diff,chunkedmul.circom,ChunkedMul,pp[0]:lt[1].in:out[1],Yes
zksolid-paper/benchmarks/ed25519-099d19c/verify,wit-constr-diff,chunkedmul.circom,ChunkedMul,pp[0]:lt[2].in:out[2],Yes
zksolid-paper/benchmarks/ed25519-099d19c/verify,wit-constr-diff,chunkedmul.circom,ChunkedMul,pp[0]:lt[3].in:out[3],Yes
zksolid-paper/benchmarks/ed25519-099d19c/verify,wit-constr-diff,chunkedmul.circom,ChunkedMul,pp[0]:lt[4].in:out[4],Yes
zksolid-paper/benchmarks/ed25519-099d19c/verify,wit-constr-diff,chunkedmul.circom,ChunkedMul,pp[0]:lt[5].in:out[5],Yes
zksolid-paper/benchmarks/ed25519-099d19c/verify,wit-constr-diff,chunkedmul.circom,ChunkedMul,pp[0]:lt[6].in:out[6],Yes
zksolid-paper/benchmarks/ed25519-099d19c/verify,wit-constr-diff,chunkedmul.circom,ChunkedMul,pp[0]:lt[7].in:out[7],Yes
zksolid-paper/benchmarks/ed25519-099d19c/verify,wit-constr-diff,chunkedmul.circom,ChunkedMul,pp[0]:lt[8].in:out[8],Yes
zksolid-paper/benchmarks/ed25519-099d19c/verify,wit-constr-diff,chunkedmul.circom,ChunkedMul,pp[0]:lt[9].in:out[9],Yes
zksolid-paper/benchmarks/ed25519-099d19c/verify,wit-constr-diff,chunkedmul.circom,ChunkedMul,pp[100]:lt[16].in:out[16],Yes
zksolid-paper/benchmarks/ed25519-099d19c/verify,wit-constr-diff,chunkedmul.circom,ChunkedMul,pp[100]:lt[19].in:out[19],Yes
zksolid-paper/benchmarks/ed25519-099d19c/verify,wit-constr-diff,chunkedmul.circom,ChunkedMul,pp[101]:lt[16].in:out[16],Yes
zksolid-paper/benchmarks/ed25519-099d19c/verify,wit-constr-diff,chunkedmul.circom,ChunkedMul,pp[101]:lt[19].in:out[19],Yes
zksolid-paper/benchmarks/ed25519-099d19c/verify,wit-constr-diff,chunkedmul.circom,ChunkedMul,pp[102]:lt[16].in:out[16],Yes
zksolid-paper/benchmarks/ed25519-099d19c/verify,wit-constr-diff,chunkedmul.circom,ChunkedMul,pp[102]:lt[19].in:out[19],Yes
zksolid-paper/benchmarks/ed25519-099d19c/verify,wit-constr-diff,chunkedmul.circom,ChunkedMul,pp[103]:lt[16].in:out[16],Yes
zksolid-paper/benchmarks/ed25519-099d19c/verify,wit-constr-diff,chunkedmul.circom,ChunkedMul,pp[103]:lt[19].in:out[19],Yes
zksolid-paper/benchmarks/ed25519-099d19c/verify,wit-constr-diff,chunkedmul.circom,ChunkedMul,pp[104]:lt[16].in:out[16],Yes
zksolid-paper/benchmarks/ed25519-099d19c/verify,wit-constr-diff,chunkedmul.circom,ChunkedMul,pp[104]:lt[19].in:out[19],Yes
zksolid-paper/benchmarks/ed25519-099d19c/verify,wit-constr-diff,chunkedmul.circom,ChunkedMul,pp[105]:lt[16].in:out[16],Yes
zksolid-paper/benchmarks/ed25519-099d19c/verify,wit-constr-diff,chunkedmul.circom,ChunkedMul,pp[105]:lt[19].in:out[19],Yes
zksolid-paper/benchmarks/ed25519-099d19c/verify,wit-constr-diff,chunkedmul.circom,ChunkedMul,pp[106]:lt[16].in:out[16],Yes
zksolid-paper/benchmarks/ed25519-099d19c/verify,wit-constr-diff,chunkedmul.circom,ChunkedMul,pp[106]:lt[19].in:out[19],Yes
zksolid-paper/benchmarks/ed25519-099d19c/verify,wit-constr-diff,chunkedmul.circom,ChunkedMul,pp[107]:lt[16].in:out[16],Yes
zksolid-paper/benchmarks/ed25519-099d19c/verify,wit-constr-diff,chunkedmul.circom,ChunkedMul,pp[107]:lt[19].in:out[19],Yes
zksolid-paper/benchmarks/ed25519-099d19c/verify,wit-constr-diff,chunkedmul.circom,ChunkedMul,pp[108]:lt[16].in:out[16],Yes
zksolid-paper/benchmarks/ed25519-099d19c/verify,wit-constr-diff,chunkedmul.circom,ChunkedMul,pp[108]:lt[19].in:out[19],Yes
zksolid-paper/benchmarks/ed25519-099d19c/verify,wit-constr-diff,chunkedmul.circom,ChunkedMul,pp[109]:lt[16].in:out[16],Yes
zksolid-paper/benchmarks/ed25519-099d19c/verify,wit-constr-diff,chunkedmul.circom,ChunkedMul,pp[109]:lt[19].in:out[19],Yes
zksolid-paper/benchmarks/ed25519-099d19c/verify,wit-constr-diff,chunkedmul.circom,ChunkedMul,pp[10]:lt[11].in:out[11],Yes
zksolid-paper/benchmarks/ed25519-099d19c/verify,wit-constr-diff,chunkedmul.circom,ChunkedMul,pp[10]:lt[12].in:out[12],Yes
zksolid-paper/benchmarks/ed25519-099d19c/verify,wit-constr-diff,chunkedmul.circom,ChunkedMul,pp[10]:lt[13].in:out[13],Yes
zksolid-paper/benchmarks/ed25519-099d19c/verify,wit-constr-diff,chunkedmul.circom,ChunkedMul,pp[10]:lt[14].in:out[14],Yes
zksolid-paper/benchmarks/ed25519-099d19c/verify,wit-constr-diff,chunkedmul.circom,ChunkedMul,pp[10]:lt[15].in:out[15],Yes
zksolid-paper/benchmarks/ed25519-099d19c/verify,wit-constr-diff,chunkedmul.circom,ChunkedMul,pp[10]:lt[16].in:out[16],Yes
zksolid-paper/benchmarks/ed25519-099d19c/verify,wit-constr-diff,chunkedmul.circom,ChunkedMul,pp[10]:lt[17].in:out[17],Yes
zksolid-paper/benchmarks/ed25519-099d19c/verify,wit-constr-diff,chunkedmul.circom,ChunkedMul,pp[10]:lt[19].in:out[19],Yes
zksolid-paper/benchmarks/ed25519-099d19c/verify,wit-constr-diff,chunkedmul.circom,ChunkedMul,pp[10]:lt[5].in:out[5],Yes
zksolid-paper/benchmarks/ed25519-099d19c/verify,wit-constr-diff,chunkedmul.circom,ChunkedMul,pp[10]:lt[8].in:out[8],Yes
zksolid-paper/benchmarks/ed25519-099d19c/verify,wit-constr-diff,chunkedmul.circom,ChunkedMul,pp[110]:lt[16].in:out[16],Yes
zksolid-paper/benchmarks/ed25519-099d19c/verify,wit-constr-diff,chunkedmul.circom,ChunkedMul,pp[110]:lt[19].in:out[19],Yes
zksolid-paper/benchmarks/ed25519-099d19c/verify,wit-constr-diff,chunkedmul.circom,ChunkedMul,pp[111]:lt[16].in:out[16],Yes
zksolid-paper/benchmarks/ed25519-099d19c/verify,wit-constr-diff,chunkedmul.circom,ChunkedMul,pp[111]:lt[19].in:out[19],Yes
zksolid-paper/benchmarks/ed25519-099d19c/verify,wit-constr-diff,chunkedmul.circom,ChunkedMul,pp[112]:lt[19].in:out[19],Yes
zksolid-paper/benchmarks/ed25519-099d19c/verify,wit-constr-diff,chunkedmul.circom,ChunkedMul,pp[113]:lt[19].in:out[19],Yes
zksolid-paper/benchmarks/ed25519-099d19c/verify,wit-constr-diff,chunkedmul.circom,ChunkedMul,pp[114]:lt[19].in:out[19],Yes
zksolid-paper/benchmarks/ed25519-099d19c/verify,wit-constr-diff,chunkedmul.circom,ChunkedMul,pp[115]:lt[19].in:out[19],Yes
zksolid-paper/benchmarks/ed25519-099d19c/verify,wit-constr-diff,chunkedmul.circom,ChunkedMul,pp[116]:lt[19].in:out[19],Yes
zksolid-paper/benchmarks/ed25519-099d19c/verify,wit-constr-diff,chunkedmul.circom,ChunkedMul,pp[117]:lt[19].in:out[19],Yes
zksolid-paper/benchmarks/ed25519-099d19c/verify,wit-constr-diff,chunkedmul.circom,ChunkedMul,pp[118]:lt[19].in:out[19],Yes
zksolid-paper/benchmarks/ed25519-099d19c/verify,wit-constr-diff,chunkedmul.circom,ChunkedMul,pp[119]:lt[19].in:out[19],Yes
zksolid-paper/benchmarks/ed25519-099d19c/verify,wit-constr-diff,chunkedmul.circom,ChunkedMul,pp[11]:lt[12].in:out[12],Yes
zksolid-paper/benchmarks/ed25519-099d19c/verify,wit-constr-diff,chunkedmul.circom,ChunkedMul,pp[11]:lt[13].in:out[13],Yes
zksolid-paper/benchmarks/ed25519-099d19c/verify,wit-constr-diff,chunkedmul.circom,ChunkedMul,pp[11]:lt[14].in:out[14],Yes
zksolid-paper/benchmarks/ed25519-099d19c/verify,wit-constr-diff,chunkedmul.circom,ChunkedMul,pp[11]:lt[15].in:out[15],Yes
zksolid-paper/benchmarks/ed25519-099d19c/verify,wit-constr-diff,chunkedmul.circom,ChunkedMul,pp[11]:lt[16].in:out[16],Yes
zksolid-paper/benchmarks/ed25519-099d19c/verify,wit-constr-diff,chunkedmul.circom,ChunkedMul,pp[11]:lt[17].in:out[17],Yes
zksolid-paper/benchmarks/ed25519-099d19c/verify,wit-constr-diff,chunkedmul.circom,ChunkedMul,pp[11]:lt[19].in:out[19],Yes
zksolid-paper/benchmarks/ed25519-099d19c/verify,wit-constr-diff,chunkedmul.circom,ChunkedMul,pp[11]:lt[5].in:out[5],Yes
zksolid-paper/benchmarks/ed25519-099d19c/verify,wit-constr-diff,chunkedmul.circom,ChunkedMul,pp[11]:lt[8].in:out[8],Yes
zksolid-paper/benchmarks/ed25519-099d19c/verify,wit-constr-diff,chunkedmul.circom,ChunkedMul,pp[120]:lt[19].in:out[19],Yes
zksolid-paper/benchmarks/ed25519-099d19c/verify,wit-constr-diff,chunkedmul.circom,ChunkedMul,pp[121]:lt[19].in:out[19],Yes
zksolid-paper/benchmarks/ed25519-099d19c/verify,wit-constr-diff,chunkedmul.circom,ChunkedMul,pp[122]:lt[19].in:out[19],Yes
zksolid-paper/benchmarks/ed25519-099d19c/verify,wit-constr-diff,chunkedmul.circom,ChunkedMul,pp[123]:lt[19].in:out[19],Yes
zksolid-paper/benchmarks/ed25519-099d19c/verify,wit-constr-diff,chunkedmul.circom,ChunkedMul,pp[124]:lt[19].in:out[19],Yes
zksolid-paper/benchmarks/ed25519-099d19c/verify,wit-constr-diff,chunkedmul.circom,ChunkedMul,pp[125]:lt[19].in:out[19],Yes
zksolid-paper/benchmarks/ed25519-099d19c/verify,wit-constr-diff,chunkedmul.circom,ChunkedMul,pp[126]:lt[19].in:out[19],Yes
zksolid-paper/benchmarks/ed25519-099d19c/verify,wit-constr-diff,chunkedmul.circom,ChunkedMul,pp[127]:lt[19].in:out[19],Yes
zksolid-paper/benchmarks/ed25519-099d19c/verify,wit-constr-diff,chunkedmul.circom,ChunkedMul,pp[128]:lt[19].in:out[19],Yes
zksolid-paper/benchmarks/ed25519-099d19c/verify,wit-constr-diff,chunkedmul.circom,ChunkedMul,pp[129]:lt[19].in:out[19],Yes
zksolid-paper/benchmarks/ed25519-099d19c/verify,wit-constr-diff,chunkedmul.circom,ChunkedMul,pp[12]:lt[13].in:out[13],Yes
zksolid-paper/benchmarks/ed25519-099d19c/verify,wit-constr-diff,chunkedmul.circom,ChunkedMul,pp[12]:lt[14].in:out[14],Yes
zksolid-paper/benchmarks/ed25519-099d19c/verify,wit-constr-diff,chunkedmul.circom,ChunkedMul,pp[12]:lt[15].in:out[15],Yes
zksolid-paper/benchmarks/ed25519-099d19c/verify,wit-constr-diff,chunkedmul.circom,ChunkedMul,pp[12]:lt[16].in:out[16],Yes
zksolid-paper/benchmarks/ed25519-099d19c/verify,wit-constr-diff,chunkedmul.circom,ChunkedMul,pp[12]:lt[17].in:out[17],Yes
zksolid-paper/benchmarks/ed25519-099d19c/verify,wit-constr-diff,chunkedmul.circom,ChunkedMul,pp[12]:lt[19].in:out[19],Yes
zksolid-paper/benchmarks/ed25519-099d19c/verify,wit-constr-diff,chunkedmul.circom,ChunkedMul,pp[12]:lt[5].in:out[5],Yes
zksolid-paper/benchmarks/ed25519-099d19c/verify,wit-constr-diff,chunkedmul.circom,ChunkedMul,pp[12]:lt[8].in:out[8],Yes
zksolid-paper/benchmarks/ed25519-099d19c/verify,wit-constr-diff,chunkedmul.circom,ChunkedMul,pp[130]:lt[19].in:out[19],Yes
zksolid-paper/benchmarks/ed25519-099d19c/verify,wit-constr-diff,chunkedmul.circom,ChunkedMul,pp[131]:lt[19].in:out[19],Yes
zksolid-paper/benchmarks/ed25519-099d19c/verify,wit-constr-diff,chunkedmul.circom,ChunkedMul,pp[132]:lt[19].in:out[19],Yes
zksolid-paper/benchmarks/ed25519-099d19c/verify,wit-constr-diff,chunkedmul.circom,ChunkedMul,pp[133]:lt[19].in:out[19],Yes
zksolid-paper/benchmarks/ed25519-099d19c/verify,wit-constr-diff,chunkedmul.circom,ChunkedMul,pp[134]:lt[19].in:out[19],Yes
zksolid-paper/benchmarks/ed25519-099d19c/verify,wit-constr-diff,chunkedmul.circom,ChunkedMul,pp[135]:lt[19].in:out[19],Yes
zksolid-paper/benchmarks/ed25519-099d19c/verify,wit-constr-diff,chunkedmul.circom,ChunkedMul,pp[136]:lt[19].in:out[19],Yes
zksolid-paper/benchmarks/ed25519-099d19c/verify,wit-constr-diff,chunkedmul.circom,ChunkedMul,pp[137]:lt[19].in:out[19],Yes
zksolid-paper/benchmarks/ed25519-099d19c/verify,wit-constr-diff,chunkedmul.circom,ChunkedMul,pp[138]:lt[19].in:out[19],Yes
zksolid-paper/benchmarks/ed25519-099d19c/verify,wit-constr-diff,chunkedmul.circom,ChunkedMul,pp[139]:lt[19].in:out[19],Yes
zksolid-paper/benchmarks/ed25519-099d19c/verify,wit-constr-diff,chunkedmul.circom,ChunkedMul,pp[13]:lt[13].in:out[13],Yes
zksolid-paper/benchmarks/ed25519-099d19c/verify,wit-constr-diff,chunkedmul.circom,ChunkedMul,pp[13]:lt[14].in:out[14],Yes
zksolid-paper/benchmarks/ed25519-099d19c/verify,wit-constr-diff,chunkedmul.circom,ChunkedMul,pp[13]:lt[15].in:out[15],Yes
zksolid-paper/benchmarks/ed25519-099d19c/verify,wit-constr-diff,chunkedmul.circom,ChunkedMul,pp[13]:lt[16].in:out[16],Yes
zksolid-paper/benchmarks/ed25519-099d19c/verify,wit-constr-diff,chunkedmul.circom,ChunkedMul,pp[13]:lt[17].in:out[17],Yes
zksolid-paper/benchmarks/ed25519-099d19c/verify,wit-constr-diff,chunkedmul.circom,ChunkedMul,pp[13]:lt[19].in:out[19],Yes
zksolid-paper/benchmarks/ed25519-099d19c/verify,wit-constr-diff,chunkedmul.circom,ChunkedMul,pp[13]:lt[5].in:out[5],Yes
zksolid-paper/benchmarks/ed25519-099d19c/verify,wit-constr-diff,chunkedmul.circom,ChunkedMul,pp[13]:lt[8].in:out[8],Yes
zksolid-paper/benchmarks/ed25519-099d19c/verify,wit-constr-diff,chunkedmul.circom,ChunkedMul,pp[140]:lt[19].in:out[19],Yes
zksolid-paper/benchmarks/ed25519-099d19c/verify,wit-constr-diff,chunkedmul.circom,ChunkedMul,pp[141]:lt[19].in:out[19],Yes
zksolid-paper/benchmarks/ed25519-099d19c/verify,wit-constr-diff,chunkedmul.circom,ChunkedMul,pp[142]:lt[19].in:out[19],Yes
zksolid-paper/benchmarks/ed25519-099d19c/verify,wit-constr-diff,chunkedmul.circom,ChunkedMul,pp[143]:lt[19].in:out[19],Yes
zksolid-paper/benchmarks/ed25519-099d19c/verify,wit-constr-diff,chunkedmul.circom,ChunkedMul,pp[144]:lt[19].in:out[19],Yes
zksolid-paper/benchmarks/ed25519-099d19c/verify,wit-constr-diff,chunkedmul.circom,ChunkedMul,pp[145]:lt[19].in:out[19],Yes
zksolid-paper/benchmarks/ed25519-099d19c/verify,wit-constr-diff,chunkedmul.circom,ChunkedMul,pp[146]:lt[19].in:out[19],Yes
zksolid-paper/benchmarks/ed25519-099d19c/verify,wit-constr-diff,chunkedmul.circom,ChunkedMul,pp[147]:lt[19].in:out[19],Yes
zksolid-paper/benchmarks/ed25519-099d19c/verify,wit-constr-diff,chunkedmul.circom,ChunkedMul,pp[148]:lt[19].in:out[19],Yes
zksolid-paper/benchmarks/ed25519-099d19c/verify,wit-constr-diff,chunkedmul.circom,ChunkedMul,pp[149]:lt[19].in:out[19],Yes
zksolid-paper/benchmarks/ed25519-099d19c/verify,wit-constr-diff,chunkedmul.circom,ChunkedMul,pp[14]:lt[13].in:out[13],Yes
zksolid-paper/benchmarks/ed25519-099d19c/verify,wit-constr-diff,chunkedmul.circom,ChunkedMul,pp[14]:lt[15].in:out[15],Yes
zksolid-paper/benchmarks/ed25519-099d19c/verify,wit-constr-diff,chunkedmul.circom,ChunkedMul,pp[14]:lt[16].in:out[16],Yes
zksolid-paper/benchmarks/ed25519-099d19c/verify,wit-constr-diff,chunkedmul.circom,ChunkedMul,pp[14]:lt[17].in:out[17],Yes
zksolid-paper/benchmarks/ed25519-099d19c/verify,wit-constr-diff,chunkedmul.circom,ChunkedMul,pp[14]:lt[19].in:out[19],Yes
zksolid-paper/benchmarks/ed25519-099d19c/verify,wit-constr-diff,chunkedmul.circom,ChunkedMul,pp[14]:lt[5].in:out[5],Yes
zksolid-paper/benchmarks/ed25519-099d19c/verify,wit-constr-diff,chunkedmul.circom,ChunkedMul,pp[14]:lt[8].in:out[8],Yes
zksolid-paper/benchmarks/ed25519-099d19c/verify,wit-constr-diff,chunkedmul.circom,ChunkedMul,pp[150]:lt[19].in:out[19],Yes
zksolid-paper/benchmarks/ed25519-099d19c/verify,wit-constr-diff,chunkedmul.circom,ChunkedMul,pp[151]:lt[19].in:out[19],Yes
zksolid-paper/benchmarks/ed25519-099d19c/verify,wit-constr-diff,chunkedmul.circom,ChunkedMul,pp[152]:lt[19].in:out[19],Yes
zksolid-paper/benchmarks/ed25519-099d19c/verify,wit-constr-diff,chunkedmul.circom,ChunkedMul,pp[153]:lt[19].in:out[19],Yes
zksolid-paper/benchmarks/ed25519-099d19c/verify,wit-constr-diff,chunkedmul.circom,ChunkedMul,pp[154]:lt[19].in:out[19],Yes
zksolid-paper/benchmarks/ed25519-099d19c/verify,wit-constr-diff,chunkedmul.circom,ChunkedMul,pp[155]:lt[19].in:out[19],Yes
zksolid-paper/benchmarks/ed25519-099d19c/verify,wit-constr-diff,chunkedmul.circom,ChunkedMul,pp[156]:lt[19].in:out[19],Yes
zksolid-paper/benchmarks/ed25519-099d19c/verify,wit-constr-diff,chunkedmul.circom,ChunkedMul,pp[157]:lt[19].in:out[19],Yes
zksolid-paper/benchmarks/ed25519-099d19c/verify,wit-constr-diff,chunkedmul.circom,ChunkedMul,pp[158]:lt[19].in:out[19],Yes
zksolid-paper/benchmarks/ed25519-099d19c/verify,wit-constr-diff,chunkedmul.circom,ChunkedMul,pp[159]:lt[19].in:out[19],Yes
zksolid-paper/benchmarks/ed25519-099d19c/verify,wit-constr-diff,chunkedmul.circom,ChunkedMul,pp[15]:lt[13].in:out[13],Yes
zksolid-paper/benchmarks/ed25519-099d19c/verify,wit-constr-diff,chunkedmul.circom,ChunkedMul,pp[15]:lt[16].in:out[16],Yes
zksolid-paper/benchmarks/ed25519-099d19c/verify,wit-constr-diff,chunkedmul.circom,ChunkedMul,pp[15]:lt[17].in:out[17],Yes
zksolid-paper/benchmarks/ed25519-099d19c/verify,wit-constr-diff,chunkedmul.circom,ChunkedMul,pp[15]:lt[19].in:out[19],Yes
zksolid-paper/benchmarks/ed25519-099d19c/verify,wit-constr-diff,chunkedmul.circom,ChunkedMul,pp[15]:lt[8].in:out[8],Yes
zksolid-paper/benchmarks/ed25519-099d19c/verify,wit-constr-diff,chunkedmul.circom,ChunkedMul,pp[160]:lt[19].in:out[19],Yes
zksolid-paper/benchmarks/ed25519-099d19c/verify,wit-constr-diff,chunkedmul.circom,ChunkedMul,pp[161]:lt[19].in:out[19],Yes
zksolid-paper/benchmarks/ed25519-099d19c/verify,wit-constr-diff,chunkedmul.circom,ChunkedMul,pp[162]:lt[19].in:out[19],Yes
zksolid-paper/benchmarks/ed25519-099d19c/verify,wit-constr-diff,chunkedmul.circom,ChunkedMul,pp[163]:lt[19].in:out[19],Yes
zksolid-paper/benchmarks/ed25519-099d19c/verify,wit-constr-diff,chunkedmul.circom,ChunkedMul,pp[164]:lt[19].in:out[19],Yes
zksolid-paper/benchmarks/ed25519-099d19c/verify,wit-constr-diff,chunkedmul.circom,ChunkedMul,pp[165]:lt[19].in:out[19],Yes
zksolid-paper/benchmarks/ed25519-099d19c/verify,wit-constr-diff,chunkedmul.circom,ChunkedMul,pp[166]:lt[19].in:out[19],Yes
zksolid-paper/benchmarks/ed25519-099d19c/verify,wit-constr-diff,chunkedmul.circom,ChunkedMul,pp[167]:lt[19].in:out[19],Yes
zksolid-paper/benchmarks/ed25519-099d19c/verify,wit-constr-diff,chunkedmul.circom,ChunkedMul,pp[168]:lt[19].in:out[19],Yes
zksolid-paper/benchmarks/ed25519-099d19c/verify,wit-constr-diff,chunkedmul.circom,ChunkedMul,pp[169]:lt[19].in:out[19],Yes
zksolid-paper/benchmarks/ed25519-099d19c/verify,wit-constr-diff,chunkedmul.circom,ChunkedMul,pp[16]:lt[13].in:out[13],Yes
zksolid-paper/benchmarks/ed25519-099d19c/verify,wit-constr-diff,chunkedmul.circom,ChunkedMul,pp[16]:lt[16].in:out[16],Yes
zksolid-paper/benchmarks/ed25519-099d19c/verify,wit-constr-diff,chunkedmul.circom,ChunkedMul,pp[16]:lt[17].in:out[17],Yes
zksolid-paper/benchmarks/ed25519-099d19c/verify,wit-constr-diff,chunkedmul.circom,ChunkedMul,pp[16]:lt[19].in:out[19],Yes
zksolid-paper/benchmarks/ed25519-099d19c/verify,wit-constr-diff,chunkedmul.circom,ChunkedMul,pp[16]:lt[8].in:out[8],Yes
zksolid-paper/benchmarks/ed25519-099d19c/verify,wit-constr-diff,chunkedmul.circom,ChunkedMul,pp[170]:lt[19].in:out[19],Yes
zksolid-paper/benchmarks/ed25519-099d19c/verify,wit-constr-diff,chunkedmul.circom,ChunkedMul,pp[171]:lt[19].in:out[19],Yes
zksolid-paper/benchmarks/ed25519-099d19c/verify,wit-constr-diff,chunkedmul.circom,ChunkedMul,pp[172]:lt[19].in:out[19],Yes
zksolid-paper/benchmarks/ed25519-099d19c/verify,wit-constr-diff,chunkedmul.circom,ChunkedMul,pp[173]:lt[19].in:out[19],Yes
zksolid-paper/benchmarks/ed25519-099d19c/verify,wit-constr-diff,chunkedmul.circom,ChunkedMul,pp[174]:lt[19].in:out[19],Yes
zksolid-paper/benchmarks/ed25519-099d19c/verify,wit-constr-diff,chunkedmul.circom,ChunkedMul,pp[175]:lt[19].in:out[19],Yes
zksolid-paper/benchmarks/ed25519-099d19c/verify,wit-constr-diff,chunkedmul.circom,ChunkedMul,pp[176]:lt[19].in:out[19],Yes
zksolid-paper/benchmarks/ed25519-099d19c/verify,wit-constr-diff,chunkedmul.circom,ChunkedMul,pp[177]:lt[19].in:out[19],Yes
zksolid-paper/benchmarks/ed25519-099d19c/verify,wit-constr-diff,chunkedmul.circom,ChunkedMul,pp[178]:lt[19].in:out[19],Yes
zksolid-paper/benchmarks/ed25519-099d19c/verify,wit-constr-diff,chunkedmul.circom,ChunkedMul,pp[179]:lt[19].in:out[19],Yes
zksolid-paper/benchmarks/ed25519-099d19c/verify,wit-constr-diff,chunkedmul.circom,ChunkedMul,pp[17]:lt[13].in:out[13],Yes
zksolid-paper/benchmarks/ed25519-099d19c/verify,wit-constr-diff,chunkedmul.circom,ChunkedMul,pp[17]:lt[16].in:out[16],Yes
zksolid-paper/benchmarks/ed25519-099d19c/verify,wit-constr-diff,chunkedmul.circom,ChunkedMul,pp[17]:lt[19].in:out[19],Yes
zksolid-paper/benchmarks/ed25519-099d19c/verify,wit-constr-diff,chunkedmul.circom,ChunkedMul,pp[17]:lt[8].in:out[8],Yes
zksolid-paper/benchmarks/ed25519-099d19c/verify,wit-constr-diff,chunkedmul.circom,ChunkedMul,pp[180]:lt[19].in:out[19],Yes
zksolid-paper/benchmarks/ed25519-099d19c/verify,wit-constr-diff,chunkedmul.circom,ChunkedMul,pp[181]:lt[19].in:out[19],Yes
zksolid-paper/benchmarks/ed25519-099d19c/verify,wit-constr-diff,chunkedmul.circom,ChunkedMul,pp[182]:lt[19].in:out[19],Yes
zksolid-paper/benchmarks/ed25519-099d19c/verify,wit-constr-diff,chunkedmul.circom,ChunkedMul,pp[183]:lt[19].in:out[19],Yes
zksolid-paper/benchmarks/ed25519-099d19c/verify,wit-constr-diff,chunkedmul.circom,ChunkedMul,pp[184]:lt[19].in:out[19],Yes
zksolid-paper/benchmarks/ed25519-099d19c/verify,wit-constr-diff,chunkedmul.circom,ChunkedMul,pp[185]:lt[19].in:out[19],Yes
zksolid-paper/benchmarks/ed25519-099d19c/verify,wit-constr-diff,chunkedmul.circom,ChunkedMul,pp[186]:lt[19].in:out[19],Yes
zksolid-paper/benchmarks/ed25519-099d19c/verify,wit-constr-diff,chunkedmul.circom,ChunkedMul,pp[187]:lt[19].in:out[19],Yes
zksolid-paper/benchmarks/ed25519-099d19c/verify,wit-constr-diff,chunkedmul.circom,ChunkedMul,pp[188]:lt[19].in:out[19],Yes
zksolid-paper/benchmarks/ed25519-099d19c/verify,wit-constr-diff,chunkedmul.circom,ChunkedMul,pp[189]:lt[19].in:out[19],Yes
zksolid-paper/benchmarks/ed25519-099d19c/verify,wit-constr-diff,chunkedmul.circom,ChunkedMul,pp[18]:lt[13].in:out[13],Yes
zksolid-paper/benchmarks/ed25519-099d19c/verify,wit-constr-diff,chunkedmul.circom,ChunkedMul,pp[18]:lt[16].in:out[16],Yes
zksolid-paper/benchmarks/ed25519-099d19c/verify,wit-constr-diff,chunkedmul.circom,ChunkedMul,pp[18]:lt[19].in:out[19],Yes
zksolid-paper/benchmarks/ed25519-099d19c/verify,wit-constr-diff,chunkedmul.circom,ChunkedMul,pp[18]:lt[8].in:out[8],Yes
zksolid-paper/benchmarks/ed25519-099d19c/verify,wit-constr-diff,chunkedmul.circom,ChunkedMul,pp[19]:lt[13].in:out[13],Yes
zksolid-paper/benchmarks/ed25519-099d19c/verify,wit-constr-diff,chunkedmul.circom,ChunkedMul,pp[19]:lt[16].in:out[16],Yes
zksolid-paper/benchmarks/ed25519-099d19c/verify,wit-constr-diff,chunkedmul.circom,ChunkedMul,pp[19]:lt[19].in:out[19],Yes
zksolid-paper/benchmarks/ed25519-099d19c/verify,wit-constr-diff,chunkedmul.circom,ChunkedMul,pp[19]:lt[8].in:out[8],Yes
zksolid-paper/benchmarks/ed25519-099d19c/verify,wit-constr-diff,chunkedmul.circom,ChunkedMul,pp[1]:lt[10].in:out[10],Yes
zksolid-paper/benchmarks/ed25519-099d19c/verify,wit-constr-diff,chunkedmul.circom,ChunkedMul,pp[1]:lt[11].in:out[11],Yes
zksolid-paper/benchmarks/ed25519-099d19c/verify,wit-constr-diff,chunkedmul.circom,ChunkedMul,pp[1]:lt[12].in:out[12],Yes
zksolid-paper/benchmarks/ed25519-099d19c/verify,wit-constr-diff,chunkedmul.circom,ChunkedMul,pp[1]:lt[13].in:out[13],Yes
zksolid-paper/benchmarks/ed25519-099d19c/verify,wit-constr-diff,chunkedmul.circom,ChunkedMul,pp[1]:lt[14].in:out[14],Yes
zksolid-paper/benchmarks/ed25519-099d19c/verify,wit-constr-diff,chunkedmul.circom,ChunkedMul,pp[1]:lt[15].in:out[15],Yes
zksolid-paper/benchmarks/ed25519-099d19c/verify,wit-constr-diff,chunkedmul.circom,ChunkedMul,pp[1]:lt[16].in:out[16],Yes
zksolid-paper/benchmarks/ed25519-099d19c/verify,wit-constr-diff,chunkedmul.circom,ChunkedMul,pp[1]:lt[17].in:out[17],Yes
zksolid-paper/benchmarks/ed25519-099d19c/verify,wit-constr-diff,chunkedmul.circom,ChunkedMul,pp[1]:lt[19].in:out[19],Yes
zksolid-paper/benchmarks/ed25519-099d19c/verify,wit-constr-diff,chunkedmul.circom,ChunkedMul,pp[1]:lt[2].in:out[2],Yes
zksolid-paper/benchmarks/ed25519-099d19c/verify,wit-constr-diff,chunkedmul.circom,ChunkedMul,pp[1]:lt[3].in:out[3],Yes
zksolid-paper/benchmarks/ed25519-099d19c/verify,wit-constr-diff,chunkedmul.circom,ChunkedMul,pp[1]:lt[4].in:out[4],Yes
zksolid-paper/benchmarks/ed25519-099d19c/verify,wit-constr-diff,chunkedmul.circom,ChunkedMul,pp[1]:lt[5].in:out[5],Yes
zksolid-paper/benchmarks/ed25519-099d19c/verify,wit-constr-diff,chunkedmul.circom,ChunkedMul,pp[1]:lt[6].in:out[6],Yes
zksolid-paper/benchmarks/ed25519-099d19c/verify,wit-constr-diff,chunkedmul.circom,ChunkedMul,pp[1]:lt[7].in:out[7],Yes
zksolid-paper/benchmarks/ed25519-099d19c/verify,wit-constr-diff,chunkedmul.circom,ChunkedMul,pp[1]:lt[8].in:out[8],Yes
zksolid-paper/benchmarks/ed25519-099d19c/verify,wit-constr-diff,chunkedmul.circom,ChunkedMul,pp[1]:lt[9].in:out[9],Yes
zksolid-paper/benchmarks/ed25519-099d19c/verify,wit-constr-diff,chunkedmul.circom,ChunkedMul,pp[20]:lt[13].in:out[13],Yes
zksolid-paper/benchmarks/ed25519-099d19c/verify,wit-constr-diff,chunkedmul.circom,ChunkedMul,pp[20]:lt[16].in:out[16],Yes
zksolid-paper/benchmarks/ed25519-099d19c/verify,wit-constr-diff,chunkedmul.circom,ChunkedMul,pp[20]:lt[19].in:out[19],Yes
zksolid-paper/benchmarks/ed25519-099d19c/verify,wit-constr-diff,chunkedmul.circom,ChunkedMul,pp[20]:lt[8].in:out[8],Yes
zksolid-paper/benchmarks/ed25519-099d19c/verify,wit-constr-diff,chunkedmul.circom,ChunkedMul,pp[21]:lt[13].in:out[13],Yes
zksolid-paper/benchmarks/ed25519-099d19c/verify,wit-constr-diff,chunkedmul.circom,ChunkedMul,pp[21]:lt[16].in:out[16],Yes
zksolid-paper/benchmarks/ed25519-099d19c/verify,wit-constr-diff,chunkedmul.circom,ChunkedMul,pp[21]:lt[19].in:out[19],Yes
zksolid-paper/benchmarks/ed25519-099d19c/verify,wit-constr-diff,chunkedmul.circom,ChunkedMul,pp[21]:lt[8].in:out[8],Yes
zksolid-paper/benchmarks/ed25519-099d19c/verify,wit-constr-diff,chunkedmul.circom,ChunkedMul,pp[22]:lt[13].in:out[13],Yes
zksolid-paper/benchmarks/ed25519-099d19c/verify,wit-constr-diff,chunkedmul.circom,ChunkedMul,pp[22]:lt[16].in:out[16],Yes
zksolid-paper/benchmarks/ed25519-099d19c/verify,wit-constr-diff,chunkedmul.circom,ChunkedMul,pp[22]:lt[19].in:out[19],Yes
zksolid-paper/benchmarks/ed25519-099d19c/verify,wit-constr-diff,chunkedmul.circom,ChunkedMul,pp[22]:lt[8].in:out[8],Yes
zksolid-paper/benchmarks/ed25519-099d19c/verify,wit-constr-diff,chunkedmul.circom,ChunkedMul,pp[23]:lt[13].in:out[13],Yes
zksolid-paper/benchmarks/ed25519-099d19c/verify,wit-constr-diff,chunkedmul.circom,ChunkedMul,pp[23]:lt[16].in:out[16],Yes
zksolid-paper/benchmarks/ed25519-099d19c/verify,wit-constr-diff,chunkedmul.circom,ChunkedMul,pp[23]:lt[19].in:out[19],Yes
zksolid-paper/benchmarks/ed25519-099d19c/verify,wit-constr-diff,chunkedmul.circom,ChunkedMul,pp[23]:lt[8].in:out[8],Yes
zksolid-paper/benchmarks/ed25519-099d19c/verify,wit-constr-diff,chunkedmul.circom,ChunkedMul,pp[24]:lt[13].in:out[13],Yes
zksolid-paper/benchmarks/ed25519-099d19c/verify,wit-constr-diff,chunkedmul.circom,ChunkedMul,pp[24]:lt[16].in:out[16],Yes
zksolid-paper/benchmarks/ed25519-099d19c/verify,wit-constr-diff,chunkedmul.circom,ChunkedMul,pp[24]:lt[19].in:out[19],Yes
zksolid-paper/benchmarks/ed25519-099d19c/verify,wit-constr-diff,chunkedmul.circom,ChunkedMul,pp[25]:lt[13].in:out[13],Yes
zksolid-paper/benchmarks/ed25519-099d19c/verify,wit-constr-diff,chunkedmul.circom,ChunkedMul,pp[25]:lt[16].in:out[16],Yes
zksolid-paper/benchmarks/ed25519-099d19c/verify,wit-constr-diff,chunkedmul.circom,ChunkedMul,pp[25]:lt[19].in:out[19],Yes
zksolid-paper/benchmarks/ed25519-099d19c/verify,wit-constr-diff,chunkedmul.circom,ChunkedMul,pp[26]:lt[13].in:out[13],Yes
zksolid-paper/benchmarks/ed25519-099d19c/verify,wit-constr-diff,chunkedmul.circom,ChunkedMul,pp[26]:lt[16].in:out[16],Yes
zksolid-paper/benchmarks/ed25519-099d19c/verify,wit-constr-diff,chunkedmul.circom,ChunkedMul,pp[26]:lt[19].in:out[19],Yes
zksolid-paper/benchmarks/ed25519-099d19c/verify,wit-constr-diff,chunkedmul.circom,ChunkedMul,pp[27]:lt[13].in:out[13],Yes
zksolid-paper/benchmarks/ed25519-099d19c/verify,wit-constr-diff,chunkedmul.circom,ChunkedMul,pp[27]:lt[16].in:out[16],Yes
zksolid-paper/benchmarks/ed25519-099d19c/verify,wit-constr-diff,chunkedmul.circom,ChunkedMul,pp[27]:lt[19].in:out[19],Yes
zksolid-paper/benchmarks/ed25519-099d19c/verify,wit-constr-diff,chunkedmul.circom,ChunkedMul,pp[28]:lt[13].in:out[13],Yes
zksolid-paper/benchmarks/ed25519-099d19c/verify,wit-constr-diff,chunkedmul.circom,ChunkedMul,pp[28]:lt[16].in:out[16],Yes
zksolid-paper/benchmarks/ed25519-099d19c/verify,wit-constr-diff,chunkedmul.circom,ChunkedMul,pp[28]:lt[19].in:out[19],Yes
zksolid-paper/benchmarks/ed25519-099d19c/verify,wit-constr-diff,chunkedmul.circom,ChunkedMul,pp[29]:lt[13].in:out[13],Yes
zksolid-paper/benchmarks/ed25519-099d19c/verify,wit-constr-diff,chunkedmul.circom,ChunkedMul,pp[29]:lt[16].in:out[16],Yes
zksolid-paper/benchmarks/ed25519-099d19c/verify,wit-constr-diff,chunkedmul.circom,ChunkedMul,pp[29]:lt[19].in:out[19],Yes
zksolid-paper/benchmarks/ed25519-099d19c/verify,wit-constr-diff,chunkedmul.circom,ChunkedMul,pp[2]:lt[10].in:out[10],Yes
zksolid-paper/benchmarks/ed25519-099d19c/verify,wit-constr-diff,chunkedmul.circom,ChunkedMul,pp[2]:lt[11].in:out[11],Yes
zksolid-paper/benchmarks/ed25519-099d19c/verify,wit-constr-diff,chunkedmul.circom,ChunkedMul,pp[2]:lt[12].in:out[12],Yes
zksolid-paper/benchmarks/ed25519-099d19c/verify,wit-constr-diff,chunkedmul.circom,ChunkedMul,pp[2]:lt[13].in:out[13],Yes
zksolid-paper/benchmarks/ed25519-099d19c/verify,wit-constr-diff,chunkedmul.circom,ChunkedMul,pp[2]:lt[14].in:out[14],Yes
zksolid-paper/benchmarks/ed25519-099d19c/verify,wit-constr-diff,chunkedmul.circom,ChunkedMul,pp[2]:lt[15].in:out[15],Yes
zksolid-paper/benchmarks/ed25519-099d19c/verify,wit-constr-diff,chunkedmul.circom,ChunkedMul,pp[2]:lt[16].in:out[16],Yes
zksolid-paper/benchmarks/ed25519-099d19c/verify,wit-constr-diff,chunkedmul.circom,ChunkedMul,pp[2]:lt[17].in:out[17],Yes
zksolid-paper/benchmarks/ed25519-099d19c/verify,wit-constr-diff,chunkedmul.circom,ChunkedMul,pp[2]:lt[19].in:out[19],Yes
zksolid-paper/benchmarks/ed25519-099d19c/verify,wit-constr-diff,chunkedmul.circom,ChunkedMul,pp[2]:lt[3].in:out[3],Yes
zksolid-paper/benchmarks/ed25519-099d19c/verify,wit-constr-diff,chunkedmul.circom,ChunkedMul,pp[2]:lt[4].in:out[4],Yes
zksolid-paper/benchmarks/ed25519-099d19c/verify,wit-constr-diff,chunkedmul.circom,ChunkedMul,pp[2]:lt[5].in:out[5],Yes
zksolid-paper/benchmarks/ed25519-099d19c/verify,wit-constr-diff,chunkedmul.circom,ChunkedMul,pp[2]:lt[6].in:out[6],Yes
zksolid-paper/benchmarks/ed25519-099d19c/verify,wit-constr-diff,chunkedmul.circom,ChunkedMul,pp[2]:lt[7].in:out[7],Yes
zksolid-paper/benchmarks/ed25519-099d19c/verify,wit-constr-diff,chunkedmul.circom,ChunkedMul,pp[2]:lt[8].in:out[8],Yes
zksolid-paper/benchmarks/ed25519-099d19c/verify,wit-constr-diff,chunkedmul.circom,ChunkedMul,pp[2]:lt[9].in:out[9],Yes
zksolid-paper/benchmarks/ed25519-099d19c/verify,wit-constr-diff,chunkedmul.circom,ChunkedMul,pp[30]:lt[13].in:out[13],Yes
zksolid-paper/benchmarks/ed25519-099d19c/verify,wit-constr-diff,chunkedmul.circom,ChunkedMul,pp[30]:lt[16].in:out[16],Yes
zksolid-paper/benchmarks/ed25519-099d19c/verify,wit-constr-diff,chunkedmul.circom,ChunkedMul,pp[30]:lt[19].in:out[19],Yes
zksolid-paper/benchmarks/ed25519-099d19c/verify,wit-constr-diff,chunkedmul.circom,ChunkedMul,pp[31]:lt[13].in:out[13],Yes
zksolid-paper/benchmarks/ed25519-099d19c/verify,wit-constr-diff,chunkedmul.circom,ChunkedMul,pp[31]:lt[16].in:out[16],Yes
zksolid-paper/benchmarks/ed25519-099d19c/verify,wit-constr-diff,chunkedmul.circom,ChunkedMul,pp[31]:lt[19].in:out[19],Yes
zksolid-paper/benchmarks/ed25519-099d19c/verify,wit-constr-diff,chunkedmul.circom,ChunkedMul,pp[32]:lt[13].in:out[13],Yes
zksolid-paper/benchmarks/ed25519-099d19c/verify,wit-constr-diff,chunkedmul.circom,ChunkedMul,pp[32]:lt[16].in:out[16],Yes
zksolid-paper/benchmarks/ed25519-099d19c/verify,wit-constr-diff,chunkedmul.circom,ChunkedMul,pp[32]:lt[19].in:out[19],Yes
zksolid-paper/benchmarks/ed25519-099d19c/verify,wit-constr-diff,chunkedmul.circom,ChunkedMul,pp[33]:lt[13].in:out[13],Yes
zksolid-paper/benchmarks/ed25519-099d19c/verify,wit-constr-diff,chunkedmul.circom,ChunkedMul,pp[33]:lt[16].in:out[16],Yes
zksolid-paper/benchmarks/ed25519-099d19c/verify,wit-constr-diff,chunkedmul.circom,ChunkedMul,pp[33]:lt[19].in:out[19],Yes
zksolid-paper/benchmarks/ed25519-099d19c/verify,wit-constr-diff,chunkedmul.circom,ChunkedMul,pp[34]:lt[13].in:out[13],Yes
zksolid-paper/benchmarks/ed25519-099d19c/verify,wit-constr-diff,chunkedmul.circom,ChunkedMul,pp[34]:lt[16].in:out[16],Yes
zksolid-paper/benchmarks/ed25519-099d19c/verify,wit-constr-diff,chunkedmul.circom,ChunkedMul,pp[34]:lt[19].in:out[19],Yes
zksolid-paper/benchmarks/ed25519-099d19c/verify,wit-constr-diff,chunkedmul.circom,ChunkedMul,pp[35]:lt[13].in:out[13],Yes
zksolid-paper/benchmarks/ed25519-099d19c/verify,wit-constr-diff,chunkedmul.circom,ChunkedMul,pp[35]:lt[16].in:out[16],Yes
zksolid-paper/benchmarks/ed25519-099d19c/verify,wit-constr-diff,chunkedmul.circom,ChunkedMul,pp[35]:lt[19].in:out[19],Yes
zksolid-paper/benchmarks/ed25519-099d19c/verify,wit-constr-diff,chunkedmul.circom,ChunkedMul,pp[36]:lt[13].in:out[13],Yes
zksolid-paper/benchmarks/ed25519-099d19c/verify,wit-constr-diff,chunkedmul.circom,ChunkedMul,pp[36]:lt[16].in:out[16],Yes
zksolid-paper/benchmarks/ed25519-099d19c/verify,wit-constr-diff,chunkedmul.circom,ChunkedMul,pp[36]:lt[19].in:out[19],Yes
zksolid-paper/benchmarks/ed25519-099d19c/verify,wit-constr-diff,chunkedmul.circom,ChunkedMul,pp[37]:lt[13].in:out[13],Yes
zksolid-paper/benchmarks/ed25519-099d19c/verify,wit-constr-diff,chunkedmul.circom,ChunkedMul,pp[37]:lt[16].in:out[16],Yes
zksolid-paper/benchmarks/ed25519-099d19c/verify,wit-constr-diff,chunkedmul.circom,ChunkedMul,pp[37]:lt[19].in:out[19],Yes
zksolid-paper/benchmarks/ed25519-099d19c/verify,wit-constr-diff,chunkedmul.circom,ChunkedMul,pp[38]:lt[13].in:out[13],Yes
zksolid-paper/benchmarks/ed25519-099d19c/verify,wit-constr-diff,chunkedmul.circom,ChunkedMul,pp[38]:lt[16].in:out[16],Yes
zksolid-paper/benchmarks/ed25519-099d19c/verify,wit-constr-diff,chunkedmul.circom,ChunkedMul,pp[38]:lt[19].in:out[19],Yes
zksolid-paper/benchmarks/ed25519-099d19c/verify,wit-constr-diff,chunkedmul.circom,ChunkedMul,pp[39]:lt[13].in:out[13],Yes
zksolid-paper/benchmarks/ed25519-099d19c/verify,wit-constr-diff,chunkedmul.circom,ChunkedMul,pp[39]:lt[16].in:out[16],Yes
zksolid-paper/benchmarks/ed25519-099d19c/verify,wit-constr-diff,chunkedmul.circom,ChunkedMul,pp[39]:lt[19].in:out[19],Yes
zksolid-paper/benchmarks/ed25519-099d19c/verify,wit-constr-diff,chunkedmul.circom,ChunkedMul,pp[3]:lt[10].in:out[10],Yes
zksolid-paper/benchmarks/ed25519-099d19c/verify,wit-constr-diff,chunkedmul.circom,ChunkedMul,pp[3]:lt[11].in:out[11],Yes
zksolid-paper/benchmarks/ed25519-099d19c/verify,wit-constr-diff,chunkedmul.circom,ChunkedMul,pp[3]:lt[12].in:out[12],Yes
zksolid-paper/benchmarks/ed25519-099d19c/verify,wit-constr-diff,chunkedmul.circom,ChunkedMul,pp[3]:lt[13].in:out[13],Yes
zksolid-paper/benchmarks/ed25519-099d19c/verify,wit-constr-diff,chunkedmul.circom,ChunkedMul,pp[3]:lt[14].in:out[14],Yes
zksolid-paper/benchmarks/ed25519-099d19c/verify,wit-constr-diff,chunkedmul.circom,ChunkedMul,pp[3]:lt[15].in:out[15],Yes
zksolid-paper/benchmarks/ed25519-099d19c/verify,wit-constr-diff,chunkedmul.circom,ChunkedMul,pp[3]:lt[16].in:out[16],Yes
zksolid-paper/benchmarks/ed25519-099d19c/verify,wit-constr-diff,chunkedmul.circom,ChunkedMul,pp[3]:lt[17].in:out[17],Yes
zksolid-paper/benchmarks/ed25519-099d19c/verify,wit-constr-diff,chunkedmul.circom,ChunkedMul,pp[3]:lt[19].in:out[19],Yes
zksolid-paper/benchmarks/ed25519-099d19c/verify,wit-constr-diff,chunkedmul.circom,ChunkedMul,pp[3]:lt[4].in:out[4],Yes
zksolid-paper/benchmarks/ed25519-099d19c/verify,wit-constr-diff,chunkedmul.circom,ChunkedMul,pp[3]:lt[5].in:out[5],Yes
zksolid-paper/benchmarks/ed25519-099d19c/verify,wit-constr-diff,chunkedmul.circom,ChunkedMul,pp[3]:lt[6].in:out[6],Yes
zksolid-paper/benchmarks/ed25519-099d19c/verify,wit-constr-diff,chunkedmul.circom,ChunkedMul,pp[3]:lt[7].in:out[7],Yes
zksolid-paper/benchmarks/ed25519-099d19c/verify,wit-constr-diff,chunkedmul.circom,ChunkedMul,pp[3]:lt[8].in:out[8],Yes
zksolid-paper/benchmarks/ed25519-099d19c/verify,wit-constr-diff,chunkedmul.circom,ChunkedMul,pp[3]:lt[9].in:out[9],Yes
zksolid-paper/benchmarks/ed25519-099d19c/verify,wit-constr-diff,chunkedmul.circom,ChunkedMul,pp[40]:lt[13].in:out[13],Yes
zksolid-paper/benchmarks/ed25519-099d19c/verify,wit-constr-diff,chunkedmul.circom,ChunkedMul,pp[40]:lt[16].in:out[16],Yes
zksolid-paper/benchmarks/ed25519-099d19c/verify,wit-constr-diff,chunkedmul.circom,ChunkedMul,pp[40]:lt[19].in:out[19],Yes
zksolid-paper/benchmarks/ed25519-099d19c/verify,wit-constr-diff,chunkedmul.circom,ChunkedMul,pp[41]:lt[13].in:out[13],Yes
zksolid-paper/benchmarks/ed25519-099d19c/verify,wit-constr-diff,chunkedmul.circom,ChunkedMul,pp[41]:lt[16].in:out[16],Yes
zksolid-paper/benchmarks/ed25519-099d19c/verify,wit-constr-diff,chunkedmul.circom,ChunkedMul,pp[41]:lt[19].in:out[19],Yes
zksolid-paper/benchmarks/ed25519-099d19c/verify,wit-constr-diff,chunkedmul.circom,ChunkedMul,pp[42]:lt[13].in:out[13],Yes
zksolid-paper/benchmarks/ed25519-099d19c/verify,wit-constr-diff,chunkedmul.circom,ChunkedMul,pp[42]:lt[16].in:out[16],Yes
zksolid-paper/benchmarks/ed25519-099d19c/verify,wit-constr-diff,chunkedmul.circom,ChunkedMul,pp[42]:lt[19].in:out[19],Yes
zksolid-paper/benchmarks/ed25519-099d19c/verify,wit-constr-diff,chunkedmul.circom,ChunkedMul,pp[43]:lt[13].in:out[13],Yes
zksolid-paper/benchmarks/ed25519-099d19c/verify,wit-constr-diff,chunkedmul.circom,ChunkedMul,pp[43]:lt[16].in:out[16],Yes
zksolid-paper/benchmarks/ed25519-099d19c/verify,wit-constr-diff,chunkedmul.circom,ChunkedMul,pp[43]:lt[19].in:out[19],Yes
zksolid-paper/benchmarks/ed25519-099d19c/verify,wit-constr-diff,chunkedmul.circom,ChunkedMul,pp[44]:lt[13].in:out[13],Yes
zksolid-paper/benchmarks/ed25519-099d19c/verify,wit-constr-diff,chunkedmul.circom,ChunkedMul,pp[44]:lt[16].in:out[16],Yes
zksolid-paper/benchmarks/ed25519-099d19c/verify,wit-constr-diff,chunkedmul.circom,ChunkedMul,pp[44]:lt[19].in:out[19],Yes
zksolid-paper/benchmarks/ed25519-099d19c/verify,wit-constr-diff,chunkedmul.circom,ChunkedMul,pp[45]:lt[13].in:out[13],Yes
zksolid-paper/benchmarks/ed25519-099d19c/verify,wit-constr-diff,chunkedmul.circom,ChunkedMul,pp[45]:lt[16].in:out[16],Yes
zksolid-paper/benchmarks/ed25519-099d19c/verify,wit-constr-diff,chunkedmul.circom,ChunkedMul,pp[45]:lt[19].in:out[19],Yes
zksolid-paper/benchmarks/ed25519-099d19c/verify,wit-constr-diff,chunkedmul.circom,ChunkedMul,pp[46]:lt[13].in:out[13],Yes
zksolid-paper/benchmarks/ed25519-099d19c/verify,wit-constr-diff,chunkedmul.circom,ChunkedMul,pp[46]:lt[16].in:out[16],Yes
zksolid-paper/benchmarks/ed25519-099d19c/verify,wit-constr-diff,chunkedmul.circom,ChunkedMul,pp[46]:lt[19].in:out[19],Yes
zksolid-paper/benchmarks/ed25519-099d19c/verify,wit-constr-diff,chunkedmul.circom,ChunkedMul,pp[47]:lt[13].in:out[13],Yes
zksolid-paper/benchmarks/ed25519-099d19c/verify,wit-constr-diff,chunkedmul.circom,ChunkedMul,pp[47]:lt[16].in:out[16],Yes
zksolid-paper/benchmarks/ed25519-099d19c/verify,wit-constr-diff,chunkedmul.circom,ChunkedMul,pp[47]:lt[19].in:out[19],Yes
zksolid-paper/benchmarks/ed25519-099d19c/verify,wit-constr-diff,chunkedmul.circom,ChunkedMul,pp[48]:lt[13].in:out[13],Yes
zksolid-paper/benchmarks/ed25519-099d19c/verify,wit-constr-diff,chunkedmul.circom,ChunkedMul,pp[48]:lt[16].in:out[16],Yes
zksolid-paper/benchmarks/ed25519-099d19c/verify,wit-constr-diff,chunkedmul.circom,ChunkedMul,pp[48]:lt[19].in:out[19],Yes
zksolid-paper/benchmarks/ed25519-099d19c/verify,wit-constr-diff,chunkedmul.circom,ChunkedMul,pp[49]:lt[13].in:out[13],Yes
zksolid-paper/benchmarks/ed25519-099d19c/verify,wit-constr-diff,chunkedmul.circom,ChunkedMul,pp[49]:lt[16].in:out[16],Yes
zksolid-paper/benchmarks/ed25519-099d19c/verify,wit-constr-diff,chunkedmul.circom,ChunkedMul,pp[49]:lt[19].in:out[19],Yes
zksolid-paper/benchmarks/ed25519-099d19c/verify,wit-constr-diff,chunkedmul.circom,ChunkedMul,pp[4]:lt[10].in:out[10],Yes
zksolid-paper/benchmarks/ed25519-099d19c/verify,wit-constr-diff,chunkedmul.circom,ChunkedMul,pp[4]:lt[11].in:out[11],Yes
zksolid-paper/benchmarks/ed25519-099d19c/verify,wit-constr-diff,chunkedmul.circom,ChunkedMul,pp[4]:lt[12].in:out[12],Yes
zksolid-paper/benchmarks/ed25519-099d19c/verify,wit-constr-diff,chunkedmul.circom,ChunkedMul,pp[4]:lt[13].in:out[13],Yes
zksolid-paper/benchmarks/ed25519-099d19c/verify,wit-constr-diff,chunkedmul.circom,ChunkedMul,pp[4]:lt[14].in:out[14],Yes
zksolid-paper/benchmarks/ed25519-099d19c/verify,wit-constr-diff,chunkedmul.circom,ChunkedMul,pp[4]:lt[15].in:out[15],Yes
zksolid-paper/benchmarks/ed25519-099d19c/verify,wit-constr-diff,chunkedmul.circom,ChunkedMul,pp[4]:lt[16].in:out[16],Yes
zksolid-paper/benchmarks/ed25519-099d19c/verify,wit-constr-diff,chunkedmul.circom,ChunkedMul,pp[4]:lt[17].in:out[17],Yes
zksolid-paper/benchmarks/ed25519-099d19c/verify,wit-constr-diff,chunkedmul.circom,ChunkedMul,pp[4]:lt[19].in:out[19],Yes
zksolid-paper/benchmarks/ed25519-099d19c/verify,wit-constr-diff,chunkedmul.circom,ChunkedMul,pp[4]:lt[5].in:out[5],Yes
zksolid-paper/benchmarks/ed25519-099d19c/verify,wit-constr-diff,chunkedmul.circom,ChunkedMul,pp[4]:lt[6].in:out[6],Yes
zksolid-paper/benchmarks/ed25519-099d19c/verify,wit-constr-diff,chunkedmul.circom,ChunkedMul,pp[4]:lt[7].in:out[7],Yes
zksolid-paper/benchmarks/ed25519-099d19c/verify,wit-constr-diff,chunkedmul.circom,ChunkedMul,pp[4]:lt[8].in:out[8],Yes
zksolid-paper/benchmarks/ed25519-099d19c/verify,wit-constr-diff,chunkedmul.circom,ChunkedMul,pp[4]:lt[9].in:out[9],Yes
zksolid-paper/benchmarks/ed25519-099d19c/verify,wit-constr-diff,chunkedmul.circom,ChunkedMul,pp[50]:lt[13].in:out[13],Yes
zksolid-paper/benchmarks/ed25519-099d19c/verify,wit-constr-diff,chunkedmul.circom,ChunkedMul,pp[50]:lt[16].in:out[16],Yes
zksolid-paper/benchmarks/ed25519-099d19c/verify,wit-constr-diff,chunkedmul.circom,ChunkedMul,pp[50]:lt[19].in:out[19],Yes
zksolid-paper/benchmarks/ed25519-099d19c/verify,wit-constr-diff,chunkedmul.circom,ChunkedMul,pp[51]:lt[13].in:out[13],Yes
zksolid-paper/benchmarks/ed25519-099d19c/verify,wit-constr-diff,chunkedmul.circom,ChunkedMul,pp[51]:lt[16].in:out[16],Yes
zksolid-paper/benchmarks/ed25519-099d19c/verify,wit-constr-diff,chunkedmul.circom,ChunkedMul,pp[51]:lt[19].in:out[19],Yes
zksolid-paper/benchmarks/ed25519-099d19c/verify,wit-constr-diff,chunkedmul.circom,ChunkedMul,pp[52]:lt[13].in:out[13],Yes
zksolid-paper/benchmarks/ed25519-099d19c/verify,wit-constr-diff,chunkedmul.circom,ChunkedMul,pp[52]:lt[16].in:out[16],Yes
zksolid-paper/benchmarks/ed25519-099d19c/verify,wit-constr-diff,chunkedmul.circom,ChunkedMul,pp[52]:lt[19].in:out[19],Yes
zksolid-paper/benchmarks/ed25519-099d19c/verify,wit-constr-diff,chunkedmul.circom,ChunkedMul,pp[53]:lt[13].in:out[13],Yes
zksolid-paper/benchmarks/ed25519-099d19c/verify,wit-constr-diff,chunkedmul.circom,ChunkedMul,pp[53]:lt[16].in:out[16],Yes
zksolid-paper/benchmarks/ed25519-099d19c/verify,wit-constr-diff,chunkedmul.circom,ChunkedMul,pp[53]:lt[19].in:out[19],Yes
zksolid-paper/benchmarks/ed25519-099d19c/verify,wit-constr-diff,chunkedmul.circom,ChunkedMul,pp[54]:lt[13].in:out[13],Yes
zksolid-paper/benchmarks/ed25519-099d19c/verify,wit-constr-diff,chunkedmul.circom,ChunkedMul,pp[54]:lt[16].in:out[16],Yes
zksolid-paper/benchmarks/ed25519-099d19c/verify,wit-constr-diff,chunkedmul.circom,ChunkedMul,pp[54]:lt[19].in:out[19],Yes
zksolid-paper/benchmarks/ed25519-099d19c/verify,wit-constr-diff,chunkedmul.circom,ChunkedMul,pp[55]:lt[13].in:out[13],Yes
zksolid-paper/benchmarks/ed25519-099d19c/verify,wit-constr-diff,chunkedmul.circom,ChunkedMul,pp[55]:lt[16].in:out[16],Yes
zksolid-paper/benchmarks/ed25519-099d19c/verify,wit-constr-diff,chunkedmul.circom,ChunkedMul,pp[55]:lt[19].in:out[19],Yes
zksolid-paper/benchmarks/ed25519-099d19c/verify,wit-constr-diff,chunkedmul.circom,ChunkedMul,pp[56]:lt[13].in:out[13],Yes
zksolid-paper/benchmarks/ed25519-099d19c/verify,wit-constr-diff,chunkedmul.circom,ChunkedMul,pp[56]:lt[16].in:out[16],Yes
zksolid-paper/benchmarks/ed25519-099d19c/verify,wit-constr-diff,chunkedmul.circom,ChunkedMul,pp[56]:lt[19].in:out[19],Yes
zksolid-paper/benchmarks/ed25519-099d19c/verify,wit-constr-diff,chunkedmul.circom,ChunkedMul,pp[57]:lt[13].in:out[13],Yes
zksolid-paper/benchmarks/ed25519-099d19c/verify,wit-constr-diff,chunkedmul.circom,ChunkedMul,pp[57]:lt[16].in:out[16],Yes
zksolid-paper/benchmarks/ed25519-099d19c/verify,wit-constr-diff,chunkedmul.circom,ChunkedMul,pp[57]:lt[19].in:out[19],Yes
zksolid-paper/benchmarks/ed25519-099d19c/verify,wit-constr-diff,chunkedmul.circom,ChunkedMul,pp[58]:lt[13].in:out[13],Yes
zksolid-paper/benchmarks/ed25519-099d19c/verify,wit-constr-diff,chunkedmul.circom,ChunkedMul,pp[58]:lt[16].in:out[16],Yes
zksolid-paper/benchmarks/ed25519-099d19c/verify,wit-constr-diff,chunkedmul.circom,ChunkedMul,pp[58]:lt[19].in:out[19],Yes
zksolid-paper/benchmarks/ed25519-099d19c/verify,wit-constr-diff,chunkedmul.circom,ChunkedMul,pp[59]:lt[13].in:out[13],Yes
zksolid-paper/benchmarks/ed25519-099d19c/verify,wit-constr-diff,chunkedmul.circom,ChunkedMul,pp[59]:lt[16].in:out[16],Yes
zksolid-paper/benchmarks/ed25519-099d19c/verify,wit-constr-diff,chunkedmul.circom,ChunkedMul,pp[59]:lt[19].in:out[19],Yes
zksolid-paper/benchmarks/ed25519-099d19c/verify,wit-constr-diff,chunkedmul.circom,ChunkedMul,pp[5]:lt[10].in:out[10],Yes
zksolid-paper/benchmarks/ed25519-099d19c/verify,wit-constr-diff,chunkedmul.circom,ChunkedMul,pp[5]:lt[11].in:out[11],Yes
zksolid-paper/benchmarks/ed25519-099d19c/verify,wit-constr-diff,chunkedmul.circom,ChunkedMul,pp[5]:lt[12].in:out[12],Yes
zksolid-paper/benchmarks/ed25519-099d19c/verify,wit-constr-diff,chunkedmul.circom,ChunkedMul,pp[5]:lt[13].in:out[13],Yes
zksolid-paper/benchmarks/ed25519-099d19c/verify,wit-constr-diff,chunkedmul.circom,ChunkedMul,pp[5]:lt[14].in:out[14],Yes
zksolid-paper/benchmarks/ed25519-099d19c/verify,wit-constr-diff,chunkedmul.circom,ChunkedMul,pp[5]:lt[15].in:out[15],Yes
zksolid-paper/benchmarks/ed25519-099d19c/verify,wit-constr-diff,chunkedmul.circom,ChunkedMul,pp[5]:lt[16].in:out[16],Yes
zksolid-paper/benchmarks/ed25519-099d19c/verify,wit-constr-diff,chunkedmul.circom,ChunkedMul,pp[5]:lt[17].in:out[17],Yes
zksolid-paper/benchmarks/ed25519-099d19c/verify,wit-constr-diff,chunkedmul.circom,ChunkedMul,pp[5]:lt[19].in:out[19],Yes
zksolid-paper/benchmarks/ed25519-099d19c/verify,wit-constr-diff,chunkedmul.circom,ChunkedMul,pp[5]:lt[5].in:out[5],Yes
zksolid-paper/benchmarks/ed25519-099d19c/verify,wit-constr-diff,chunkedmul.circom,ChunkedMul,pp[5]:lt[6].in:out[6],Yes
zksolid-paper/benchmarks/ed25519-099d19c/verify,wit-constr-diff,chunkedmul.circom,ChunkedMul,pp[5]:lt[7].in:out[7],Yes
zksolid-paper/benchmarks/ed25519-099d19c/verify,wit-constr-diff,chunkedmul.circom,ChunkedMul,pp[5]:lt[8].in:out[8],Yes
zksolid-paper/benchmarks/ed25519-099d19c/verify,wit-constr-diff,chunkedmul.circom,ChunkedMul,pp[5]:lt[9].in:out[9],Yes
zksolid-paper/benchmarks/ed25519-099d19c/verify,wit-constr-diff,chunkedmul.circom,ChunkedMul,pp[60]:lt[13].in:out[13],Yes
zksolid-paper/benchmarks/ed25519-099d19c/verify,wit-constr-diff,chunkedmul.circom,ChunkedMul,pp[60]:lt[16].in:out[16],Yes
zksolid-paper/benchmarks/ed25519-099d19c/verify,wit-constr-diff,chunkedmul.circom,ChunkedMul,pp[60]:lt[19].in:out[19],Yes
zksolid-paper/benchmarks/ed25519-099d19c/verify,wit-constr-diff,chunkedmul.circom,ChunkedMul,pp[61]:lt[13].in:out[13],Yes
zksolid-paper/benchmarks/ed25519-099d19c/verify,wit-constr-diff,chunkedmul.circom,ChunkedMul,pp[61]:lt[16].in:out[16],Yes
zksolid-paper/benchmarks/ed25519-099d19c/verify,wit-constr-diff,chunkedmul.circom,ChunkedMul,pp[61]:lt[19].in:out[19],Yes
zksolid-paper/benchmarks/ed25519-099d19c/verify,wit-constr-diff,chunkedmul.circom,ChunkedMul,pp[62]:lt[13].in:out[13],Yes
zksolid-paper/benchmarks/ed25519-099d19c/verify,wit-constr-diff,chunkedmul.circom,ChunkedMul,pp[62]:lt[16].in:out[16],Yes
zksolid-paper/benchmarks/ed25519-099d19c/verify,wit-constr-diff,chunkedmul.circom,ChunkedMul,pp[62]:lt[19].in:out[19],Yes
zksolid-paper/benchmarks/ed25519-099d19c/verify,wit-constr-diff,chunkedmul.circom,ChunkedMul,pp[63]:lt[13].in:out[13],Yes
zksolid-paper/benchmarks/ed25519-099d19c/verify,wit-constr-diff,chunkedmul.circom,ChunkedMul,pp[63]:lt[16].in:out[16],Yes
zksolid-paper/benchmarks/ed25519-099d19c/verify,wit-constr-diff,chunkedmul.circom,ChunkedMul,pp[63]:lt[19].in:out[19],Yes
zksolid-paper/benchmarks/ed25519-099d19c/verify,wit-constr-diff,chunkedmul.circom,ChunkedMul,pp[64]:lt[13].in:out[13],Yes
zksolid-paper/benchmarks/ed25519-099d19c/verify,wit-constr-diff,chunkedmul.circom,ChunkedMul,pp[64]:lt[16].in:out[16],Yes
zksolid-paper/benchmarks/ed25519-099d19c/verify,wit-constr-diff,chunkedmul.circom,ChunkedMul,pp[64]:lt[19].in:out[19],Yes
zksolid-paper/benchmarks/ed25519-099d19c/verify,wit-constr-diff,chunkedmul.circom,ChunkedMul,pp[65]:lt[13].in:out[13],Yes
zksolid-paper/benchmarks/ed25519-099d19c/verify,wit-constr-diff,chunkedmul.circom,ChunkedMul,pp[65]:lt[16].in:out[16],Yes
zksolid-paper/benchmarks/ed25519-099d19c/verify,wit-constr-diff,chunkedmul.circom,ChunkedMul,pp[65]:lt[19].in:out[19],Yes
zksolid-paper/benchmarks/ed25519-099d19c/verify,wit-constr-diff,chunkedmul.circom,ChunkedMul,pp[66]:lt[13].in:out[13],Yes
zksolid-paper/benchmarks/ed25519-099d19c/verify,wit-constr-diff,chunkedmul.circom,ChunkedMul,pp[66]:lt[16].in:out[16],Yes
zksolid-paper/benchmarks/ed25519-099d19c/verify,wit-constr-diff,chunkedmul.circom,ChunkedMul,pp[66]:lt[19].in:out[19],Yes
zksolid-paper/benchmarks/ed25519-099d19c/verify,wit-constr-diff,chunkedmul.circom,ChunkedMul,pp[67]:lt[13].in:out[13],Yes
zksolid-paper/benchmarks/ed25519-099d19c/verify,wit-constr-diff,chunkedmul.circom,ChunkedMul,pp[67]:lt[16].in:out[16],Yes
zksolid-paper/benchmarks/ed25519-099d19c/verify,wit-constr-diff,chunkedmul.circom,ChunkedMul,pp[67]:lt[19].in:out[19],Yes
zksolid-paper/benchmarks/ed25519-099d19c/verify,wit-constr-diff,chunkedmul.circom,ChunkedMul,pp[68]:lt[13].in:out[13],Yes
zksolid-paper/benchmarks/ed25519-099d19c/verify,wit-constr-diff,chunkedmul.circom,ChunkedMul,pp[68]:lt[16].in:out[16],Yes
zksolid-paper/benchmarks/ed25519-099d19c/verify,wit-constr-diff,chunkedmul.circom,ChunkedMul,pp[68]:lt[19].in:out[19],Yes
zksolid-paper/benchmarks/ed25519-099d19c/verify,wit-constr-diff,chunkedmul.circom,ChunkedMul,pp[69]:lt[13].in:out[13],Yes
zksolid-paper/benchmarks/ed25519-099d19c/verify,wit-constr-diff,chunkedmul.circom,ChunkedMul,pp[69]:lt[16].in:out[16],Yes
zksolid-paper/benchmarks/ed25519-099d19c/verify,wit-constr-diff,chunkedmul.circom,ChunkedMul,pp[69]:lt[19].in:out[19],Yes
zksolid-paper/benchmarks/ed25519-099d19c/verify,wit-constr-diff,chunkedmul.circom,ChunkedMul,pp[6]:lt[10].in:out[10],Yes
zksolid-paper/benchmarks/ed25519-099d19c/verify,wit-constr-diff,chunkedmul.circom,ChunkedMul,pp[6]:lt[11].in:out[11],Yes
zksolid-paper/benchmarks/ed25519-099d19c/verify,wit-constr-diff,chunkedmul.circom,ChunkedMul,pp[6]:lt[12].in:out[12],Yes
zksolid-paper/benchmarks/ed25519-099d19c/verify,wit-constr-diff,chunkedmul.circom,ChunkedMul,pp[6]:lt[13].in:out[13],Yes
zksolid-paper/benchmarks/ed25519-099d19c/verify,wit-constr-diff,chunkedmul.circom,ChunkedMul,pp[6]:lt[14].in:out[14],Yes
zksolid-paper/benchmarks/ed25519-099d19c/verify,wit-constr-diff,chunkedmul.circom,ChunkedMul,pp[6]:lt[15].in:out[15],Yes
zksolid-paper/benchmarks/ed25519-099d19c/verify,wit-constr-diff,chunkedmul.circom,ChunkedMul,pp[6]:lt[16].in:out[16],Yes
zksolid-paper/benchmarks/ed25519-099d19c/verify,wit-constr-diff,chunkedmul.circom,ChunkedMul,pp[6]:lt[17].in:out[17],Yes
zksolid-paper/benchmarks/ed25519-099d19c/verify,wit-constr-diff,chunkedmul.circom,ChunkedMul,pp[6]:lt[19].in:out[19],Yes
zksolid-paper/benchmarks/ed25519-099d19c/verify,wit-constr-diff,chunkedmul.circom,ChunkedMul,pp[6]:lt[5].in:out[5],Yes
zksolid-paper/benchmarks/ed25519-099d19c/verify,wit-constr-diff,chunkedmul.circom,ChunkedMul,pp[6]:lt[7].in:out[7],Yes
zksolid-paper/benchmarks/ed25519-099d19c/verify,wit-constr-diff,chunkedmul.circom,ChunkedMul,pp[6]:lt[8].in:out[8],Yes
zksolid-paper/benchmarks/ed25519-099d19c/verify,wit-constr-diff,chunkedmul.circom,ChunkedMul,pp[6]:lt[9].in:out[9],Yes
zksolid-paper/benchmarks/ed25519-099d19c/verify,wit-constr-diff,chunkedmul.circom,ChunkedMul,pp[70]:lt[13].in:out[13],Yes
zksolid-paper/benchmarks/ed25519-099d19c/verify,wit-constr-diff,chunkedmul.circom,ChunkedMul,pp[70]:lt[16].in:out[16],Yes
zksolid-paper/benchmarks/ed25519-099d19c/verify,wit-constr-diff,chunkedmul.circom,ChunkedMul,pp[70]:lt[19].in:out[19],Yes
zksolid-paper/benchmarks/ed25519-099d19c/verify,wit-constr-diff,chunkedmul.circom,ChunkedMul,pp[71]:lt[13].in:out[13],Yes
zksolid-paper/benchmarks/ed25519-099d19c/verify,wit-constr-diff,chunkedmul.circom,ChunkedMul,pp[71]:lt[16].in:out[16],Yes
zksolid-paper/benchmarks/ed25519-099d19c/verify,wit-constr-diff,chunkedmul.circom,ChunkedMul,pp[71]:lt[19].in:out[19],Yes
zksolid-paper/benchmarks/ed25519-099d19c/verify,wit-constr-diff,chunkedmul.circom,ChunkedMul,pp[72]:lt[13].in:out[13],Yes
zksolid-paper/benchmarks/ed25519-099d19c/verify,wit-constr-diff,chunkedmul.circom,ChunkedMul,pp[72]:lt[16].in:out[16],Yes
zksolid-paper/benchmarks/ed25519-099d19c/verify,wit-constr-diff,chunkedmul.circom,ChunkedMul,pp[72]:lt[19].in:out[19],Yes
zksolid-paper/benchmarks/ed25519-099d19c/verify,wit-constr-diff,chunkedmul.circom,ChunkedMul,pp[73]:lt[13].in:out[13],Yes
zksolid-paper/benchmarks/ed25519-099d19c/verify,wit-constr-diff,chunkedmul.circom,ChunkedMul,pp[73]:lt[16].in:out[16],Yes
zksolid-paper/benchmarks/ed25519-099d19c/verify,wit-constr-diff,chunkedmul.circom,ChunkedMul,pp[73]:lt[19].in:out[19],Yes
zksolid-paper/benchmarks/ed25519-099d19c/verify,wit-constr-diff,chunkedmul.circom,ChunkedMul,pp[74]:lt[13].in:out[13],Yes
zksolid-paper/benchmarks/ed25519-099d19c/verify,wit-constr-diff,chunkedmul.circom,ChunkedMul,pp[74]:lt[16].in:out[16],Yes
zksolid-paper/benchmarks/ed25519-099d19c/verify,wit-constr-diff,chunkedmul.circom,ChunkedMul,pp[74]:lt[19].in:out[19],Yes
zksolid-paper/benchmarks/ed25519-099d19c/verify,wit-constr-diff,chunkedmul.circom,ChunkedMul,pp[75]:lt[13].in:out[13],Yes
zksolid-paper/benchmarks/ed25519-099d19c/verify,wit-constr-diff,chunkedmul.circom,ChunkedMul,pp[75]:lt[16].in:out[16],Yes
zksolid-paper/benchmarks/ed25519-099d19c/verify,wit-constr-diff,chunkedmul.circom,ChunkedMul,pp[75]:lt[19].in:out[19],Yes
zksolid-paper/benchmarks/ed25519-099d19c/verify,wit-constr-diff,chunkedmul.circom,ChunkedMul,pp[76]:lt[13].in:out[13],Yes
zksolid-paper/benchmarks/ed25519-099d19c/verify,wit-constr-diff,chunkedmul.circom,ChunkedMul,pp[76]:lt[16].in:out[16],Yes
zksolid-paper/benchmarks/ed25519-099d19c/verify,wit-constr-diff,chunkedmul.circom,ChunkedMul,pp[76]:lt[19].in:out[19],Yes
zksolid-paper/benchmarks/ed25519-099d19c/verify,wit-constr-diff,chunkedmul.circom,ChunkedMul,pp[77]:lt[13].in:out[13],Yes
zksolid-paper/benchmarks/ed25519-099d19c/verify,wit-constr-diff,chunkedmul.circom,ChunkedMul,pp[77]:lt[16].in:out[16],Yes
zksolid-paper/benchmarks/ed25519-099d19c/verify,wit-constr-diff,chunkedmul.circom,ChunkedMul,pp[77]:lt[19].in:out[19],Yes
zksolid-paper/benchmarks/ed25519-099d19c/verify,wit-constr-diff,chunkedmul.circom,ChunkedMul,pp[78]:lt[13].in:out[13],Yes
zksolid-paper/benchmarks/ed25519-099d19c/verify,wit-constr-diff,chunkedmul.circom,ChunkedMul,pp[78]:lt[16].in:out[16],Yes
zksolid-paper/benchmarks/ed25519-099d19c/verify,wit-constr-diff,chunkedmul.circom,ChunkedMul,pp[78]:lt[19].in:out[19],Yes
zksolid-paper/benchmarks/ed25519-099d19c/verify,wit-constr-diff,chunkedmul.circom,ChunkedMul,pp[79]:lt[13].in:out[13],Yes
zksolid-paper/benchmarks/ed25519-099d19c/verify,wit-constr-diff,chunkedmul.circom,ChunkedMul,pp[79]:lt[16].in:out[16],Yes
zksolid-paper/benchmarks/ed25519-099d19c/verify,wit-constr-diff,chunkedmul.circom,ChunkedMul,pp[79]:lt[19].in:out[19],Yes
zksolid-paper/benchmarks/ed25519-099d19c/verify,wit-constr-diff,chunkedmul.circom,ChunkedMul,pp[7]:lt[10].in:out[10],Yes
zksolid-paper/benchmarks/ed25519-099d19c/verify,wit-constr-diff,chunkedmul.circom,ChunkedMul,pp[7]:lt[11].in:out[11],Yes
zksolid-paper/benchmarks/ed25519-099d19c/verify,wit-constr-diff,chunkedmul.circom,ChunkedMul,pp[7]:lt[12].in:out[12],Yes
zksolid-paper/benchmarks/ed25519-099d19c/verify,wit-constr-diff,chunkedmul.circom,ChunkedMul,pp[7]:lt[13].in:out[13],Yes
zksolid-paper/benchmarks/ed25519-099d19c/verify,wit-constr-diff,chunkedmul.circom,ChunkedMul,pp[7]:lt[14].in:out[14],Yes
zksolid-paper/benchmarks/ed25519-099d19c/verify,wit-constr-diff,chunkedmul.circom,ChunkedMul,pp[7]:lt[15].in:out[15],Yes
zksolid-paper/benchmarks/ed25519-099d19c/verify,wit-constr-diff,chunkedmul.circom,ChunkedMul,pp[7]:lt[16].in:out[16],Yes
zksolid-paper/benchmarks/ed25519-099d19c/verify,wit-constr-diff,chunkedmul.circom,ChunkedMul,pp[7]:lt[17].in:out[17],Yes
zksolid-paper/benchmarks/ed25519-099d19c/verify,wit-constr-diff,chunkedmul.circom,ChunkedMul,pp[7]:lt[19].in:out[19],Yes
zksolid-paper/benchmarks/ed25519-099d19c/verify,wit-constr-diff,chunkedmul.circom,ChunkedMul,pp[7]:lt[5].in:out[5],Yes
zksolid-paper/benchmarks/ed25519-099d19c/verify,wit-constr-diff,chunkedmul.circom,ChunkedMul,pp[7]:lt[8].in:out[8],Yes
zksolid-paper/benchmarks/ed25519-099d19c/verify,wit-constr-diff,chunkedmul.circom,ChunkedMul,pp[7]:lt[9].in:out[9],Yes
zksolid-paper/benchmarks/ed25519-099d19c/verify,wit-constr-diff,chunkedmul.circom,ChunkedMul,pp[80]:lt[13].in:out[13],Yes
zksolid-paper/benchmarks/ed25519-099d19c/verify,wit-constr-diff,chunkedmul.circom,ChunkedMul,pp[80]:lt[16].in:out[16],Yes
zksolid-paper/benchmarks/ed25519-099d19c/verify,wit-constr-diff,chunkedmul.circom,ChunkedMul,pp[80]:lt[19].in:out[19],Yes
zksolid-paper/benchmarks/ed25519-099d19c/verify,wit-constr-diff,chunkedmul.circom,ChunkedMul,pp[81]:lt[13].in:out[13],Yes
zksolid-paper/benchmarks/ed25519-099d19c/verify,wit-constr-diff,chunkedmul.circom,ChunkedMul,pp[81]:lt[16].in:out[16],Yes
zksolid-paper/benchmarks/ed25519-099d19c/verify,wit-constr-diff,chunkedmul.circom,ChunkedMul,pp[81]:lt[19].in:out[19],Yes
zksolid-paper/benchmarks/ed25519-099d19c/verify,wit-constr-diff,chunkedmul.circom,ChunkedMul,pp[82]:lt[13].in:out[13],Yes
zksolid-paper/benchmarks/ed25519-099d19c/verify,wit-constr-diff,chunkedmul.circom,ChunkedMul,pp[82]:lt[16].in:out[16],Yes
zksolid-paper/benchmarks/ed25519-099d19c/verify,wit-constr-diff,chunkedmul.circom,ChunkedMul,pp[82]:lt[19].in:out[19],Yes
zksolid-paper/benchmarks/ed25519-099d19c/verify,wit-constr-diff,chunkedmul.circom,ChunkedMul,pp[83]:lt[13].in:out[13],Yes
zksolid-paper/benchmarks/ed25519-099d19c/verify,wit-constr-diff,chunkedmul.circom,ChunkedMul,pp[83]:lt[16].in:out[16],Yes
zksolid-paper/benchmarks/ed25519-099d19c/verify,wit-constr-diff,chunkedmul.circom,ChunkedMul,pp[83]:lt[19].in:out[19],Yes
zksolid-paper/benchmarks/ed25519-099d19c/verify,wit-constr-diff,chunkedmul.circom,ChunkedMul,pp[84]:lt[13].in:out[13],Yes
zksolid-paper/benchmarks/ed25519-099d19c/verify,wit-constr-diff,chunkedmul.circom,ChunkedMul,pp[84]:lt[16].in:out[16],Yes
zksolid-paper/benchmarks/ed25519-099d19c/verify,wit-constr-diff,chunkedmul.circom,ChunkedMul,pp[84]:lt[19].in:out[19],Yes
zksolid-paper/benchmarks/ed25519-099d19c/verify,wit-constr-diff,chunkedmul.circom,ChunkedMul,pp[85]:lt[13].in:out[13],Yes
zksolid-paper/benchmarks/ed25519-099d19c/verify,wit-constr-diff,chunkedmul.circom,ChunkedMul,pp[85]:lt[16].in:out[16],Yes
zksolid-paper/benchmarks/ed25519-099d19c/verify,wit-constr-diff,chunkedmul.circom,ChunkedMul,pp[85]:lt[19].in:out[19],Yes
zksolid-paper/benchmarks/ed25519-099d19c/verify,wit-constr-diff,chunkedmul.circom,ChunkedMul,pp[86]:lt[13].in:out[13],Yes
zksolid-paper/benchmarks/ed25519-099d19c/verify,wit-constr-diff,chunkedmul.circom,ChunkedMul,pp[86]:lt[16].in:out[16],Yes
zksolid-paper/benchmarks/ed25519-099d19c/verify,wit-constr-diff,chunkedmul.circom,ChunkedMul,pp[86]:lt[19].in:out[19],Yes
zksolid-paper/benchmarks/ed25519-099d19c/verify,wit-constr-diff,chunkedmul.circom,ChunkedMul,pp[87]:lt[13].in:out[13],Yes
zksolid-paper/benchmarks/ed25519-099d19c/verify,wit-constr-diff,chunkedmul.circom,ChunkedMul,pp[87]:lt[16].in:out[16],Yes
zksolid-paper/benchmarks/ed25519-099d19c/verify,wit-constr-diff,chunkedmul.circom,ChunkedMul,pp[87]:lt[19].in:out[19],Yes
zksolid-paper/benchmarks/ed25519-099d19c/verify,wit-constr-diff,chunkedmul.circom,ChunkedMul,pp[88]:lt[13].in:out[13],Yes
zksolid-paper/benchmarks/ed25519-099d19c/verify,wit-constr-diff,chunkedmul.circom,ChunkedMul,pp[88]:lt[16].in:out[16],Yes
zksolid-paper/benchmarks/ed25519-099d19c/verify,wit-constr-diff,chunkedmul.circom,ChunkedMul,pp[88]:lt[19].in:out[19],Yes
zksolid-paper/benchmarks/ed25519-099d19c/verify,wit-constr-diff,chunkedmul.circom,ChunkedMul,pp[89]:lt[13].in:out[13],Yes
zksolid-paper/benchmarks/ed25519-099d19c/verify,wit-constr-diff,chunkedmul.circom,ChunkedMul,pp[89]:lt[16].in:out[16],Yes
zksolid-paper/benchmarks/ed25519-099d19c/verify,wit-constr-diff,chunkedmul.circom,ChunkedMul,pp[89]:lt[19].in:out[19],Yes
zksolid-paper/benchmarks/ed25519-099d19c/verify,wit-constr-diff,chunkedmul.circom,ChunkedMul,pp[8]:lt[10].in:out[10],Yes
zksolid-paper/benchmarks/ed25519-099d19c/verify,wit-constr-diff,chunkedmul.circom,ChunkedMul,pp[8]:lt[11].in:out[11],Yes
zksolid-paper/benchmarks/ed25519-099d19c/verify,wit-constr-diff,chunkedmul.circom,ChunkedMul,pp[8]:lt[12].in:out[12],Yes
zksolid-paper/benchmarks/ed25519-099d19c/verify,wit-constr-diff,chunkedmul.circom,ChunkedMul,pp[8]:lt[13].in:out[13],Yes
zksolid-paper/benchmarks/ed25519-099d19c/verify,wit-constr-diff,chunkedmul.circom,ChunkedMul,pp[8]:lt[14].in:out[14],Yes
zksolid-paper/benchmarks/ed25519-099d19c/verify,wit-constr-diff,chunkedmul.circom,ChunkedMul,pp[8]:lt[15].in:out[15],Yes
zksolid-paper/benchmarks/ed25519-099d19c/verify,wit-constr-diff,chunkedmul.circom,ChunkedMul,pp[8]:lt[16].in:out[16],Yes
zksolid-paper/benchmarks/ed25519-099d19c/verify,wit-constr-diff,chunkedmul.circom,ChunkedMul,pp[8]:lt[17].in:out[17],Yes
zksolid-paper/benchmarks/ed25519-099d19c/verify,wit-constr-diff,chunkedmul.circom,ChunkedMul,pp[8]:lt[19].in:out[19],Yes
zksolid-paper/benchmarks/ed25519-099d19c/verify,wit-constr-diff,chunkedmul.circom,ChunkedMul,pp[8]:lt[5].in:out[5],Yes
zksolid-paper/benchmarks/ed25519-099d19c/verify,wit-constr-diff,chunkedmul.circom,ChunkedMul,pp[8]:lt[8].in:out[8],Yes
zksolid-paper/benchmarks/ed25519-099d19c/verify,wit-constr-diff,chunkedmul.circom,ChunkedMul,pp[8]:lt[9].in:out[9],Yes
zksolid-paper/benchmarks/ed25519-099d19c/verify,wit-constr-diff,chunkedmul.circom,ChunkedMul,pp[90]:lt[13].in:out[13],Yes
zksolid-paper/benchmarks/ed25519-099d19c/verify,wit-constr-diff,chunkedmul.circom,ChunkedMul,pp[90]:lt[16].in:out[16],Yes
zksolid-paper/benchmarks/ed25519-099d19c/verify,wit-constr-diff,chunkedmul.circom,ChunkedMul,pp[90]:lt[19].in:out[19],Yes
zksolid-paper/benchmarks/ed25519-099d19c/verify,wit-constr-diff,chunkedmul.circom,ChunkedMul,pp[91]:lt[16].in:out[16],Yes
zksolid-paper/benchmarks/ed25519-099d19c/verify,wit-constr-diff,chunkedmul.circom,ChunkedMul,pp[91]:lt[19].in:out[19],Yes
zksolid-paper/benchmarks/ed25519-099d19c/verify,wit-constr-diff,chunkedmul.circom,ChunkedMul,pp[92]:lt[16].in:out[16],Yes
zksolid-paper/benchmarks/ed25519-099d19c/verify,wit-constr-diff,chunkedmul.circom,ChunkedMul,pp[92]:lt[19].in:out[19],Yes
zksolid-paper/benchmarks/ed25519-099d19c/verify,wit-constr-diff,chunkedmul.circom,ChunkedMul,pp[93]:lt[16].in:out[16],Yes
zksolid-paper/benchmarks/ed25519-099d19c/verify,wit-constr-diff,chunkedmul.circom,ChunkedMul,pp[93]:lt[19].in:out[19],Yes
zksolid-paper/benchmarks/ed25519-099d19c/verify,wit-constr-diff,chunkedmul.circom,ChunkedMul,pp[94]:lt[16].in:out[16],Yes
zksolid-paper/benchmarks/ed25519-099d19c/verify,wit-constr-diff,chunkedmul.circom,ChunkedMul,pp[94]:lt[19].in:out[19],Yes
zksolid-paper/benchmarks/ed25519-099d19c/verify,wit-constr-diff,chunkedmul.circom,ChunkedMul,pp[95]:lt[16].in:out[16],Yes
zksolid-paper/benchmarks/ed25519-099d19c/verify,wit-constr-diff,chunkedmul.circom,ChunkedMul,pp[95]:lt[19].in:out[19],Yes
zksolid-paper/benchmarks/ed25519-099d19c/verify,wit-constr-diff,chunkedmul.circom,ChunkedMul,pp[96]:lt[16].in:out[16],Yes
zksolid-paper/benchmarks/ed25519-099d19c/verify,wit-constr-diff,chunkedmul.circom,ChunkedMul,pp[96]:lt[19].in:out[19],Yes
zksolid-paper/benchmarks/ed25519-099d19c/verify,wit-constr-diff,chunkedmul.circom,ChunkedMul,pp[97]:lt[16].in:out[16],Yes
zksolid-paper/benchmarks/ed25519-099d19c/verify,wit-constr-diff,chunkedmul.circom,ChunkedMul,pp[97]:lt[19].in:out[19],Yes
zksolid-paper/benchmarks/ed25519-099d19c/verify,wit-constr-diff,chunkedmul.circom,ChunkedMul,pp[98]:lt[16].in:out[16],Yes
zksolid-paper/benchmarks/ed25519-099d19c/verify,wit-constr-diff,chunkedmul.circom,ChunkedMul,pp[98]:lt[19].in:out[19],Yes
zksolid-paper/benchmarks/ed25519-099d19c/verify,wit-constr-diff,chunkedmul.circom,ChunkedMul,pp[99]:lt[16].in:out[16],Yes
zksolid-paper/benchmarks/ed25519-099d19c/verify,wit-constr-diff,chunkedmul.circom,ChunkedMul,pp[99]:lt[19].in:out[19],Yes
zksolid-paper/benchmarks/ed25519-099d19c/verify,wit-constr-diff,chunkedmul.circom,ChunkedMul,pp[9]:lt[10].in:out[10],Yes
zksolid-paper/benchmarks/ed25519-099d19c/verify,wit-constr-diff,chunkedmul.circom,ChunkedMul,pp[9]:lt[11].in:out[11],Yes
zksolid-paper/benchmarks/ed25519-099d19c/verify,wit-constr-diff,chunkedmul.circom,ChunkedMul,pp[9]:lt[12].in:out[12],Yes
zksolid-paper/benchmarks/ed25519-099d19c/verify,wit-constr-diff,chunkedmul.circom,ChunkedMul,pp[9]:lt[13].in:out[13],Yes
zksolid-paper/benchmarks/ed25519-099d19c/verify,wit-constr-diff,chunkedmul.circom,ChunkedMul,pp[9]:lt[14].in:out[14],Yes
zksolid-paper/benchmarks/ed25519-099d19c/verify,wit-constr-diff,chunkedmul.circom,ChunkedMul,pp[9]:lt[15].in:out[15],Yes
zksolid-paper/benchmarks/ed25519-099d19c/verify,wit-constr-diff,chunkedmul.circom,ChunkedMul,pp[9]:lt[16].in:out[16],Yes
zksolid-paper/benchmarks/ed25519-099d19c/verify,wit-constr-diff,chunkedmul.circom,ChunkedMul,pp[9]:lt[17].in:out[17],Yes
zksolid-paper/benchmarks/ed25519-099d19c/verify,wit-constr-diff,chunkedmul.circom,ChunkedMul,pp[9]:lt[19].in:out[19],Yes
zksolid-paper/benchmarks/ed25519-099d19c/verify,wit-constr-diff,chunkedmul.circom,ChunkedMul,pp[9]:lt[5].in:out[5],Yes
zksolid-paper/benchmarks/ed25519-099d19c/verify,wit-constr-diff,chunkedmul.circom,ChunkedMul,pp[9]:lt[8].in:out[8],Yes
zksolid-paper/benchmarks/ed25519-099d19c/verify,wit-constr-diff,chunkedmul.circom,ChunkedMul,sum[0]:lt[10].in:out[10],Yes
zksolid-paper/benchmarks/ed25519-099d19c/verify,wit-constr-diff,chunkedmul.circom,ChunkedMul,sum[0]:lt[11].in:out[11],Yes
zksolid-paper/benchmarks/ed25519-099d19c/verify,wit-constr-diff,chunkedmul.circom,ChunkedMul,sum[0]:lt[12].in:out[12],Yes
zksolid-paper/benchmarks/ed25519-099d19c/verify,wit-constr-diff,chunkedmul.circom,ChunkedMul,sum[0]:lt[13].in:out[13],Yes
zksolid-paper/benchmarks/ed25519-099d19c/verify,wit-constr-diff,chunkedmul.circom,ChunkedMul,sum[0]:lt[14].in:out[14],Yes
zksolid-paper/benchmarks/ed25519-099d19c/verify,wit-constr-diff,chunkedmul.circom,ChunkedMul,sum[0]:lt[15].in:out[15],Yes
zksolid-paper/benchmarks/ed25519-099d19c/verify,wit-constr-diff,chunkedmul.circom,ChunkedMul,sum[0]:lt[16].in:out[16],Yes
zksolid-paper/benchmarks/ed25519-099d19c/verify,wit-constr-diff,chunkedmul.circom,ChunkedMul,sum[0]:lt[17].in:out[17],Yes
zksolid-paper/benchmarks/ed25519-099d19c/verify,wit-constr-diff,chunkedmul.circom,ChunkedMul,sum[0]:lt[19].in:out[19],Yes
zksolid-paper/benchmarks/ed25519-099d19c/verify,wit-constr-diff,chunkedmul.circom,ChunkedMul,sum[0]:lt[1].in:out[1],Yes
zksolid-paper/benchmarks/ed25519-099d19c/verify,wit-constr-diff,chunkedmul.circom,ChunkedMul,sum[0]:lt[2].in:out[2],Yes
zksolid-paper/benchmarks/ed25519-099d19c/verify,wit-constr-diff,chunkedmul.circom,ChunkedMul,sum[0]:lt[3].in:out[3],Yes
zksolid-paper/benchmarks/ed25519-099d19c/verify,wit-constr-diff,chunkedmul.circom,ChunkedMul,sum[0]:lt[4].in:out[4],Yes
zksolid-paper/benchmarks/ed25519-099d19c/verify,wit-constr-diff,chunkedmul.circom,ChunkedMul,sum[0]:lt[5].in:out[5],Yes
zksolid-paper/benchmarks/ed25519-099d19c/verify,wit-constr-diff,chunkedmul.circom,ChunkedMul,sum[0]:lt[6].in:out[6],Yes
zksolid-paper/benchmarks/ed25519-099d19c/verify,wit-constr-diff,chunkedmul.circom,ChunkedMul,sum[0]:lt[7].in:out[7],Yes
zksolid-paper/benchmarks/ed25519-099d19c/verify,wit-constr-diff,chunkedmul.circom,ChunkedMul,sum[0]:lt[8].in:out[8],Yes
zksolid-paper/benchmarks/ed25519-099d19c/verify,wit-constr-diff,chunkedmul.circom,ChunkedMul,sum[0]:lt[9].in:out[9],Yes
zksolid-paper/benchmarks/ed25519-099d19c/verify,wit-constr-diff,chunkedmul.circom,ChunkedMul,sum[10]:lt[11].in:out[11],Yes
zksolid-paper/benchmarks/ed25519-099d19c/verify,wit-constr-diff,chunkedmul.circom,ChunkedMul,sum[10]:lt[12].in:out[12],Yes
zksolid-paper/benchmarks/ed25519-099d19c/verify,wit-constr-diff,chunkedmul.circom,ChunkedMul,sum[10]:lt[13].in:out[13],Yes
zksolid-paper/benchmarks/ed25519-099d19c/verify,wit-constr-diff,chunkedmul.circom,ChunkedMul,sum[10]:lt[14].in:out[14],Yes
zksolid-paper/benchmarks/ed25519-099d19c/verify,wit-constr-diff,chunkedmul.circom,ChunkedMul,sum[10]:lt[15].in:out[15],Yes
zksolid-paper/benchmarks/ed25519-099d19c/verify,wit-constr-diff,chunkedmul.circom,ChunkedMul,sum[10]:lt[16].in:out[16],Yes
zksolid-paper/benchmarks/ed25519-099d19c/verify,wit-constr-diff,chunkedmul.circom,ChunkedMul,sum[10]:lt[17].in:out[17],Yes
zksolid-paper/benchmarks/ed25519-099d19c/verify,wit-constr-diff,chunkedmul.circom,ChunkedMul,sum[10]:lt[19].in:out[19],Yes
zksolid-paper/benchmarks/ed25519-099d19c/verify,wit-constr-diff,chunkedmul.circom,ChunkedMul,sum[11]:lt[12].in:out[12],Yes
zksolid-paper/benchmarks/ed25519-099d19c/verify,wit-constr-diff,chunkedmul.circom,ChunkedMul,sum[11]:lt[13].in:out[13],Yes
zksolid-paper/benchmarks/ed25519-099d19c/verify,wit-constr-diff,chunkedmul.circom,ChunkedMul,sum[11]:lt[14].in:out[14],Yes
zksolid-paper/benchmarks/ed25519-099d19c/verify,wit-constr-diff,chunkedmul.circom,ChunkedMul,sum[11]:lt[15].in:out[15],Yes
zksolid-paper/benchmarks/ed25519-099d19c/verify,wit-constr-diff,chunkedmul.circom,ChunkedMul,sum[11]:lt[16].in:out[16],Yes
zksolid-paper/benchmarks/ed25519-099d19c/verify,wit-constr-diff,chunkedmul.circom,ChunkedMul,sum[11]:lt[17].in:out[17],Yes
zksolid-paper/benchmarks/ed25519-099d19c/verify,wit-constr-diff,chunkedmul.circom,ChunkedMul,sum[11]:lt[19].in:out[19],Yes
zksolid-paper/benchmarks/ed25519-099d19c/verify,wit-constr-diff,chunkedmul.circom,ChunkedMul,sum[12]:lt[13].in:out[13],Yes
zksolid-paper/benchmarks/ed25519-099d19c/verify,wit-constr-diff,chunkedmul.circom,ChunkedMul,sum[12]:lt[14].in:out[14],Yes
zksolid-paper/benchmarks/ed25519-099d19c/verify,wit-constr-diff,chunkedmul.circom,ChunkedMul,sum[12]:lt[15].in:out[15],Yes
zksolid-paper/benchmarks/ed25519-099d19c/verify,wit-constr-diff,chunkedmul.circom,ChunkedMul,sum[12]:lt[16].in:out[16],Yes
zksolid-paper/benchmarks/ed25519-099d19c/verify,wit-constr-diff,chunkedmul.circom,ChunkedMul,sum[12]:lt[17].in:out[17],Yes
zksolid-paper/benchmarks/ed25519-099d19c/verify,wit-constr-diff,chunkedmul.circom,ChunkedMul,sum[12]:lt[19].in:out[19],Yes
zksolid-paper/benchmarks/ed25519-099d19c/verify,wit-constr-diff,chunkedmul.circom,ChunkedMul,sum[13]:lt[14].in:out[14],Yes
zksolid-paper/benchmarks/ed25519-099d19c/verify,wit-constr-diff,chunkedmul.circom,ChunkedMul,sum[13]:lt[15].in:out[15],Yes
zksolid-paper/benchmarks/ed25519-099d19c/verify,wit-constr-diff,chunkedmul.circom,ChunkedMul,sum[13]:lt[16].in:out[16],Yes
zksolid-paper/benchmarks/ed25519-099d19c/verify,wit-constr-diff,chunkedmul.circom,ChunkedMul,sum[13]:lt[17].in:out[17],Yes
zksolid-paper/benchmarks/ed25519-099d19c/verify,wit-constr-diff,chunkedmul.circom,ChunkedMul,sum[13]:lt[19].in:out[19],Yes
zksolid-paper/benchmarks/ed25519-099d19c/verify,wit-constr-diff,chunkedmul.circom,ChunkedMul,sum[14]:lt[15].in:out[15],Yes
zksolid-paper/benchmarks/ed25519-099d19c/verify,wit-constr-diff,chunkedmul.circom,ChunkedMul,sum[14]:lt[16].in:out[16],Yes
zksolid-paper/benchmarks/ed25519-099d19c/verify,wit-constr-diff,chunkedmul.circom,ChunkedMul,sum[14]:lt[17].in:out[17],Yes
zksolid-paper/benchmarks/ed25519-099d19c/verify,wit-constr-diff,chunkedmul.circom,ChunkedMul,sum[14]:lt[19].in:out[19],Yes
zksolid-paper/benchmarks/ed25519-099d19c/verify,wit-constr-diff,chunkedmul.circom,ChunkedMul,sum[15]:lt[16].in:out[16],Yes
zksolid-paper/benchmarks/ed25519-099d19c/verify,wit-constr-diff,chunkedmul.circom,ChunkedMul,sum[15]:lt[17].in:out[17],Yes
zksolid-paper/benchmarks/ed25519-099d19c/verify,wit-constr-diff,chunkedmul.circom,ChunkedMul,sum[15]:lt[19].in:out[19],Yes
zksolid-paper/benchmarks/ed25519-099d19c/verify,wit-constr-diff,chunkedmul.circom,ChunkedMul,sum[16]:lt[17].in:out[17],Yes
zksolid-paper/benchmarks/ed25519-099d19c/verify,wit-constr-diff,chunkedmul.circom,ChunkedMul,sum[16]:lt[19].in:out[19],Yes
zksolid-paper/benchmarks/ed25519-099d19c/verify,wit-constr-diff,chunkedmul.circom,ChunkedMul,sum[17]:lt[19].in:out[19],Yes
zksolid-paper/benchmarks/ed25519-099d19c/verify,wit-constr-diff,chunkedmul.circom,ChunkedMul,sum[18]:lt[19].in:out[19],Yes
zksolid-paper/benchmarks/ed25519-099d19c/verify,wit-constr-diff,chunkedmul.circom,ChunkedMul,sum[1]:lt[10].in:out[10],Yes
zksolid-paper/benchmarks/ed25519-099d19c/verify,wit-constr-diff,chunkedmul.circom,ChunkedMul,sum[1]:lt[11].in:out[11],Yes
zksolid-paper/benchmarks/ed25519-099d19c/verify,wit-constr-diff,chunkedmul.circom,ChunkedMul,sum[1]:lt[12].in:out[12],Yes
zksolid-paper/benchmarks/ed25519-099d19c/verify,wit-constr-diff,chunkedmul.circom,ChunkedMul,sum[1]:lt[13].in:out[13],Yes
zksolid-paper/benchmarks/ed25519-099d19c/verify,wit-constr-diff,chunkedmul.circom,ChunkedMul,sum[1]:lt[14].in:out[14],Yes
zksolid-paper/benchmarks/ed25519-099d19c/verify,wit-constr-diff,chunkedmul.circom,ChunkedMul,sum[1]:lt[15].in:out[15],Yes
zksolid-paper/benchmarks/ed25519-099d19c/verify,wit-constr-diff,chunkedmul.circom,ChunkedMul,sum[1]:lt[16].in:out[16],Yes
zksolid-paper/benchmarks/ed25519-099d19c/verify,wit-constr-diff,chunkedmul.circom,ChunkedMul,sum[1]:lt[17].in:out[17],Yes
zksolid-paper/benchmarks/ed25519-099d19c/verify,wit-constr-diff,chunkedmul.circom,ChunkedMul,sum[1]:lt[19].in:out[19],Yes
zksolid-paper/benchmarks/ed25519-099d19c/verify,wit-constr-diff,chunkedmul.circom,ChunkedMul,sum[1]:lt[2].in:out[2],Yes
zksolid-paper/benchmarks/ed25519-099d19c/verify,wit-constr-diff,chunkedmul.circom,ChunkedMul,sum[1]:lt[3].in:out[3],Yes
zksolid-paper/benchmarks/ed25519-099d19c/verify,wit-constr-diff,chunkedmul.circom,ChunkedMul,sum[1]:lt[4].in:out[4],Yes
zksolid-paper/benchmarks/ed25519-099d19c/verify,wit-constr-diff,chunkedmul.circom,ChunkedMul,sum[1]:lt[5].in:out[5],Yes
zksolid-paper/benchmarks/ed25519-099d19c/verify,wit-constr-diff,chunkedmul.circom,ChunkedMul,sum[1]:lt[6].in:out[6],Yes
zksolid-paper/benchmarks/ed25519-099d19c/verify,wit-constr-diff,chunkedmul.circom,ChunkedMul,sum[1]:lt[7].in:out[7],Yes
zksolid-paper/benchmarks/ed25519-099d19c/verify,wit-constr-diff,chunkedmul.circom,ChunkedMul,sum[1]:lt[8].in:out[8],Yes
zksolid-paper/benchmarks/ed25519-099d19c/verify,wit-constr-diff,chunkedmul.circom,ChunkedMul,sum[1]:lt[9].in:out[9],Yes
zksolid-paper/benchmarks/ed25519-099d19c/verify,wit-constr-diff,chunkedmul.circom,ChunkedMul,sum[2]:lt[10].in:out[10],Yes
zksolid-paper/benchmarks/ed25519-099d19c/verify,wit-constr-diff,chunkedmul.circom,ChunkedMul,sum[2]:lt[11].in:out[11],Yes
zksolid-paper/benchmarks/ed25519-099d19c/verify,wit-constr-diff,chunkedmul.circom,ChunkedMul,sum[2]:lt[12].in:out[12],Yes
zksolid-paper/benchmarks/ed25519-099d19c/verify,wit-constr-diff,chunkedmul.circom,ChunkedMul,sum[2]:lt[13].in:out[13],Yes
zksolid-paper/benchmarks/ed25519-099d19c/verify,wit-constr-diff,chunkedmul.circom,ChunkedMul,sum[2]:lt[14].in:out[14],Yes
zksolid-paper/benchmarks/ed25519-099d19c/verify,wit-constr-diff,chunkedmul.circom,ChunkedMul,sum[2]:lt[15].in:out[15],Yes
zksolid-paper/benchmarks/ed25519-099d19c/verify,wit-constr-diff,chunkedmul.circom,ChunkedMul,sum[2]:lt[16].in:out[16],Yes
zksolid-paper/benchmarks/ed25519-099d19c/verify,wit-constr-diff,chunkedmul.circom,ChunkedMul,sum[2]:lt[17].in:out[17],Yes
zksolid-paper/benchmarks/ed25519-099d19c/verify,wit-constr-diff,chunkedmul.circom,ChunkedMul,sum[2]:lt[19].in:out[19],Yes
zksolid-paper/benchmarks/ed25519-099d19c/verify,wit-constr-diff,chunkedmul.circom,ChunkedMul,sum[2]:lt[3].in:out[3],Yes
zksolid-paper/benchmarks/ed25519-099d19c/verify,wit-constr-diff,chunkedmul.circom,ChunkedMul,sum[2]:lt[4].in:out[4],Yes
zksolid-paper/benchmarks/ed25519-099d19c/verify,wit-constr-diff,chunkedmul.circom,ChunkedMul,sum[2]:lt[5].in:out[5],Yes
zksolid-paper/benchmarks/ed25519-099d19c/verify,wit-constr-diff,chunkedmul.circom,ChunkedMul,sum[2]:lt[6].in:out[6],Yes
zksolid-paper/benchmarks/ed25519-099d19c/verify,wit-constr-diff,chunkedmul.circom,ChunkedMul,sum[2]:lt[7].in:out[7],Yes
zksolid-paper/benchmarks/ed25519-099d19c/verify,wit-constr-diff,chunkedmul.circom,ChunkedMul,sum[2]:lt[8].in:out[8],Yes
zksolid-paper/benchmarks/ed25519-099d19c/verify,wit-constr-diff,chunkedmul.circom,ChunkedMul,sum[2]:lt[9].in:out[9],Yes
zksolid-paper/benchmarks/ed25519-099d19c/verify,wit-constr-diff,chunkedmul.circom,ChunkedMul,sum[3]:lt[10].in:out[10],Yes
zksolid-paper/benchmarks/ed25519-099d19c/verify,wit-constr-diff,chunkedmul.circom,ChunkedMul,sum[3]:lt[11].in:out[11],Yes
zksolid-paper/benchmarks/ed25519-099d19c/verify,wit-constr-diff,chunkedmul.circom,ChunkedMul,sum[3]:lt[12].in:out[12],Yes
zksolid-paper/benchmarks/ed25519-099d19c/verify,wit-constr-diff,chunkedmul.circom,ChunkedMul,sum[3]:lt[13].in:out[13],Yes
zksolid-paper/benchmarks/ed25519-099d19c/verify,wit-constr-diff,chunkedmul.circom,ChunkedMul,sum[3]:lt[14].in:out[14],Yes
zksolid-paper/benchmarks/ed25519-099d19c/verify,wit-constr-diff,chunkedmul.circom,ChunkedMul,sum[3]:lt[15].in:out[15],Yes
zksolid-paper/benchmarks/ed25519-099d19c/verify,wit-constr-diff,chunkedmul.circom,ChunkedMul,sum[3]:lt[16].in:out[16],Yes
zksolid-paper/benchmarks/ed25519-099d19c/verify,wit-constr-diff,chunkedmul.circom,ChunkedMul,sum[3]:lt[17].in:out[17],Yes
zksolid-paper/benchmarks/ed25519-099d19c/verify,wit-constr-diff,chunkedmul.circom,ChunkedMul,sum[3]:lt[19].in:out[19],Yes
zksolid-paper/benchmarks/ed25519-099d19c/verify,wit-constr-diff,chunkedmul.circom,ChunkedMul,sum[3]:lt[4].in:out[4],Yes
zksolid-paper/benchmarks/ed25519-099d19c/verify,wit-constr-diff,chunkedmul.circom,ChunkedMul,sum[3]:lt[5].in:out[5],Yes
zksolid-paper/benchmarks/ed25519-099d19c/verify,wit-constr-diff,chunkedmul.circom,ChunkedMul,sum[3]:lt[6].in:out[6],Yes
zksolid-paper/benchmarks/ed25519-099d19c/verify,wit-constr-diff,chunkedmul.circom,ChunkedMul,sum[3]:lt[7].in:out[7],Yes
zksolid-paper/benchmarks/ed25519-099d19c/verify,wit-constr-diff,chunkedmul.circom,ChunkedMul,sum[3]:lt[8].in:out[8],Yes
zksolid-paper/benchmarks/ed25519-099d19c/verify,wit-constr-diff,chunkedmul.circom,ChunkedMul,sum[3]:lt[9].in:out[9],Yes
zksolid-paper/benchmarks/ed25519-099d19c/verify,wit-constr-diff,chunkedmul.circom,ChunkedMul,sum[4]:lt[10].in:out[10],Yes
zksolid-paper/benchmarks/ed25519-099d19c/verify,wit-constr-diff,chunkedmul.circom,ChunkedMul,sum[4]:lt[11].in:out[11],Yes
zksolid-paper/benchmarks/ed25519-099d19c/verify,wit-constr-diff,chunkedmul.circom,ChunkedMul,sum[4]:lt[12].in:out[12],Yes
zksolid-paper/benchmarks/ed25519-099d19c/verify,wit-constr-diff,chunkedmul.circom,ChunkedMul,sum[4]:lt[13].in:out[13],Yes
zksolid-paper/benchmarks/ed25519-099d19c/verify,wit-constr-diff,chunkedmul.circom,ChunkedMul,sum[4]:lt[14].in:out[14],Yes
zksolid-paper/benchmarks/ed25519-099d19c/verify,wit-constr-diff,chunkedmul.circom,ChunkedMul,sum[4]:lt[15].in:out[15],Yes
zksolid-paper/benchmarks/ed25519-099d19c/verify,wit-constr-diff,chunkedmul.circom,ChunkedMul,sum[4]:lt[16].in:out[16],Yes
zksolid-paper/benchmarks/ed25519-099d19c/verify,wit-constr-diff,chunkedmul.circom,ChunkedMul,sum[4]:lt[17].in:out[17],Yes
zksolid-paper/benchmarks/ed25519-099d19c/verify,wit-constr-diff,chunkedmul.circom,ChunkedMul,sum[4]:lt[19].in:out[19],Yes
zksolid-paper/benchmarks/ed25519-099d19c/verify,wit-constr-diff,chunkedmul.circom,ChunkedMul,sum[4]:lt[5].in:out[5],Yes
zksolid-paper/benchmarks/ed25519-099d19c/verify,wit-constr-diff,chunkedmul.circom,ChunkedMul,sum[4]:lt[6].in:out[6],Yes
zksolid-paper/benchmarks/ed25519-099d19c/verify,wit-constr-diff,chunkedmul.circom,ChunkedMul,sum[4]:lt[7].in:out[7],Yes
zksolid-paper/benchmarks/ed25519-099d19c/verify,wit-constr-diff,chunkedmul.circom,ChunkedMul,sum[4]:lt[8].in:out[8],Yes
zksolid-paper/benchmarks/ed25519-099d19c/verify,wit-constr-diff,chunkedmul.circom,ChunkedMul,sum[4]:lt[9].in:out[9],Yes
zksolid-paper/benchmarks/ed25519-099d19c/verify,wit-constr-diff,chunkedmul.circom,ChunkedMul,sum[5]:lt[10].in:out[10],Yes
zksolid-paper/benchmarks/ed25519-099d19c/verify,wit-constr-diff,chunkedmul.circom,ChunkedMul,sum[5]:lt[11].in:out[11],Yes
zksolid-paper/benchmarks/ed25519-099d19c/verify,wit-constr-diff,chunkedmul.circom,ChunkedMul,sum[5]:lt[12].in:out[12],Yes
zksolid-paper/benchmarks/ed25519-099d19c/verify,wit-constr-diff,chunkedmul.circom,ChunkedMul,sum[5]:lt[13].in:out[13],Yes
zksolid-paper/benchmarks/ed25519-099d19c/verify,wit-constr-diff,chunkedmul.circom,ChunkedMul,sum[5]:lt[14].in:out[14],Yes
zksolid-paper/benchmarks/ed25519-099d19c/verify,wit-constr-diff,chunkedmul.circom,ChunkedMul,sum[5]:lt[15].in:out[15],Yes
zksolid-paper/benchmarks/ed25519-099d19c/verify,wit-constr-diff,chunkedmul.circom,ChunkedMul,sum[5]:lt[16].in:out[16],Yes
zksolid-paper/benchmarks/ed25519-099d19c/verify,wit-constr-diff,chunkedmul.circom,ChunkedMul,sum[5]:lt[17].in:out[17],Yes
zksolid-paper/benchmarks/ed25519-099d19c/verify,wit-constr-diff,chunkedmul.circom,ChunkedMul,sum[5]:lt[19].in:out[19],Yes
zksolid-paper/benchmarks/ed25519-099d19c/verify,wit-constr-diff,chunkedmul.circom,ChunkedMul,sum[5]:lt[6].in:out[6],Yes
zksolid-paper/benchmarks/ed25519-099d19c/verify,wit-constr-diff,chunkedmul.circom,ChunkedMul,sum[5]:lt[7].in:out[7],Yes
zksolid-paper/benchmarks/ed25519-099d19c/verify,wit-constr-diff,chunkedmul.circom,ChunkedMul,sum[5]:lt[8].in:out[8],Yes
zksolid-paper/benchmarks/ed25519-099d19c/verify,wit-constr-diff,chunkedmul.circom,ChunkedMul,sum[5]:lt[9].in:out[9],Yes
zksolid-paper/benchmarks/ed25519-099d19c/verify,wit-constr-diff,chunkedmul.circom,ChunkedMul,sum[6]:lt[10].in:out[10],Yes
zksolid-paper/benchmarks/ed25519-099d19c/verify,wit-constr-diff,chunkedmul.circom,ChunkedMul,sum[6]:lt[11].in:out[11],Yes
zksolid-paper/benchmarks/ed25519-099d19c/verify,wit-constr-diff,chunkedmul.circom,ChunkedMul,sum[6]:lt[12].in:out[12],Yes
zksolid-paper/benchmarks/ed25519-099d19c/verify,wit-constr-diff,chunkedmul.circom,ChunkedMul,sum[6]:lt[13].in:out[13],Yes
zksolid-paper/benchmarks/ed25519-099d19c/verify,wit-constr-diff,chunkedmul.circom,ChunkedMul,sum[6]:lt[14].in:out[14],Yes
zksolid-paper/benchmarks/ed25519-099d19c/verify,wit-constr-diff,chunkedmul.circom,ChunkedMul,sum[6]:lt[15].in:out[15],Yes
zksolid-paper/benchmarks/ed25519-099d19c/verify,wit-constr-diff,chunkedmul.circom,ChunkedMul,sum[6]:lt[16].in:out[16],Yes
zksolid-paper/benchmarks/ed25519-099d19c/verify,wit-constr-diff,chunkedmul.circom,ChunkedMul,sum[6]:lt[17].in:out[17],Yes
zksolid-paper/benchmarks/ed25519-099d19c/verify,wit-constr-diff,chunkedmul.circom,ChunkedMul,sum[6]:lt[19].in:out[19],Yes
zksolid-paper/benchmarks/ed25519-099d19c/verify,wit-constr-diff,chunkedmul.circom,ChunkedMul,sum[6]:lt[7].in:out[7],Yes
zksolid-paper/benchmarks/ed25519-099d19c/verify,wit-constr-diff,chunkedmul.circom,ChunkedMul,sum[6]:lt[8].in:out[8],Yes
zksolid-paper/benchmarks/ed25519-099d19c/verify,wit-constr-diff,chunkedmul.circom,ChunkedMul,sum[6]:lt[9].in:out[9],Yes
zksolid-paper/benchmarks/ed25519-099d19c/verify,wit-constr-diff,chunkedmul.circom,ChunkedMul,sum[7]:lt[10].in:out[10],Yes
zksolid-paper/benchmarks/ed25519-099d19c/verify,wit-constr-diff,chunkedmul.circom,ChunkedMul,sum[7]:lt[11].in:out[11],Yes
zksolid-paper/benchmarks/ed25519-099d19c/verify,wit-constr-diff,chunkedmul.circom,ChunkedMul,sum[7]:lt[12].in:out[12],Yes
zksolid-paper/benchmarks/ed25519-099d19c/verify,wit-constr-diff,chunkedmul.circom,ChunkedMul,sum[7]:lt[13].in:out[13],Yes
zksolid-paper/benchmarks/ed25519-099d19c/verify,wit-constr-diff,chunkedmul.circom,ChunkedMul,sum[7]:lt[14].in:out[14],Yes
zksolid-paper/benchmarks/ed25519-099d19c/verify,wit-constr-diff,chunkedmul.circom,ChunkedMul,sum[7]:lt[15].in:out[15],Yes
zksolid-paper/benchmarks/ed25519-099d19c/verify,wit-constr-diff,chunkedmul.circom,ChunkedMul,sum[7]:lt[16].in:out[16],Yes
zksolid-paper/benchmarks/ed25519-099d19c/verify,wit-constr-diff,chunkedmul.circom,ChunkedMul,sum[7]:lt[17].in:out[17],Yes
zksolid-paper/benchmarks/ed25519-099d19c/verify,wit-constr-diff,chunkedmul.circom,ChunkedMul,sum[7]:lt[19].in:out[19],Yes
zksolid-paper/benchmarks/ed25519-099d19c/verify,wit-constr-diff,chunkedmul.circom,ChunkedMul,sum[7]:lt[8].in:out[8],Yes
zksolid-paper/benchmarks/ed25519-099d19c/verify,wit-constr-diff,chunkedmul.circom,ChunkedMul,sum[7]:lt[9].in:out[9],Yes
zksolid-paper/benchmarks/ed25519-099d19c/verify,wit-constr-diff,chunkedmul.circom,ChunkedMul,sum[8]:lt[10].in:out[10],Yes
zksolid-paper/benchmarks/ed25519-099d19c/verify,wit-constr-diff,chunkedmul.circom,ChunkedMul,sum[8]:lt[11].in:out[11],Yes
zksolid-paper/benchmarks/ed25519-099d19c/verify,wit-constr-diff,chunkedmul.circom,ChunkedMul,sum[8]:lt[12].in:out[12],Yes
zksolid-paper/benchmarks/ed25519-099d19c/verify,wit-constr-diff,chunkedmul.circom,ChunkedMul,sum[8]:lt[13].in:out[13],Yes
zksolid-paper/benchmarks/ed25519-099d19c/verify,wit-constr-diff,chunkedmul.circom,ChunkedMul,sum[8]:lt[14].in:out[14],Yes
zksolid-paper/benchmarks/ed25519-099d19c/verify,wit-constr-diff,chunkedmul.circom,ChunkedMul,sum[8]:lt[15].in:out[15],Yes
zksolid-paper/benchmarks/ed25519-099d19c/verify,wit-constr-diff,chunkedmul.circom,ChunkedMul,sum[8]:lt[16].in:out[16],Yes
zksolid-paper/benchmarks/ed25519-099d19c/verify,wit-constr-diff,chunkedmul.circom,ChunkedMul,sum[8]:lt[17].in:out[17],Yes
zksolid-paper/benchmarks/ed25519-099d19c/verify,wit-constr-diff,chunkedmul.circom,ChunkedMul,sum[8]:lt[19].in:out[19],Yes
zksolid-paper/benchmarks/ed25519-099d19c/verify,wit-constr-diff,chunkedmul.circom,ChunkedMul,sum[8]:lt[9].in:out[9],Yes
zksolid-paper/benchmarks/ed25519-099d19c/verify,wit-constr-diff,chunkedmul.circom,ChunkedMul,sum[9]:lt[10].in:out[10],Yes
zksolid-paper/benchmarks/ed25519-099d19c/verify,wit-constr-diff,chunkedmul.circom,ChunkedMul,sum[9]:lt[11].in:out[11],Yes
zksolid-paper/benchmarks/ed25519-099d19c/verify,wit-constr-diff,chunkedmul.circom,ChunkedMul,sum[9]:lt[12].in:out[12],Yes
zksolid-paper/benchmarks/ed25519-099d19c/verify,wit-constr-diff,chunkedmul.circom,ChunkedMul,sum[9]:lt[13].in:out[13],Yes
zksolid-paper/benchmarks/ed25519-099d19c/verify,wit-constr-diff,chunkedmul.circom,ChunkedMul,sum[9]:lt[14].in:out[14],Yes
zksolid-paper/benchmarks/ed25519-099d19c/verify,wit-constr-diff,chunkedmul.circom,ChunkedMul,sum[9]:lt[15].in:out[15],Yes
zksolid-paper/benchmarks/ed25519-099d19c/verify,wit-constr-diff,chunkedmul.circom,ChunkedMul,sum[9]:lt[16].in:out[16],Yes
zksolid-paper/benchmarks/ed25519-099d19c/verify,wit-constr-diff,chunkedmul.circom,ChunkedMul,sum[9]:lt[17].in:out[17],Yes
zksolid-paper/benchmarks/ed25519-099d19c/verify,wit-constr-diff,chunkedmul.circom,ChunkedMul,sum[9]:lt[19].in:out[19],Yes
zksolid-paper/benchmarks/ed25519-099d19c/verify,wit-constr-diff,lt.circom,LessThanBounded,in[0]:out,Yes
zksolid-paper/benchmarks/ed25519-099d19c/verify,wit-constr-diff,lt.circom,LessThanBounded,in[1]:out,Yes
zksolid-paper/benchmarks/ed25519-099d19c/verify,wit-constr-diff,lt.circom,LessThanPower,in:out,Yes
zksolid-paper/benchmarks/ed25519-099d19c/verify,wit-constr-diff,pointcompress.circom,PointCompress,mod_x.out[0]:out[255],Yes
zksolid-paper/benchmarks/hermez-network-9a696e3-fixed/test-fee-accumulator,uc-subcmp-outputs,fee-accumulator.circom,FeeAccumulator,chain[15].isSelectedOut,Yes
zksolid-paper/benchmarks/hermez-network-9a696e3-fixed/test-hash-inputs,uc-inputs,shift.circom,ShR,in[0..10],Yes
zksolid-paper/benchmarks/hermez-network-9a696e3-fixed/test-hash-inputs,uc-inputs,shift.circom,ShR,in[0..3],Yes
zksolid-paper/benchmarks/hydra-2010a65/hydra-s1,uc-subcmp-outputs,escalarmulany.circom,EscalarMulAny,segments[1].dbl[0..2],Yes
zksolid-paper/benchmarks/hydra-2010a65/hydra-s1,uc-subcmp-outputs,escalarmulfix.circom,EscalarMulFix,segments[1].dbl[0..2],Yes
zksolid-paper/benchmarks/hydra-2010a65/hydra-s1,zk-divide-by-zero,montgomery.circom,Edwards2Montgomery,in[0..2],Yes
zksolid-paper/benchmarks/hydra-2010a65/hydra-s1,zk-divide-by-zero,montgomery.circom,Montgomery2Edwards,in[0..2],Yes
zksolid-paper/benchmarks/hydra-2010a65/hydra-s1,zk-divide-by-zero,montgomery.circom,MontgomeryAdd,in1[0],Yes
zksolid-paper/benchmarks/hydra-2010a65/hydra-s1,zk-divide-by-zero,montgomery.circom,MontgomeryAdd,in2[0],Yes
zksolid-paper/benchmarks/hydra-2010a65/hydra-s1,zk-divide-by-zero,montgomery.circom,MontgomeryDouble,in[1],Yes
zksolid-paper/benchmarks/hydra-2010a65/verify-hydra-commitment,uc-subcmp-outputs,escalarmulany.circom,EscalarMulAny,segments[1].dbl[0..2],Yes
zksolid-paper/benchmarks/hydra-2010a65/verify-hydra-commitment,uc-subcmp-outputs,escalarmulfix.circom,EscalarMulFix,segments[1].dbl[0..2],Yes
zksolid-paper/benchmarks/hydra-2010a65/verify-hydra-commitment,zk-divide-by-zero,montgomery.circom,Edwards2Montgomery,in[0..2],Yes
zksolid-paper/benchmarks/hydra-2010a65/verify-hydra-commitment,zk-divide-by-zero,montgomery.circom,Montgomery2Edwards,in[0..2],Yes
zksolid-paper/benchmarks/hydra-2010a65/verify-hydra-commitment,zk-divide-by-zero,montgomery.circom,MontgomeryAdd,in1[0],Yes
zksolid-paper/benchmarks/hydra-2010a65/verify-hydra-commitment,zk-divide-by-zero,montgomery.circom,MontgomeryAdd,in2[0],Yes
zksolid-paper/benchmarks/hydra-2010a65/verify-hydra-commitment,zk-divide-by-zero,montgomery.circom,MontgomeryDouble,in[1],Yes
zksolid-paper/benchmarks/iden3-core-56a08f9/utils_getClaimExpiration,uc-inputs,claimUtils.circom,getClaimExpiration,claim[0..4],Yes
zksolid-paper/benchmarks/iden3-core-56a08f9/utils_getClaimExpiration,uc-inputs,claimUtils.circom,getClaimExpiration,claim[5..8],Yes
zksolid-paper/benchmarks/iden3-core-56a08f9/utils_getClaimSubjectOtherIden,uc-inputs,claimUtils.circom,getClaimHeader,claim[1..8],Yes
zksolid-paper/benchmarks/iden3-core-56a08f9/utils_getClaimSubjectOtherIden,uc-inputs,claimUtils.circom,getSubjectLocation,claimFlags[3..32],Yes
zksolid-paper/benchmarks/iden3-core-56a08f9/utils_getClaimSubjectOtherIden,uc-subcmp-outputs,claimUtils.circom,getClaimSubjectOtherIden,header.claimType,Yes
zksolid-paper/benchmarks/iden3-core-56a08f9/utils_getSubjectLocation,uc-inputs,claimUtils.circom,getSubjectLocation,claimFlags[3..32],Yes
zksolid-paper/benchmarks/iden3-core-56a08f9/utils_isExpirable,uc-inputs,claimUtils.circom,isExpirable,claimFlags[0..3],Yes
zksolid-paper/benchmarks/iden3-core-56a08f9/utils_isExpirable,uc-inputs,claimUtils.circom,isExpirable,claimFlags[4..32],Yes
zksolid-paper/benchmarks/iden3-core-56a08f9/utils_isUpdatable,uc-inputs,claimUtils.circom,isUpdatable,claimFlags[0..4],Yes
zksolid-paper/benchmarks/iden3-core-56a08f9/utils_isUpdatable,uc-inputs,claimUtils.circom,isUpdatable,claimFlags[5..32],Yes
zksolid-paper/benchmarks/iden3-core-56a08f9/utils_verifyClaimSignature,uc-subcmp-outputs,claimUtils.circom,verifyClaimSignature,hash.hi,Yes
zksolid-paper/benchmarks/iden3-core-56a08f9/utils_verifyClaimSignature,uc-subcmp-outputs,claimUtils.circom,verifyClaimSignature,hash.hv,Yes
zksolid-paper/benchmarks/iden3-core-56a08f9/utils_verifyClaimSignature,uc-subcmp-outputs,escalarmulany.circom,EscalarMulAny,segments[1].dbl[0..2],Yes
zksolid-paper/benchmarks/iden3-core-56a08f9/utils_verifyClaimSignature,uc-subcmp-outputs,escalarmulfix.circom,EscalarMulFix,segments[1].dbl[0..2],Yes
zksolid-paper/benchmarks/iden3-core-56a08f9/utils_verifyClaimSignature,zk-divide-by-zero,montgomery.circom,Edwards2Montgomery,in[0..2],Yes
zksolid-paper/benchmarks/iden3-core-56a08f9/utils_verifyClaimSignature,zk-divide-by-zero,montgomery.circom,Montgomery2Edwards,in[0..2],Yes
zksolid-paper/benchmarks/iden3-core-56a08f9/utils_verifyClaimSignature,zk-divide-by-zero,montgomery.circom,MontgomeryAdd,in1[0],Yes
zksolid-paper/benchmarks/iden3-core-56a08f9/utils_verifyClaimSignature,zk-divide-by-zero,montgomery.circom,MontgomeryAdd,in2[0],Yes
zksolid-paper/benchmarks/iden3-core-56a08f9/utils_verifyClaimSignature,zk-divide-by-zero,montgomery.circom,MontgomeryDouble,in[1],Yes
zksolid-paper/benchmarks/iden3-core-56a08f9/utils_verifyCredentialSubject,uc-inputs,claimUtils.circom,getClaimHeader,claim[1..8],Yes
zksolid-paper/benchmarks/iden3-core-56a08f9/utils_verifyCredentialSubject,uc-inputs,claimUtils.circom,getSubjectLocation,claimFlags[3..32],Yes
zksolid-paper/benchmarks/iden3-core-56a08f9/utils_verifyCredentialSubject,uc-subcmp-outputs,claimUtils.circom,getClaimSubjectOtherIden,header.claimType,Yes
zksolid-paper/benchmarks/iden3-core-56a08f9/utils_verifyCredentialSubject,uc-subcmp-outputs,claimUtils.circom,verifyCredentialSubject,header.claimFlags[0..32],Yes
zksolid-paper/benchmarks/iden3-core-56a08f9/utils_verifyCredentialSubject,uc-subcmp-outputs,claimUtils.circom,verifyCredentialSubject,header.claimType,Yes
zksolid-paper/benchmarks/iden3-core-56a08f9/utils_verifyExpirationTime,uc-inputs,claimUtils.circom,getClaimExpiration,claim[0..4],Yes
zksolid-paper/benchmarks/iden3-core-56a08f9/utils_verifyExpirationTime,uc-inputs,claimUtils.circom,getClaimExpiration,claim[5..8],Yes
zksolid-paper/benchmarks/iden3-core-56a08f9/utils_verifyExpirationTime,uc-inputs,claimUtils.circom,getClaimHeader,claim[1..8],Yes
zksolid-paper/benchmarks/iden3-core-56a08f9/utils_verifyExpirationTime,uc-subcmp-outputs,claimUtils.circom,verifyExpirationTime,header.claimFlags[0..3],Yes
zksolid-paper/benchmarks/iden3-core-56a08f9/utils_verifyExpirationTime,uc-subcmp-outputs,claimUtils.circom,verifyExpirationTime,header.claimFlags[4..32],Yes
zksolid-paper/benchmarks/iden3-core-56a08f9/utils_verifyExpirationTime,uc-subcmp-outputs,claimUtils.circom,verifyExpirationTime,header.claimType,Yes
zksolid-paper/benchmarks/internal/ArrayXOR@telepathy@n=4,uc-outputs,ArrayXOR@telepathy@n=4.circom,ArrayXOR,out[0..4],Yes
zksolid-paper/benchmarks/internal/ArrayXOR@telepathy@n=4,wit-constr-diff,ArrayXOR@telepathy@n=4.circom,ArrayXOR,a[0]:out[0],Yes
zksolid-paper/benchmarks/internal/ArrayXOR@telepathy@n=4,wit-constr-diff,ArrayXOR@telepathy@n=4.circom,ArrayXOR,a[1]:out[1],Yes
zksolid-paper/benchmarks/internal/ArrayXOR@telepathy@n=4,wit-constr-diff,ArrayXOR@telepathy@n=4.circom,ArrayXOR,a[2]:out[2],Yes
zksolid-paper/benchmarks/internal/ArrayXOR@telepathy@n=4,wit-constr-diff,ArrayXOR@telepathy@n=4.circom,ArrayXOR,a[3]:out[3],Yes
zksolid-paper/benchmarks/internal/ArrayXOR@telepathy@n=4,wit-constr-diff,ArrayXOR@telepathy@n=4.circom,ArrayXOR,b[0]:out[0],Yes
zksolid-paper/benchmarks/internal/ArrayXOR@telepathy@n=4,wit-constr-diff,ArrayXOR@telepathy@n=4.circom,ArrayXOR,b[1]:out[1],Yes
zksolid-paper/benchmarks/internal/ArrayXOR@telepathy@n=4,wit-constr-diff,ArrayXOR@telepathy@n=4.circom,ArrayXOR,b[2]:out[2],Yes
zksolid-paper/benchmarks/internal/ArrayXOR@telepathy@n=4,wit-constr-diff,ArrayXOR@telepathy@n=4.circom,ArrayXOR,b[3]:out[3],Yes
zksolid-paper/benchmarks/internal/Rotate@telepathy,uc-inputs,rotate.circom,Rotate,aggregatePubkeyBigInt[7..14],Yes
zksolid-paper/benchmarks/internal/Rotate@telepathy,uc-inputs,shift.circom,ShR,in[0..10],Yes
zksolid-paper/benchmarks/internal/Rotate@telepathy,uc-inputs,shift.circom,ShR,in[0..3],Yes
zksolid-paper/benchmarks/internal/Rotate@telepathy,uc-inputs,ssz.circom,SSZRestoreMerkleRoot,value[0..64],Yes
zksolid-paper/benchmarks/internal/SSZLayer@telepathy@numBytes=2,uc-inputs,ssz.circom,SSZLayer,in[0..2],Yes
zksolid-paper/benchmarks/internal/SSZLayer@telepathy@numBytes=2,uc-inputs,ssz.circom,SSZLayer,out[0],Yes
zksolid-paper/benchmarks/internal/SSZLayer@telepathy@numBytes=2,uc-outputs,ssz.circom,SSZLayer,out[0],Yes
zksolid-paper/benchmarks/internal/SSZLayer@telepathy@numBytes=64,uc-inputs,shift.circom,ShR,in[0..10],Yes
zksolid-paper/benchmarks/internal/SSZLayer@telepathy@numBytes=64,uc-inputs,shift.circom,ShR,in[0..3],Yes
zksolid-paper/benchmarks/internal/SSZRestoreMerkleRoot@telepathy@depth=2@index=2,uc-inputs,shift.circom,ShR,in[0..10],Yes
zksolid-paper/benchmarks/internal/SSZRestoreMerkleRoot@telepathy@depth=2@index=2,uc-inputs,shift.circom,ShR,in[0..3],Yes
zksolid-paper/benchmarks/internal/SSZRestoreMerkleRoot@telepathy@depth=2@index=2,uc-inputs,ssz.circom,SSZRestoreMerkleRoot,value[0..64],Yes
zksolid-paper/benchmarks/keccak256-circom-af3e898/keccakfRound0_test,uc-inputs,shift.circom,ShR,in[0..19],Yes
zksolid-paper/benchmarks/keccak256-circom-af3e898/keccakfRound0_test,uc-inputs,shift.circom,ShR,in[0..20],Yes
zksolid-paper/benchmarks/keccak256-circom-af3e898/keccakfRound0_test,uc-inputs,shift.circom,ShR,in[0..21],Yes
zksolid-paper/benchmarks/keccak256-circom-af3e898/keccakfRound0_test,uc-inputs,shift.circom,ShR,in[0..23],Yes
zksolid-paper/benchmarks/keccak256-circom-af3e898/keccakfRound0_test,uc-inputs,shift.circom,ShR,in[0..25],Yes
zksolid-paper/benchmarks/keccak256-circom-af3e898/keccakfRound0_test,uc-inputs,shift.circom,ShR,in[0..28],Yes
zksolid-paper/benchmarks/keccak256-circom-af3e898/keccakfRound0_test,uc-inputs,shift.circom,ShR,in[0..2],Yes
zksolid-paper/benchmarks/keccak256-circom-af3e898/keccakfRound0_test,uc-inputs,shift.circom,ShR,in[0..36],Yes
zksolid-paper/benchmarks/keccak256-circom-af3e898/keccakfRound0_test,uc-inputs,shift.circom,ShR,in[0..37],Yes
zksolid-paper/benchmarks/keccak256-circom-af3e898/keccakfRound0_test,uc-inputs,shift.circom,ShR,in[0..39],Yes
zksolid-paper/benchmarks/keccak256-circom-af3e898/keccakfRound0_test,uc-inputs,shift.circom,ShR,in[0..3],Yes
zksolid-paper/benchmarks/keccak256-circom-af3e898/keccakfRound0_test,uc-inputs,shift.circom,ShR,in[0..43],Yes
zksolid-paper/benchmarks/keccak256-circom-af3e898/keccakfRound0_test,uc-inputs,shift.circom,ShR,in[0..44],Yes
zksolid-paper/benchmarks/keccak256-circom-af3e898/keccakfRound0_test,uc-inputs,shift.circom,ShR,in[0..46],Yes
zksolid-paper/benchmarks/keccak256-circom-af3e898/keccakfRound0_test,uc-inputs,shift.circom,ShR,in[0..49],Yes
zksolid-paper/benchmarks/keccak256-circom-af3e898/keccakfRound0_test,uc-inputs,shift.circom,ShR,in[0..50],Yes
zksolid-paper/benchmarks/keccak256-circom-af3e898/keccakfRound0_test,uc-inputs,shift.circom,ShR,in[0..54],Yes
zksolid-paper/benchmarks/keccak256-circom-af3e898/keccakfRound0_test,uc-inputs,shift.circom,ShR,in[0..56],Yes
zksolid-paper/benchmarks/keccak256-circom-af3e898/keccakfRound0_test,uc-inputs,shift.circom,ShR,in[0..58],Yes
zksolid-paper/benchmarks/keccak256-circom-af3e898/keccakfRound0_test,uc-inputs,shift.circom,ShR,in[0..61],Yes
zksolid-paper/benchmarks/keccak256-circom-af3e898/keccakfRound0_test,uc-inputs,shift.circom,ShR,in[0..62],Yes
zksolid-paper/benchmarks/keccak256-circom-af3e898/keccakfRound0_test,uc-inputs,shift.circom,ShR,in[0..63],Yes
zksolid-paper/benchmarks/keccak256-circom-af3e898/keccakfRound0_test,uc-inputs,shift.circom,ShR,in[0..8],Yes
zksolid-paper/benchmarks/keccak256-circom-af3e898/keccakfRound0_test,uc-inputs,shift.circom,ShR,in[0..9],Yes
zksolid-paper/benchmarks/keccak256-circom-af3e898/keccakfRound0_test,uc-inputs,utils.circom,ShL,in[19..64],Yes
zksolid-paper/benchmarks/keccak256-circom-af3e898/keccakfRound0_test,uc-inputs,utils.circom,ShL,in[2..64],Yes
zksolid-paper/benchmarks/keccak256-circom-af3e898/keccakfRound0_test,uc-inputs,utils.circom,ShL,in[20..64],Yes
zksolid-paper/benchmarks/keccak256-circom-af3e898/keccakfRound0_test,uc-inputs,utils.circom,ShL,in[21..64],Yes
zksolid-paper/benchmarks/keccak256-circom-af3e898/keccakfRound0_test,uc-inputs,utils.circom,ShL,in[23..64],Yes
zksolid-paper/benchmarks/keccak256-circom-af3e898/keccakfRound0_test,uc-inputs,utils.circom,ShL,in[25..64],Yes
zksolid-paper/benchmarks/keccak256-circom-af3e898/keccakfRound0_test,uc-inputs,utils.circom,ShL,in[28..64],Yes
zksolid-paper/benchmarks/keccak256-circom-af3e898/keccakfRound0_test,uc-inputs,utils.circom,ShL,in[3..64],Yes
zksolid-paper/benchmarks/keccak256-circom-af3e898/keccakfRound0_test,uc-inputs,utils.circom,ShL,in[36..64],Yes
zksolid-paper/benchmarks/keccak256-circom-af3e898/keccakfRound0_test,uc-inputs,utils.circom,ShL,in[37..64],Yes
zksolid-paper/benchmarks/keccak256-circom-af3e898/keccakfRound0_test,uc-inputs,utils.circom,ShL,in[39..64],Yes
zksolid-paper/benchmarks/keccak256-circom-af3e898/keccakfRound0_test,uc-inputs,utils.circom,ShL,in[43..64],Yes
zksolid-paper/benchmarks/keccak256-circom-af3e898/keccakfRound0_test,uc-inputs,utils.circom,ShL,in[44..64],Yes
zksolid-paper/benchmarks/keccak256-circom-af3e898/keccakfRound0_test,uc-inputs,utils.circom,ShL,in[46..64],Yes
zksolid-paper/benchmarks/keccak256-circom-af3e898/keccakfRound0_test,uc-inputs,utils.circom,ShL,in[49..64],Yes
zksolid-paper/benchmarks/keccak256-circom-af3e898/keccakfRound0_test,uc-inputs,utils.circom,ShL,in[50..64],Yes
zksolid-paper/benchmarks/keccak256-circom-af3e898/keccakfRound0_test,uc-inputs,utils.circom,ShL,in[54..64],Yes
zksolid-paper/benchmarks/keccak256-circom-af3e898/keccakfRound0_test,uc-inputs,utils.circom,ShL,in[56..64],Yes
zksolid-paper/benchmarks/keccak256-circom-af3e898/keccakfRound0_test,uc-inputs,utils.circom,ShL,in[58..64],Yes
zksolid-paper/benchmarks/keccak256-circom-af3e898/keccakfRound0_test,uc-inputs,utils.circom,ShL,in[61..64],Yes
zksolid-paper/benchmarks/keccak256-circom-af3e898/keccakfRound0_test,uc-inputs,utils.circom,ShL,in[62..64],Yes
zksolid-paper/benchmarks/keccak256-circom-af3e898/keccakfRound0_test,uc-inputs,utils.circom,ShL,in[63],Yes
zksolid-paper/benchmarks/keccak256-circom-af3e898/keccakfRound0_test,uc-inputs,utils.circom,ShL,in[8..64],Yes
zksolid-paper/benchmarks/keccak256-circom-af3e898/keccakfRound0_test,uc-inputs,utils.circom,ShL,in[9..64],Yes
zksolid-paper/benchmarks/keccak256-circom-af3e898/keccakfRound20_test,uc-inputs,shift.circom,ShR,in[0..19],Yes
zksolid-paper/benchmarks/keccak256-circom-af3e898/keccakfRound20_test,uc-inputs,shift.circom,ShR,in[0..20],Yes
zksolid-paper/benchmarks/keccak256-circom-af3e898/keccakfRound20_test,uc-inputs,shift.circom,ShR,in[0..21],Yes
zksolid-paper/benchmarks/keccak256-circom-af3e898/keccakfRound20_test,uc-inputs,shift.circom,ShR,in[0..23],Yes
zksolid-paper/benchmarks/keccak256-circom-af3e898/keccakfRound20_test,uc-inputs,shift.circom,ShR,in[0..25],Yes
zksolid-paper/benchmarks/keccak256-circom-af3e898/keccakfRound20_test,uc-inputs,shift.circom,ShR,in[0..28],Yes
zksolid-paper/benchmarks/keccak256-circom-af3e898/keccakfRound20_test,uc-inputs,shift.circom,ShR,in[0..2],Yes
zksolid-paper/benchmarks/keccak256-circom-af3e898/keccakfRound20_test,uc-inputs,shift.circom,ShR,in[0..36],Yes
zksolid-paper/benchmarks/keccak256-circom-af3e898/keccakfRound20_test,uc-inputs,shift.circom,ShR,in[0..37],Yes
zksolid-paper/benchmarks/keccak256-circom-af3e898/keccakfRound20_test,uc-inputs,shift.circom,ShR,in[0..39],Yes
zksolid-paper/benchmarks/keccak256-circom-af3e898/keccakfRound20_test,uc-inputs,shift.circom,ShR,in[0..3],Yes
zksolid-paper/benchmarks/keccak256-circom-af3e898/keccakfRound20_test,uc-inputs,shift.circom,ShR,in[0..43],Yes
zksolid-paper/benchmarks/keccak256-circom-af3e898/keccakfRound20_test,uc-inputs,shift.circom,ShR,in[0..44],Yes
zksolid-paper/benchmarks/keccak256-circom-af3e898/keccakfRound20_test,uc-inputs,shift.circom,ShR,in[0..46],Yes
zksolid-paper/benchmarks/keccak256-circom-af3e898/keccakfRound20_test,uc-inputs,shift.circom,ShR,in[0..49],Yes
zksolid-paper/benchmarks/keccak256-circom-af3e898/keccakfRound20_test,uc-inputs,shift.circom,ShR,in[0..50],Yes
zksolid-paper/benchmarks/keccak256-circom-af3e898/keccakfRound20_test,uc-inputs,shift.circom,ShR,in[0..54],Yes
zksolid-paper/benchmarks/keccak256-circom-af3e898/keccakfRound20_test,uc-inputs,shift.circom,ShR,in[0..56],Yes
zksolid-paper/benchmarks/keccak256-circom-af3e898/keccakfRound20_test,uc-inputs,shift.circom,ShR,in[0..58],Yes
zksolid-paper/benchmarks/keccak256-circom-af3e898/keccakfRound20_test,uc-inputs,shift.circom,ShR,in[0..61],Yes
zksolid-paper/benchmarks/keccak256-circom-af3e898/keccakfRound20_test,uc-inputs,shift.circom,ShR,in[0..62],Yes
zksolid-paper/benchmarks/keccak256-circom-af3e898/keccakfRound20_test,uc-inputs,shift.circom,ShR,in[0..63],Yes
zksolid-paper/benchmarks/keccak256-circom-af3e898/keccakfRound20_test,uc-inputs,shift.circom,ShR,in[0..8],Yes
zksolid-paper/benchmarks/keccak256-circom-af3e898/keccakfRound20_test,uc-inputs,shift.circom,ShR,in[0..9],Yes
zksolid-paper/benchmarks/keccak256-circom-af3e898/keccakfRound20_test,uc-inputs,utils.circom,ShL,in[19..64],Yes
zksolid-paper/benchmarks/keccak256-circom-af3e898/keccakfRound20_test,uc-inputs,utils.circom,ShL,in[2..64],Yes
zksolid-paper/benchmarks/keccak256-circom-af3e898/keccakfRound20_test,uc-inputs,utils.circom,ShL,in[20..64],Yes
zksolid-paper/benchmarks/keccak256-circom-af3e898/keccakfRound20_test,uc-inputs,utils.circom,ShL,in[21..64],Yes
zksolid-paper/benchmarks/keccak256-circom-af3e898/keccakfRound20_test,uc-inputs,utils.circom,ShL,in[23..64],Yes
zksolid-paper/benchmarks/keccak256-circom-af3e898/keccakfRound20_test,uc-inputs,utils.circom,ShL,in[25..64],Yes
zksolid-paper/benchmarks/keccak256-circom-af3e898/keccakfRound20_test,uc-inputs,utils.circom,ShL,in[28..64],Yes
zksolid-paper/benchmarks/keccak256-circom-af3e898/keccakfRound20_test,uc-inputs,utils.circom,ShL,in[3..64],Yes
zksolid-paper/benchmarks/keccak256-circom-af3e898/keccakfRound20_test,uc-inputs,utils.circom,ShL,in[36..64],Yes
zksolid-paper/benchmarks/keccak256-circom-af3e898/keccakfRound20_test,uc-inputs,utils.circom,ShL,in[37..64],Yes
zksolid-paper/benchmarks/keccak256-circom-af3e898/keccakfRound20_test,uc-inputs,utils.circom,ShL,in[39..64],Yes
zksolid-paper/benchmarks/keccak256-circom-af3e898/keccakfRound20_test,uc-inputs,utils.circom,ShL,in[43..64],Yes
zksolid-paper/benchmarks/keccak256-circom-af3e898/keccakfRound20_test,uc-inputs,utils.circom,ShL,in[44..64],Yes
zksolid-paper/benchmarks/keccak256-circom-af3e898/keccakfRound20_test,uc-inputs,utils.circom,ShL,in[46..64],Yes
zksolid-paper/benchmarks/keccak256-circom-af3e898/keccakfRound20_test,uc-inputs,utils.circom,ShL,in[49..64],Yes
zksolid-paper/benchmarks/keccak256-circom-af3e898/keccakfRound20_test,uc-inputs,utils.circom,ShL,in[50..64],Yes
zksolid-paper/benchmarks/keccak256-circom-af3e898/keccakfRound20_test,uc-inputs,utils.circom,ShL,in[54..64],Yes
zksolid-paper/benchmarks/keccak256-circom-af3e898/keccakfRound20_test,uc-inputs,utils.circom,ShL,in[56..64],Yes
zksolid-paper/benchmarks/keccak256-circom-af3e898/keccakfRound20_test,uc-inputs,utils.circom,ShL,in[58..64],Yes
zksolid-paper/benchmarks/keccak256-circom-af3e898/keccakfRound20_test,uc-inputs,utils.circom,ShL,in[61..64],Yes
zksolid-paper/benchmarks/keccak256-circom-af3e898/keccakfRound20_test,uc-inputs,utils.circom,ShL,in[62..64],Yes
zksolid-paper/benchmarks/keccak256-circom-af3e898/keccakfRound20_test,uc-inputs,utils.circom,ShL,in[63],Yes
zksolid-paper/benchmarks/keccak256-circom-af3e898/keccakfRound20_test,uc-inputs,utils.circom,ShL,in[8..64],Yes
zksolid-paper/benchmarks/keccak256-circom-af3e898/keccakfRound20_test,uc-inputs,utils.circom,ShL,in[9..64],Yes
zksolid-paper/benchmarks/keccak256-circom-af3e898/rhopi_test,uc-inputs,shift.circom,ShR,in[0..19],Yes
zksolid-paper/benchmarks/keccak256-circom-af3e898/rhopi_test,uc-inputs,shift.circom,ShR,in[0..20],Yes
zksolid-paper/benchmarks/keccak256-circom-af3e898/rhopi_test,uc-inputs,shift.circom,ShR,in[0..21],Yes
zksolid-paper/benchmarks/keccak256-circom-af3e898/rhopi_test,uc-inputs,shift.circom,ShR,in[0..23],Yes
zksolid-paper/benchmarks/keccak256-circom-af3e898/rhopi_test,uc-inputs,shift.circom,ShR,in[0..25],Yes
zksolid-paper/benchmarks/keccak256-circom-af3e898/rhopi_test,uc-inputs,shift.circom,ShR,in[0..28],Yes
zksolid-paper/benchmarks/keccak256-circom-af3e898/rhopi_test,uc-inputs,shift.circom,ShR,in[0..2],Yes
zksolid-paper/benchmarks/keccak256-circom-af3e898/rhopi_test,uc-inputs,shift.circom,ShR,in[0..36],Yes
zksolid-paper/benchmarks/keccak256-circom-af3e898/rhopi_test,uc-inputs,shift.circom,ShR,in[0..37],Yes
zksolid-paper/benchmarks/keccak256-circom-af3e898/rhopi_test,uc-inputs,shift.circom,ShR,in[0..39],Yes
zksolid-paper/benchmarks/keccak256-circom-af3e898/rhopi_test,uc-inputs,shift.circom,ShR,in[0..3],Yes
zksolid-paper/benchmarks/keccak256-circom-af3e898/rhopi_test,uc-inputs,shift.circom,ShR,in[0..43],Yes
zksolid-paper/benchmarks/keccak256-circom-af3e898/rhopi_test,uc-inputs,shift.circom,ShR,in[0..44],Yes
zksolid-paper/benchmarks/keccak256-circom-af3e898/rhopi_test,uc-inputs,shift.circom,ShR,in[0..46],Yes
zksolid-paper/benchmarks/keccak256-circom-af3e898/rhopi_test,uc-inputs,shift.circom,ShR,in[0..49],Yes
zksolid-paper/benchmarks/keccak256-circom-af3e898/rhopi_test,uc-inputs,shift.circom,ShR,in[0..50],Yes
zksolid-paper/benchmarks/keccak256-circom-af3e898/rhopi_test,uc-inputs,shift.circom,ShR,in[0..54],Yes
zksolid-paper/benchmarks/keccak256-circom-af3e898/rhopi_test,uc-inputs,shift.circom,ShR,in[0..56],Yes
zksolid-paper/benchmarks/keccak256-circom-af3e898/rhopi_test,uc-inputs,shift.circom,ShR,in[0..58],Yes
zksolid-paper/benchmarks/keccak256-circom-af3e898/rhopi_test,uc-inputs,shift.circom,ShR,in[0..61],Yes
zksolid-paper/benchmarks/keccak256-circom-af3e898/rhopi_test,uc-inputs,shift.circom,ShR,in[0..62],Yes
zksolid-paper/benchmarks/keccak256-circom-af3e898/rhopi_test,uc-inputs,shift.circom,ShR,in[0..63],Yes
zksolid-paper/benchmarks/keccak256-circom-af3e898/rhopi_test,uc-inputs,shift.circom,ShR,in[0..8],Yes
zksolid-paper/benchmarks/keccak256-circom-af3e898/rhopi_test,uc-inputs,shift.circom,ShR,in[0..9],Yes
zksolid-paper/benchmarks/keccak256-circom-af3e898/rhopi_test,uc-inputs,utils.circom,ShL,in[19..64],Yes
zksolid-paper/benchmarks/keccak256-circom-af3e898/rhopi_test,uc-inputs,utils.circom,ShL,in[2..64],Yes
zksolid-paper/benchmarks/keccak256-circom-af3e898/rhopi_test,uc-inputs,utils.circom,ShL,in[20..64],Yes
zksolid-paper/benchmarks/keccak256-circom-af3e898/rhopi_test,uc-inputs,utils.circom,ShL,in[21..64],Yes
zksolid-paper/benchmarks/keccak256-circom-af3e898/rhopi_test,uc-inputs,utils.circom,ShL,in[23..64],Yes
zksolid-paper/benchmarks/keccak256-circom-af3e898/rhopi_test,uc-inputs,utils.circom,ShL,in[25..64],Yes
zksolid-paper/benchmarks/keccak256-circom-af3e898/rhopi_test,uc-inputs,utils.circom,ShL,in[28..64],Yes
zksolid-paper/benchmarks/keccak256-circom-af3e898/rhopi_test,uc-inputs,utils.circom,ShL,in[3..64],Yes
zksolid-paper/benchmarks/keccak256-circom-af3e898/rhopi_test,uc-inputs,utils.circom,ShL,in[36..64],Yes
zksolid-paper/benchmarks/keccak256-circom-af3e898/rhopi_test,uc-inputs,utils.circom,ShL,in[37..64],Yes
zksolid-paper/benchmarks/keccak256-circom-af3e898/rhopi_test,uc-inputs,utils.circom,ShL,in[39..64],Yes
zksolid-paper/benchmarks/keccak256-circom-af3e898/rhopi_test,uc-inputs,utils.circom,ShL,in[43..64],Yes
zksolid-paper/benchmarks/keccak256-circom-af3e898/rhopi_test,uc-inputs,utils.circom,ShL,in[44..64],Yes
zksolid-paper/benchmarks/keccak256-circom-af3e898/rhopi_test,uc-inputs,utils.circom,ShL,in[46..64],Yes
zksolid-paper/benchmarks/keccak256-circom-af3e898/rhopi_test,uc-inputs,utils.circom,ShL,in[49..64],Yes
zksolid-paper/benchmarks/keccak256-circom-af3e898/rhopi_test,uc-inputs,utils.circom,ShL,in[50..64],Yes
zksolid-paper/benchmarks/keccak256-circom-af3e898/rhopi_test,uc-inputs,utils.circom,ShL,in[54..64],Yes
zksolid-paper/benchmarks/keccak256-circom-af3e898/rhopi_test,uc-inputs,utils.circom,ShL,in[56..64],Yes
zksolid-paper/benchmarks/keccak256-circom-af3e898/rhopi_test,uc-inputs,utils.circom,ShL,in[58..64],Yes
zksolid-paper/benchmarks/keccak256-circom-af3e898/rhopi_test,uc-inputs,utils.circom,ShL,in[61..64],Yes
zksolid-paper/benchmarks/keccak256-circom-af3e898/rhopi_test,uc-inputs,utils.circom,ShL,in[62..64],Yes
zksolid-paper/benchmarks/keccak256-circom-af3e898/rhopi_test,uc-inputs,utils.circom,ShL,in[63],Yes
zksolid-paper/benchmarks/keccak256-circom-af3e898/rhopi_test,uc-inputs,utils.circom,ShL,in[8..64],Yes
zksolid-paper/benchmarks/keccak256-circom-af3e898/rhopi_test,uc-inputs,utils.circom,ShL,in[9..64],Yes
zksolid-paper/benchmarks/keccak256-circom-af3e898/theta_test,uc-inputs,shift.circom,ShR,in[0..63],Yes
zksolid-paper/benchmarks/keccak256-circom-af3e898/theta_test,uc-inputs,utils.circom,ShL,in[63],Yes
zksolid-paper/benchmarks/knownbugs/BigModOld@circom-pairing@n=8@k=2,uc-subcmp-outputs,BigModOld@circom-pairing@n=8@k=2.circom,BigModOld,add.out[6],Yes
zksolid-paper/benchmarks/knownbugs/BigModOld@circom-pairing@n=8@k=2,uc-subcmp-outputs,bigint.circom,BigLessThan,eq_ands[0].out,Yes
zksolid-paper/benchmarks/knownbugs/Decoder@multiplexer,non-det-wit,multiplexer.circom,Decoder,inp,Yes
zksolid-paper/benchmarks/knownbugs/DivZero@circomspect,zk-divide-by-zero,DivZero@circomspect.circom,DivZero,b,Yes
zksolid-paper/benchmarks/knownbugs/ProcessMessages@MACI@msgBits=64,uc-subcmp-inputs,ProcessMessages@MACI@msgBits=64.circom,ProcessMessages,hash.in,Yes
zksolid-paper/benchmarks/knownbugs/ProcessMessages@MACI@msgBits=64,wit-constr-diff,ProcessMessages@MACI@msgBits=64.circom,ProcessMessages,msg:hash.in,Yes
zksolid-paper/benchmarks/knownbugs/SingleAssignment0@inspire,wit-constr-diff,SingleAssignment0@inspire.circom,SingleAssignment0,a:out,Yes
zksolid-paper/benchmarks/knownbugs/UnconstrainedOutput@inspire,uc-outputs,UnconstrainedOutput@inspire.circom,UnconstrainedOutput,out,Yes
zksolid-paper/benchmarks/knownbugs/UnconstrainedOutput@inspire,wit-constr-diff,UnconstrainedOutput@inspire.circom,UnconstrainedOutput,in:out,Yes
zksolid-paper/benchmarks/knownbugs/UnusedCompOutput@inspire,uc-subcmp-outputs,UnusedCompOutput@inspire.circom,UnusedCompOutput,inc.out,Yes
zksolid-paper/benchmarks/knownbugs/UnusedPubInput@EF,uc-inputs,UnusedPubInput@EF.circom,UnusedPubInput,inThr,Yes
zksolid-paper/benchmarks/maci-9b1b1a6-fixed/batchUpdateStateTree_32,uc-subcmp-outputs,ecdh.circom,Ecdh,mulFix.out[1],Yes
zksolid-paper/benchmarks/maci-9b1b1a6-fixed/batchUpdateStateTree_32,uc-subcmp-outputs,escalarmulany.circom,EscalarMulAny,segments[1].dbl[0..2],Yes
zksolid-paper/benchmarks/maci-9b1b1a6-fixed/batchUpdateStateTree_32,uc-subcmp-outputs,escalarmulfix.circom,EscalarMulFix,segments[1].dbl[0..2],Yes
zksolid-paper/benchmarks/maci-9b1b1a6-fixed/batchUpdateStateTree_32,zk-divide-by-zero,montgomery.circom,Edwards2Montgomery,in[0..2],Yes
zksolid-paper/benchmarks/maci-9b1b1a6-fixed/batchUpdateStateTree_32,zk-divide-by-zero,montgomery.circom,Montgomery2Edwards,in[0..2],Yes
zksolid-paper/benchmarks/maci-9b1b1a6-fixed/batchUpdateStateTree_32,zk-divide-by-zero,montgomery.circom,MontgomeryAdd,in1[0],Yes
zksolid-paper/benchmarks/maci-9b1b1a6-fixed/batchUpdateStateTree_32,zk-divide-by-zero,montgomery.circom,MontgomeryAdd,in2[0],Yes
zksolid-paper/benchmarks/maci-9b1b1a6-fixed/batchUpdateStateTree_32,zk-divide-by-zero,montgomery.circom,MontgomeryDouble,in[1],Yes
zksolid-paper/benchmarks/maci-9b1b1a6-fixed/batchUpdateStateTree_32_batch16,uc-subcmp-outputs,ecdh.circom,Ecdh,mulFix.out[1],Yes
zksolid-paper/benchmarks/maci-9b1b1a6-fixed/batchUpdateStateTree_32_batch16,uc-subcmp-outputs,escalarmulany.circom,EscalarMulAny,segments[1].dbl[0..2],Yes
zksolid-paper/benchmarks/maci-9b1b1a6-fixed/batchUpdateStateTree_32_batch16,uc-subcmp-outputs,escalarmulfix.circom,EscalarMulFix,segments[1].dbl[0..2],Yes
zksolid-paper/benchmarks/maci-9b1b1a6-fixed/batchUpdateStateTree_32_batch16,zk-divide-by-zero,montgomery.circom,Edwards2Montgomery,in[0..2],Yes
zksolid-paper/benchmarks/maci-9b1b1a6-fixed/batchUpdateStateTree_32_batch16,zk-divide-by-zero,montgomery.circom,Montgomery2Edwards,in[0..2],Yes
zksolid-paper/benchmarks/maci-9b1b1a6-fixed/batchUpdateStateTree_32_batch16,zk-divide-by-zero,montgomery.circom,MontgomeryAdd,in1[0],Yes
zksolid-paper/benchmarks/maci-9b1b1a6-fixed/batchUpdateStateTree_32_batch16,zk-divide-by-zero,montgomery.circom,MontgomeryAdd,in2[0],Yes
zksolid-paper/benchmarks/maci-9b1b1a6-fixed/batchUpdateStateTree_32_batch16,zk-divide-by-zero,montgomery.circom,MontgomeryDouble,in[1],Yes
zksolid-paper/benchmarks/maci-9b1b1a6-fixed/batchUpdateStateTree_32_batch256,uc-subcmp-outputs,ecdh.circom,Ecdh,mulFix.out[1],Yes
zksolid-paper/benchmarks/maci-9b1b1a6-fixed/batchUpdateStateTree_32_batch256,uc-subcmp-outputs,escalarmulany.circom,EscalarMulAny,segments[1].dbl[0..2],Yes
zksolid-paper/benchmarks/maci-9b1b1a6-fixed/batchUpdateStateTree_32_batch256,uc-subcmp-outputs,escalarmulfix.circom,EscalarMulFix,segments[1].dbl[0..2],Yes
zksolid-paper/benchmarks/maci-9b1b1a6-fixed/batchUpdateStateTree_32_batch256,zk-divide-by-zero,montgomery.circom,Edwards2Montgomery,in[0..2],Yes
zksolid-paper/benchmarks/maci-9b1b1a6-fixed/batchUpdateStateTree_32_batch256,zk-divide-by-zero,montgomery.circom,Montgomery2Edwards,in[0..2],Yes
zksolid-paper/benchmarks/maci-9b1b1a6-fixed/batchUpdateStateTree_32_batch256,zk-divide-by-zero,montgomery.circom,MontgomeryAdd,in1[0],Yes
zksolid-paper/benchmarks/maci-9b1b1a6-fixed/batchUpdateStateTree_32_batch256,zk-divide-by-zero,montgomery.circom,MontgomeryAdd,in2[0],Yes
zksolid-paper/benchmarks/maci-9b1b1a6-fixed/batchUpdateStateTree_32_batch256,zk-divide-by-zero,montgomery.circom,MontgomeryDouble,in[1],Yes
zksolid-paper/benchmarks/maci-9b1b1a6-fixed/batchUpdateStateTree_large,uc-subcmp-outputs,ecdh.circom,Ecdh,mulFix.out[1],Yes
zksolid-paper/benchmarks/maci-9b1b1a6-fixed/batchUpdateStateTree_large,uc-subcmp-outputs,escalarmulany.circom,EscalarMulAny,segments[1].dbl[0..2],Yes
zksolid-paper/benchmarks/maci-9b1b1a6-fixed/batchUpdateStateTree_large,uc-subcmp-outputs,escalarmulfix.circom,EscalarMulFix,segments[1].dbl[0..2],Yes
zksolid-paper/benchmarks/maci-9b1b1a6-fixed/batchUpdateStateTree_large,zk-divide-by-zero,montgomery.circom,Edwards2Montgomery,in[0..2],Yes
zksolid-paper/benchmarks/maci-9b1b1a6-fixed/batchUpdateStateTree_large,zk-divide-by-zero,montgomery.circom,Montgomery2Edwards,in[0..2],Yes
zksolid-paper/benchmarks/maci-9b1b1a6-fixed/batchUpdateStateTree_large,zk-divide-by-zero,montgomery.circom,MontgomeryAdd,in1[0],Yes
zksolid-paper/benchmarks/maci-9b1b1a6-fixed/batchUpdateStateTree_large,zk-divide-by-zero,montgomery.circom,MontgomeryAdd,in2[0],Yes
zksolid-paper/benchmarks/maci-9b1b1a6-fixed/batchUpdateStateTree_large,zk-divide-by-zero,montgomery.circom,MontgomeryDouble,in[1],Yes
zksolid-paper/benchmarks/maci-9b1b1a6-fixed/batchUpdateStateTree_medium,uc-subcmp-outputs,ecdh.circom,Ecdh,mulFix.out[1],Yes
zksolid-paper/benchmarks/maci-9b1b1a6-fixed/batchUpdateStateTree_medium,uc-subcmp-outputs,escalarmulany.circom,EscalarMulAny,segments[1].dbl[0..2],Yes
zksolid-paper/benchmarks/maci-9b1b1a6-fixed/batchUpdateStateTree_medium,uc-subcmp-outputs,escalarmulfix.circom,EscalarMulFix,segments[1].dbl[0..2],Yes
zksolid-paper/benchmarks/maci-9b1b1a6-fixed/batchUpdateStateTree_medium,zk-divide-by-zero,montgomery.circom,Edwards2Montgomery,in[0..2],Yes
zksolid-paper/benchmarks/maci-9b1b1a6-fixed/batchUpdateStateTree_medium,zk-divide-by-zero,montgomery.circom,Montgomery2Edwards,in[0..2],Yes
zksolid-paper/benchmarks/maci-9b1b1a6-fixed/batchUpdateStateTree_medium,zk-divide-by-zero,montgomery.circom,MontgomeryAdd,in1[0],Yes
zksolid-paper/benchmarks/maci-9b1b1a6-fixed/batchUpdateStateTree_medium,zk-divide-by-zero,montgomery.circom,MontgomeryAdd,in2[0],Yes
zksolid-paper/benchmarks/maci-9b1b1a6-fixed/batchUpdateStateTree_medium,zk-divide-by-zero,montgomery.circom,MontgomeryDouble,in[1],Yes
zksolid-paper/benchmarks/maci-9b1b1a6-fixed/batchUpdateStateTree_small,uc-subcmp-outputs,ecdh.circom,Ecdh,mulFix.out[1],Yes
zksolid-paper/benchmarks/maci-9b1b1a6-fixed/batchUpdateStateTree_small,uc-subcmp-outputs,escalarmulany.circom,EscalarMulAny,segments[1].dbl[0..2],Yes
zksolid-paper/benchmarks/maci-9b1b1a6-fixed/batchUpdateStateTree_small,uc-subcmp-outputs,escalarmulfix.circom,EscalarMulFix,segments[1].dbl[0..2],Yes
zksolid-paper/benchmarks/maci-9b1b1a6-fixed/batchUpdateStateTree_small,zk-divide-by-zero,montgomery.circom,Edwards2Montgomery,in[0..2],Yes
zksolid-paper/benchmarks/maci-9b1b1a6-fixed/batchUpdateStateTree_small,zk-divide-by-zero,montgomery.circom,Montgomery2Edwards,in[0..2],Yes
zksolid-paper/benchmarks/maci-9b1b1a6-fixed/batchUpdateStateTree_small,zk-divide-by-zero,montgomery.circom,MontgomeryAdd,in1[0],Yes
zksolid-paper/benchmarks/maci-9b1b1a6-fixed/batchUpdateStateTree_small,zk-divide-by-zero,montgomery.circom,MontgomeryAdd,in2[0],Yes
zksolid-paper/benchmarks/maci-9b1b1a6-fixed/batchUpdateStateTree_small,zk-divide-by-zero,montgomery.circom,MontgomeryDouble,in[1],Yes
zksolid-paper/benchmarks/maci-9b1b1a6-fixed/batchUpdateStateTree_test,uc-subcmp-outputs,ecdh.circom,Ecdh,mulFix.out[1],Yes
zksolid-paper/benchmarks/maci-9b1b1a6-fixed/batchUpdateStateTree_test,uc-subcmp-outputs,escalarmulany.circom,EscalarMulAny,segments[1].dbl[0..2],Yes
zksolid-paper/benchmarks/maci-9b1b1a6-fixed/batchUpdateStateTree_test,uc-subcmp-outputs,escalarmulfix.circom,EscalarMulFix,segments[1].dbl[0..2],Yes
zksolid-paper/benchmarks/maci-9b1b1a6-fixed/batchUpdateStateTree_test,zk-divide-by-zero,montgomery.circom,Edwards2Montgomery,in[0..2],Yes
zksolid-paper/benchmarks/maci-9b1b1a6-fixed/batchUpdateStateTree_test,zk-divide-by-zero,montgomery.circom,Montgomery2Edwards,in[0..2],Yes
zksolid-paper/benchmarks/maci-9b1b1a6-fixed/batchUpdateStateTree_test,zk-divide-by-zero,montgomery.circom,MontgomeryAdd,in1[0],Yes
zksolid-paper/benchmarks/maci-9b1b1a6-fixed/batchUpdateStateTree_test,zk-divide-by-zero,montgomery.circom,MontgomeryAdd,in2[0],Yes
zksolid-paper/benchmarks/maci-9b1b1a6-fixed/batchUpdateStateTree_test,zk-divide-by-zero,montgomery.circom,MontgomeryDouble,in[1],Yes
zksolid-paper/benchmarks/maci-9b1b1a6-fixed/ecdh_test,uc-subcmp-outputs,ecdh.circom,Ecdh,mulFix.out[1],Yes
zksolid-paper/benchmarks/maci-9b1b1a6-fixed/ecdh_test,uc-subcmp-outputs,escalarmulany.circom,EscalarMulAny,segments[1].dbl[0..2],Yes
zksolid-paper/benchmarks/maci-9b1b1a6-fixed/ecdh_test,zk-divide-by-zero,montgomery.circom,Edwards2Montgomery,in[0..2],Yes
zksolid-paper/benchmarks/maci-9b1b1a6-fixed/ecdh_test,zk-divide-by-zero,montgomery.circom,Montgomery2Edwards,in[0..2],Yes
zksolid-paper/benchmarks/maci-9b1b1a6-fixed/ecdh_test,zk-divide-by-zero,montgomery.circom,MontgomeryAdd,in1[0],Yes
zksolid-paper/benchmarks/maci-9b1b1a6-fixed/ecdh_test,zk-divide-by-zero,montgomery.circom,MontgomeryAdd,in2[0],Yes
zksolid-paper/benchmarks/maci-9b1b1a6-fixed/ecdh_test,zk-divide-by-zero,montgomery.circom,MontgomeryDouble,in[1],Yes
zksolid-paper/benchmarks/maci-9b1b1a6-fixed/performChecksBeforeUpdate_test,uc-subcmp-outputs,ecdh.circom,Ecdh,mulFix.out[1],Yes
zksolid-paper/benchmarks/maci-9b1b1a6-fixed/performChecksBeforeUpdate_test,uc-subcmp-outputs,escalarmulany.circom,EscalarMulAny,segments[1].dbl[0..2],Yes
zksolid-paper/benchmarks/maci-9b1b1a6-fixed/performChecksBeforeUpdate_test,uc-subcmp-outputs,escalarmulfix.circom,EscalarMulFix,segments[1].dbl[0..2],Yes
zksolid-paper/benchmarks/maci-9b1b1a6-fixed/performChecksBeforeUpdate_test,zk-divide-by-zero,montgomery.circom,Edwards2Montgomery,in[0..2],Yes
zksolid-paper/benchmarks/maci-9b1b1a6-fixed/performChecksBeforeUpdate_test,zk-divide-by-zero,montgomery.circom,Montgomery2Edwards,in[0..2],Yes
zksolid-paper/benchmarks/maci-9b1b1a6-fixed/performChecksBeforeUpdate_test,zk-divide-by-zero,montgomery.circom,MontgomeryAdd,in1[0],Yes
zksolid-paper/benchmarks/maci-9b1b1a6-fixed/performChecksBeforeUpdate_test,zk-divide-by-zero,montgomery.circom,MontgomeryAdd,in2[0],Yes
zksolid-paper/benchmarks/maci-9b1b1a6-fixed/performChecksBeforeUpdate_test,zk-divide-by-zero,montgomery.circom,MontgomeryDouble,in[1],Yes
zksolid-paper/benchmarks/maci-9b1b1a6-fixed/publicKey_test,uc-subcmp-outputs,escalarmulfix.circom,EscalarMulFix,segments[1].dbl[0..2],Yes
zksolid-paper/benchmarks/maci-9b1b1a6-fixed/publicKey_test,zk-divide-by-zero,montgomery.circom,Edwards2Montgomery,in[0..2],Yes
zksolid-paper/benchmarks/maci-9b1b1a6-fixed/publicKey_test,zk-divide-by-zero,montgomery.circom,Montgomery2Edwards,in[0..2],Yes
zksolid-paper/benchmarks/maci-9b1b1a6-fixed/publicKey_test,zk-divide-by-zero,montgomery.circom,MontgomeryAdd,in1[0],Yes
zksolid-paper/benchmarks/maci-9b1b1a6-fixed/publicKey_test,zk-divide-by-zero,montgomery.circom,MontgomeryAdd,in2[0],Yes
zksolid-paper/benchmarks/maci-9b1b1a6-fixed/publicKey_test,zk-divide-by-zero,montgomery.circom,MontgomeryDouble,in[1],Yes
zksolid-paper/benchmarks/maci-9b1b1a6-fixed/quadVoteTally_32,uc-subcmp-outputs,quadVoteTally.circom,QuadVoteTally,voteOptionRootChecker[0].root,Yes
zksolid-paper/benchmarks/maci-9b1b1a6-fixed/quadVoteTally_32_batch16,uc-subcmp-outputs,quadVoteTally.circom,QuadVoteTally,voteOptionRootChecker[0].root,Yes
zksolid-paper/benchmarks/maci-9b1b1a6-fixed/quadVoteTally_large,uc-subcmp-outputs,quadVoteTally.circom,QuadVoteTally,voteOptionRootChecker[0].root,Yes
zksolid-paper/benchmarks/maci-9b1b1a6-fixed/quadVoteTally_medium,uc-subcmp-outputs,quadVoteTally.circom,QuadVoteTally,voteOptionRootChecker[0].root,Yes
zksolid-paper/benchmarks/maci-9b1b1a6-fixed/quadVoteTally_small,uc-subcmp-outputs,quadVoteTally.circom,QuadVoteTally,voteOptionRootChecker[0].root,Yes
zksolid-paper/benchmarks/maci-9b1b1a6-fixed/quadVoteTally_test,uc-subcmp-outputs,quadVoteTally.circom,QuadVoteTally,voteOptionRootChecker[0].root,Yes
zksolid-paper/benchmarks/maci-9b1b1a6-fixed/updateStateTree_test,uc-subcmp-outputs,ecdh.circom,Ecdh,mulFix.out[1],Yes
zksolid-paper/benchmarks/maci-9b1b1a6-fixed/updateStateTree_test,uc-subcmp-outputs,escalarmulany.circom,EscalarMulAny,segments[1].dbl[0..2],Yes
zksolid-paper/benchmarks/maci-9b1b1a6-fixed/updateStateTree_test,uc-subcmp-outputs,escalarmulfix.circom,EscalarMulFix,segments[1].dbl[0..2],Yes
zksolid-paper/benchmarks/maci-9b1b1a6-fixed/updateStateTree_test,zk-divide-by-zero,montgomery.circom,Edwards2Montgomery,in[0..2],Yes
zksolid-paper/benchmarks/maci-9b1b1a6-fixed/updateStateTree_test,zk-divide-by-zero,montgomery.circom,Montgomery2Edwards,in[0..2],Yes
zksolid-paper/benchmarks/maci-9b1b1a6-fixed/updateStateTree_test,zk-divide-by-zero,montgomery.circom,MontgomeryAdd,in1[0],Yes
zksolid-paper/benchmarks/maci-9b1b1a6-fixed/updateStateTree_test,zk-divide-by-zero,montgomery.circom,MontgomeryAdd,in2[0],Yes
zksolid-paper/benchmarks/maci-9b1b1a6-fixed/updateStateTree_test,zk-divide-by-zero,montgomery.circom,MontgomeryDouble,in[1],Yes
zksolid-paper/benchmarks/maci-9b1b1a6-fixed/verifySignature_test,uc-subcmp-outputs,escalarmulany.circom,EscalarMulAny,segments[1].dbl[0..2],Yes
zksolid-paper/benchmarks/maci-9b1b1a6-fixed/verifySignature_test,uc-subcmp-outputs,escalarmulfix.circom,EscalarMulFix,segments[1].dbl[0..2],Yes
zksolid-paper/benchmarks/maci-9b1b1a6-fixed/verifySignature_test,zk-divide-by-zero,montgomery.circom,Edwards2Montgomery,in[0..2],Yes
zksolid-paper/benchmarks/maci-9b1b1a6-fixed/verifySignature_test,zk-divide-by-zero,montgomery.circom,Montgomery2Edwards,in[0..2],Yes
zksolid-paper/benchmarks/maci-9b1b1a6-fixed/verifySignature_test,zk-divide-by-zero,montgomery.circom,MontgomeryAdd,in1[0],Yes
zksolid-paper/benchmarks/maci-9b1b1a6-fixed/verifySignature_test,zk-divide-by-zero,montgomery.circom,MontgomeryAdd,in2[0],Yes
zksolid-paper/benchmarks/maci-9b1b1a6-fixed/verifySignature_test,zk-divide-by-zero,montgomery.circom,MontgomeryDouble,in[1],Yes
zksolid-paper/benchmarks/zk-group-sigs-1337689-fixed/sign,uc-subcmp-inputs,sign.circom,Main,is_hash_present[0].a,Yes
zksolid-paper/benchmarks/zk-group-sigs-1337689-fixed/sign,uc-subcmp-inputs,sign.circom,Main,is_hash_present[0].b,Yes
zksolid-paper/benchmarks/zk-group-sigs-1337689-fixed/sign,uc-subcmp-outputs,sign.circom,Main,is_hash_present[0].out,Yes
